reset_id,frame,root_z,root_lin_vel_x,root_lin_vel_y,root_lin_vel_z,root_lin_vel_norm,root_ang_vel_x,root_ang_vel_y,root_ang_vel_z,root_ang_vel_norm,left_foot_z,right_foot_z,left_foot_vz,right_foot_vz,max_dof_vel,max_torque,max_contact_force,max_contact_body,foot_contact_l,foot_contact_r,projected_g_z,before_sim_vz,before_sim_lin_vel_norm,before_sim_ang_vel_norm,before_sim_dof_vel_max
0,0,0.3741503655910492,-0.29404008388519287,-0.31633731722831726,0.3737514913082123,0.571155846118927,0.21898600459098816,0.33198806643486023,-0.17010021209716797,0.4325563907623291,-0.004396157339215279,-0.004416691139340401,0.33202648162841797,0.26778554916381836,7.516936779022217,0.0,1054.475341796875,6,1054.475341796875,974.091796875,-0.9999997615814209,-0.217558354139328,0.3993685841560364,0.06742511689662933,0.0
0,1,0.3779509365558624,-0.17197099328041077,-0.31605929136276245,0.918422281742096,0.9863908886909485,0.25841259956359863,-0.24697649478912354,0.4436189830303192,0.5697124600410461,-0.0003459770232439041,-0.0005227848887443542,0.9479519724845886,0.9252761006355286,6.907353401184082,0.0,969.27490234375,12,958.095947265625,969.27490234375,-0.9999997615814209,,,,
1,0,0.37411513924598694,-0.3361794054508209,-0.3046875596046448,0.3259558379650116,0.5586575865745544,0.028052203357219696,0.1778949350118637,-0.40845221281051636,0.44639304280281067,-0.004442373290657997,-0.004444494843482971,0.25453877449035645,0.2279767394065857,7.857972145080566,0.0,1100.9967041015625,6,1100.9967041015625,1001.4598999023438,-0.9999997615814209,-0.2897619605064392,0.4445183575153351,0.35239413380622864,0.0
1,1,0.37783387303352356,-0.17616520822048187,-0.30641669034957886,0.9073430895805359,0.9737539887428284,0.29042744636535645,-0.5680304169654846,0.29614436626434326,0.7033549547195435,-0.0004777573049068451,-0.000616392120718956,0.946687638759613,0.923099160194397,7.329655170440674,0.0,1037.020751953125,6,1037.020751953125,1015.080810546875,-0.9999997615814209,,,,
2,0,0.37414485216140747,0.23084880411624908,0.20480579137802124,0.4826311767101288,0.5728607177734375,0.2911956012248993,-0.21407896280288696,0.0774448961019516,0.36962467432022095,-0.004378005862236023,-0.004407312721014023,0.4617033302783966,0.3909479081630707,4.978420734405518,0.0,953.0858154296875,6,953.0858154296875,882.339599609375,-0.9999997615814209,-0.04667180776596069,0.30507978796958923,0.2529752850532532,0.0
2,1,0.37815630435943604,0.3034060299396515,0.22137658298015594,0.9444538950920105,1.0163935422897339,0.12239100784063339,-0.5858837962150574,0.34680163860321045,0.6917446851730347,-0.0001552179455757141,-0.0003473013639450073,0.9536957144737244,0.940176784992218,5.977532386779785,0.0,847.8993530273438,12,800.1702270507812,847.8993530273438,-0.9999997615814209,,,,
3,0,0.37408575415611267,0.09398309141397476,0.15321673452854156,0.393245130777359,0.43237707018852234,0.409617155790329,0.07932434231042862,-0.5502752065658569,0.6905659437179565,-0.0044432468712329865,-0.004493748769164085,0.36959871649742126,0.2761888802051544,5.261093616485596,0.0,1049.84912109375,6,1049.84912109375,992.8040771484375,-0.9999997615814209,-0.20253685116767883,0.28357169032096863,0.27882620692253113,0.0
3,1,0.377945214509964,0.20386335253715515,0.1698388010263443,0.9306804537773132,0.967766284942627,0.18859714269638062,-0.45220136642456055,-0.1565692126750946,0.5143625736236572,-0.00034209154546260834,-0.000589350238442421,0.9485930800437927,0.9286613464355469,6.752590179443359,0.0,978.6314697265625,12,919.2283935546875,978.6314697265625,-0.9999997615814209,,,,
4,0,0.3742820918560028,-0.036043670028448105,-0.05371031165122986,0.6205839514732361,0.6239458322525024,0.007937041111290455,-0.2695969045162201,0.15976229310035706,0.31347963213920593,-0.004236437380313873,-0.004270872101187706,0.598629355430603,0.5959847569465637,2.7803571224212646,0.0,815.3494873046875,6,815.3494873046875,768.7950439453125,-0.9999997615814209,0.17278388142585754,0.18223948776721954,0.2990856468677521,0.0
4,1,0.37853240966796875,-0.018907669931650162,-0.057158105075359344,0.9644688367843628,0.9663460850715637,0.056884851306676865,-0.3887121379375458,0.2207711637020111,0.4506361186504364,0.00014770589768886566,4.032067954540253e-05,0.9640339612960815,0.9548515677452087,4.954120635986328,0.0,633.0316162109375,6,633.0316162109375,625.1995849609375,-0.9999997615814209,,,,
5,0,0.3740995228290558,-0.008065485395491123,0.010079205967485905,0.3806721568107605,0.38089099526405334,0.5313317775726318,0.2977848947048187,-0.28175124526023865,0.6710984110832214,-0.004430841654539108,-0.004490543156862259,0.36918941140174866,0.2457970529794693,5.811931610107422,0.0,1049.033203125,6,1049.033203125,1000.1883544921875,-0.9999997615814209,-0.21740934252738953,0.2230445295572281,0.3252400755882263,0.0
5,1,0.3779377043247223,0.10506456345319748,0.026472195982933044,0.9282163977622986,0.934518575668335,0.2258741557598114,-0.2506645917892456,0.2287459671497345,0.40764763951301575,-0.0003401767462491989,-0.0006159339100122452,0.9480164647102356,0.9261041879653931,6.814373016357422,0.0,1003.2677001953125,12,928.3072509765625,1003.2677001953125,-0.9999997615814209,,,,
6,0,0.3742048442363739,-0.24064473807811737,-0.05041484907269478,0.520022451877594,0.5752173066139221,0.3699115216732025,0.14404389262199402,-0.13574504852294922,0.4195353388786316,-0.00432727113366127,-0.004364825785160065,0.5285643339157104,0.4436705708503723,3.3429055213928223,0.0,954.0452880859375,6,954.0452880859375,893.0965576171875,-0.9999997615814209,-0.010900706052780151,0.19692258536815643,0.11072095483541489,0.0
6,1,0.37827691435813904,-0.19752313196659088,-0.04507040977478027,0.9508079290390015,0.9721535444259644,0.11457204818725586,-0.09113759547472,0.1505872905254364,0.2100222408771515,-5.394592881202698e-05,-0.0002452731132507324,0.9568783640861511,0.9430598616600037,5.7954583168029785,0.0,797.9376831054688,12,744.1987915039062,797.9376831054688,-0.9999997615814209,,,,
7,0,0.37420496344566345,-0.22095543146133423,0.25683191418647766,0.5177823305130005,0.618774950504303,0.21838566660881042,0.3955933451652527,-0.3681600093841553,0.5828620791435242,-0.004338154569268227,-0.004356862977147102,0.5075737833976746,0.45153865218162537,5.015388488769531,0.0,962.6966552734375,6,962.6966552734375,874.7819213867188,-0.9999997615814209,-0.011114448308944702,0.30867430567741394,0.3590543270111084,0.0
7,1,0.37827926874160767,-0.17275497317314148,0.27017030119895935,0.9482966661453247,1.0010508298873901,0.12135989218950272,0.13782773911952972,-0.12054523825645447,0.21967217326164246,-6.764940917491913e-05,-0.0002302061766386032,0.9551385641098022,0.9411112666130066,5.784538745880127,0.0,789.8692626953125,12,755.287353515625,789.8692626953125,-0.9999997615814209,,,,
8,0,0.3740963339805603,0.039622996002435684,0.2695382833480835,0.3927171528339386,0.4779619574546814,0.24464364349842072,-0.16260561347007751,-0.4829246401786804,0.5652498006820679,-0.004433728754520416,-0.0044692810624837875,0.3462330996990204,0.27972689270973206,5.465441703796387,0.0,1026.125244140625,6,1026.125244140625,955.7569580078125,-0.9999997615814209,-0.1850554645061493,0.3352629840373993,0.357115775346756,0.0
8,1,0.3779480755329132,0.15571285784244537,0.2840518355369568,0.9285888075828552,0.9834678769111633,0.18105065822601318,-0.7289823293685913,-0.13924342393875122,0.7639262080192566,-0.00035127438604831696,-0.000557873398065567,0.9480471611022949,0.928503692150116,6.648045063018799,0.0,963.6134033203125,12,931.6217651367188,963.6134033203125,-0.9999997615814209,,,,
9,0,0.374180406332016,-0.29597681760787964,0.20006369054317474,0.5058479309082031,0.6192817687988281,0.4696178436279297,-0.052428726106882095,-0.29012060165405273,0.5544904470443726,-0.004342818632721901,-0.004394877701997757,0.5217023491859436,0.40877214074134827,5.691061496734619,0.0,969.2925415039062,6,969.2925415039062,905.7425537109375,-0.9999997615814209,-0.03468167781829834,0.3192178010940552,0.22070427238941193,0.0
9,1,0.37823373079299927,-0.24660877883434296,0.2220957726240158,0.9466446042060852,1.0031342506408691,0.1403609812259674,-0.31977859139442444,0.061394065618515015,0.3545825481414795,-6.335042417049408e-05,-0.00030864961445331573,0.954639732837677,0.9394431710243225,5.9162068367004395,0.0,829.2605590820312,12,747.90283203125,829.2605590820312,-0.9999997615814209,,,,
10,0,0.3741638958454132,-0.08133857697248459,-0.06257348507642746,0.4665840268135071,0.4777364134788513,0.3560601770877838,0.08196775615215302,-0.33119210600852966,0.49313870072364807,-0.004373909905552864,-0.0044049229472875595,0.4609377086162567,0.3753097355365753,4.461004257202148,0.0,992.0454711914062,6,992.0454711914062,922.2637939453125,-0.9999997615814209,-0.08701120316982269,0.1078527644276619,0.09201637655496597,0.0
10,1,0.37814652919769287,-0.011201213113963604,-0.057939693331718445,0.9440312385559082,0.9458739161491394,0.142607644200325,-0.2742627263069153,-0.0016475447919219732,0.3091273009777069,-0.00017868727445602417,-0.0003732312470674515,0.953574538230896,0.9379910826683044,6.2160539627075195,0.0,872.1715698242188,12,824.5390625,872.1715698242188,-0.9999997615814209,,,,
11,0,0.374206006526947,-0.37389057874679565,-0.3336411416530609,0.45392417907714844,0.6761344075202942,0.2111295759677887,0.31126654148101807,0.09697391092777252,0.3884153664112091,-0.004337357357144356,-0.004352249205112457,0.4350992739200592,0.3771882951259613,5.891778945922852,0.0,1003.97509765625,6,1003.97509765625,916.714599609375,-0.9999997615814209,-0.10116948187351227,0.41811826825141907,0.268555223941803,0.0
11,1,0.37814000248908997,-0.29927298426628113,-0.337196409702301,0.9328094124794006,1.0360498428344727,0.16769178211688995,-0.05972129479050636,0.48853549361228943,0.5199558734893799,-0.00017285533249378204,-0.0003198143094778061,0.9530243873596191,0.9355630278587341,6.338025093078613,0.0,860.8209838867188,12,844.9412231445312,860.8209838867188,-0.9999997615814209,,,,
12,0,0.37409698963165283,0.052121806889772415,0.2420375794172287,0.39986011385917664,0.4703051745891571,0.4860093891620636,-0.12982146441936493,-0.34745025634765625,0.6113758087158203,-0.004418877884745598,-0.0044828150421381,0.3832678496837616,0.2655600607395172,6.413198471069336,0.0,1012.4808349609375,6,1012.4808349609375,967.6804809570312,-0.9999997615814209,-0.17683061957359314,0.30340203642845154,0.28349098563194275,0.0
12,1,0.37796735763549805,0.16119898855686188,0.2678127884864807,0.9301174879074097,0.9812377095222473,0.1914421170949936,-0.6644576787948608,0.07658424228429794,0.6957148909568787,-0.0002952367067337036,-0.000580664724111557,0.9470986723899841,0.9289864301681519,6.6740875244140625,0.0,976.930419921875,12,898.2247314453125,976.930419921875,-0.9999997615814209,,,,
13,0,0.3741613030433655,-0.27846023440361023,-0.22170811891555786,0.4223155975341797,0.5523087978363037,0.08344180881977081,0.008081437088549137,-0.26036375761032104,0.27352720499038696,-0.004390556365251541,-0.0043912120163440704,0.37515100836753845,0.3422612249851227,5.736193656921387,0.0,1025.8385009765625,6,1025.8385009765625,929.0903930664062,-0.9999997615814209,-0.1452793926000595,0.30961498618125916,0.32613494992256165,0.0
13,1,0.3780519664287567,-0.18784378468990326,-0.22302983701229095,0.9315682053565979,0.9761387705802917,0.1813070923089981,-0.43957164883613586,0.11597108840942383,0.4894331395626068,-0.0002821478992700577,-0.0004070345312356949,0.95030277967453,0.931057333946228,6.60805082321167,0.0,904.6815185546875,6,904.6815185546875,900.1415405273438,-0.9999997615814209,,,,
14,0,0.3741565942764282,0.1665935069322586,0.22868727147579193,0.4945794641971588,0.5697895288467407,0.22738412022590637,-0.37183672189712524,-0.40773075819015503,0.5968337059020996,-0.004367850720882416,-0.004390683025121689,0.46912404894828796,0.4116276204586029,4.5126729011535645,0.0,938.3045043945312,6,938.3045043945312,866.6868286132812,-0.9999997615814209,-0.02520805597305298,0.2787880003452301,0.34499919414520264,0.0
14,1,0.3781890273094177,0.23490262031555176,0.24252937734127045,0.9469845294952393,1.0053752660751343,0.10796468704938889,-0.7259520888328552,-0.17890244722366333,0.7554263472557068,-0.00013391487300395966,-0.00030853040516376495,0.9542058706283569,0.941450834274292,5.879237174987793,0.0,826.780517578125,12,789.4131469726562,826.780517578125,-0.9999997615814209,,,,
15,0,0.37420761585235596,0.027043884620070457,-0.2662302851676941,0.5054325461387634,0.5719020962715149,0.36546021699905396,-0.23992380499839783,-0.2982681095600128,0.5292338132858276,-0.004322255030274391,-0.004346728324890137,0.5039733648300171,0.41671955585479736,4.683966159820557,0.0,916.9345092773438,6,916.9345092773438,859.5765380859375,-0.9999997615814209,-0.004649132490158081,0.23963336646556854,0.25899189710617065,0.0
15,1,0.3782494068145752,0.08391865342855453,-0.26359209418296814,0.9478932619094849,0.9874334335327148,0.12093893438577652,-0.5404855608940125,0.013293351978063583,0.5540104508399963,-7.048062980175018e-05,-0.0002475958317518234,0.9559899568557739,0.9421185851097107,5.816226959228516,0.0,816.6223754882812,12,766.350341796875,816.6223754882812,-0.9999997615814209,,,,
16,0,0.37409043312072754,-0.24997864663600922,0.19571556150913239,0.3831026554107666,0.49755558371543884,0.5126419067382812,0.08604203164577484,-0.21977265179157257,0.5643624663352966,-0.0044348835945129395,-0.00449817068874836,0.3729531764984131,0.24894168972969055,6.347638130187988,0.0,1061.2738037109375,6,1061.2738037109375,1004.1455078125,-0.9999997615814209,-0.2199198305606842,0.3416007459163666,0.23726770281791687,0.0
16,1,0.3779265880584717,-0.14603497087955475,0.21822555363178253,0.9272333979606628,0.9636961817741394,0.21144220232963562,-0.42495614290237427,0.23643162846565247,0.5302786827087402,-0.00033564865589141846,-0.0006251707673072815,0.9455820322036743,0.9248454570770264,6.835977077484131,0.0,999.0458374023438,12,920.3486328125,999.0458374023438,-0.9999997615814209,,,,
17,0,0.37424737215042114,0.265578955411911,0.09731841087341309,0.6174746751785278,0.679174542427063,0.004972660914063454,-0.28616827726364136,-0.33152174949645996,0.43797680735588074,-0.004259731620550156,-0.004298549145460129,0.5874881148338318,0.5898486971855164,3.726094961166382,0.0,821.6067504882812,6,821.6067504882812,784.67138671875,-0.9999997615814209,0.16320252418518066,0.2939828634262085,0.281429260969162,0.0
17,1,0.3784967362880707,0.2891053557395935,0.10398771613836288,0.9628774523735046,1.010706901550293,0.048814691603183746,-0.4344043433666229,-0.28192129731178284,0.5201630592346191,0.0001296158879995346,8.58306884765625e-06,0.9648169279098511,0.9550864100456238,4.962971210479736,0.0,631.6478881835938,12,631.6421508789062,631.6478881835938,-0.9999997615814209,,,,
18,0,0.3742196559906006,-0.027236394584178925,-0.32245150208473206,0.49706509709358215,0.5931192636489868,0.20347259938716888,0.08007891476154327,0.07481730729341507,0.23110897839069366,-0.00432216189801693,-0.004330184310674667,0.4801746904850006,0.4258982837200165,5.115478515625,0.0,947.5134887695312,6,947.5134887695312,863.7129516601562,-0.9999997615814209,-0.023672252893447876,0.27800431847572327,0.24498340487480164,0.0
18,1,0.3782418370246887,0.030400656163692474,-0.32592514157295227,0.945279598236084,1.000352382659912,0.12515945732593536,-0.21952977776527405,0.3733783960342407,0.4508543312549591,-9.807758033275604e-05,-0.00022941641509532928,0.9553809762001038,0.9414768815040588,5.995750427246094,0.0,810.8976440429688,12,791.7680053710938,810.8976440429688,-0.9999997615814209,,,,
19,0,0.3741869032382965,-0.36763671040534973,-0.3167673349380493,0.43476244807243347,0.6515494585037231,0.06624583154916763,0.107682965695858,-0.2949966490268707,0.3209472596645355,-0.0043649692088365555,-0.004360668361186981,0.39108899235725403,0.3628805875778198,5.795916557312012,0.0,1016.092041015625,6,1016.092041015625,919.0372314453125,-0.9999997615814209,-0.1258620321750641,0.40761494636535645,0.29633888602256775,0.0
19,1,0.3780888319015503,-0.28201884031295776,-0.319987416267395,0.9297053217887878,1.02287757396698,0.18195641040802002,-0.3148851692676544,0.08504414558410645,0.37348803877830505,-0.00023838691413402557,-0.0003509204834699631,0.9512901902198792,0.9326873421669006,6.508703231811523,0.0,883.9188842773438,6,883.9188842773438,875.1371459960938,-0.9999997615814209,,,,
20,0,0.37420186400413513,-0.29021155834198,-0.28459808230400085,0.47249218821525574,0.6232717633247375,0.2952059209346771,-0.03081931360065937,-0.5239035487174988,0.6021389365196228,-0.004338078200817108,-0.004354560747742653,0.46129369735717773,0.38828152418136597,4.871576309204102,0.0,968.5328369140625,6,968.5328369140625,900.8953247070312,-0.9999997615814209,-0.06677074730396271,0.3470817506313324,0.3241725564002991,0.0
20,1,0.3781786561012268,-0.21984457969665527,-0.2830045819282532,0.9387944936752319,1.0048673152923584,0.15926183760166168,-0.38612857460975647,-0.15910732746124268,0.4469617009162903,-0.00013613328337669373,-0.0003025885671377182,0.9540332555770874,0.9388986825942993,6.12465238571167,0.0,848.7138061523438,12,814.3873901367188,848.7138061523438,-0.9999997615814209,,,,
21,0,0.3741133213043213,-0.2913723289966583,0.2950592041015625,0.3807917833328247,0.5629921555519104,0.41060250997543335,0.44565561413764954,0.04081946238875389,0.6073463559150696,-0.004417039453983307,-0.00447959266602993,0.3624807298183441,0.26046496629714966,6.501409530639648,0.0,1069.57275390625,6,1069.57275390625,1002.230712890625,-0.9999997615814209,-0.22430679202079773,0.41449984908103943,0.2418500930070877,0.0
21,1,0.37794575095176697,-0.16562515497207642,0.3180825412273407,0.9203044176101685,0.9877086877822876,0.23025304079055786,-0.15290193259716034,0.5615741610527039,0.6259081363677979,-0.0003274548798799515,-0.0005983375012874603,0.9492060542106628,0.9267996549606323,6.796538829803467,0.0,986.0050048828125,12,925.192138671875,986.0050048828125,-0.9999997615814209,,,,
22,0,0.37424299120903015,0.1946406364440918,0.1251058131456375,0.6080347299575806,0.6505710482597351,0.3193575441837311,-0.39511731266975403,-0.05554801970720291,0.5110699534416199,-0.00424087792634964,-0.004324955865740776,0.6133365035057068,0.5481227040290833,5.022416591644287,0.0,806.0328369140625,6,806.0328369140625,805.0709838867188,-0.9999997615814209,0.1521768867969513,0.2456360012292862,0.34116679430007935,0.0
22,1,0.37848660349845886,0.2194780707359314,0.14790701866149902,0.9626367092132568,0.9983569383621216,0.06314298510551453,-0.5507317185401917,0.06208603456616402,0.5578056573867798,0.00017293356359004974,-5.657970905303955e-05,0.96364825963974,0.9531528949737549,5.068645000457764,0.0,676.6300048828125,12,614.9885864257812,676.6300048828125,-0.9999997615814209,,,,
23,0,0.3740840256214142,0.1195492371916771,0.20807038247585297,0.38265687227249146,0.4516763985157013,0.28829091787338257,0.18520911037921906,-0.1638275384902954,0.3798072040081024,-0.0044525377452373505,-0.0044859107583761215,0.34237998723983765,0.26670169830322266,5.333102226257324,0.0,1057.194580078125,6,1057.194580078125,976.6004638671875,-0.9999997615814209,-0.21100233495235443,0.33821699023246765,0.18768054246902466,0.0
23,1,0.37791746854782104,0.2324487417936325,0.22009369730949402,0.9284462332725525,0.9820824861526489,0.19075210392475128,-0.36149075627326965,0.21976689994335175,0.46406832337379456,-0.000385429710149765,-0.0005927495658397675,0.9468916058540344,0.9276569485664368,6.813436985015869,0.0,981.8258056640625,12,945.4832763671875,981.8258056640625,-0.9999997615814209,,,,
24,0,0.3740758001804352,-0.26279449462890625,0.019577505066990852,0.34397995471954346,0.43332022428512573,0.4059857726097107,0.010359025560319424,-0.12273737043142319,0.42425960302352905,-0.004460664466023445,-0.004509519785642624,0.31494560837745667,0.21584610641002655,6.106115341186523,0.0,1096.4288330078125,6,1096.4288330078125,1026.0318603515625,-0.9999997615814209,-0.2776096761226654,0.3343380093574524,0.28475889563560486,0.0
24,1,0.37784457206726074,-0.12198405712842941,0.0315232053399086,0.91827392578125,0.926876962184906,0.2653804123401642,-0.6596156358718872,0.5072607398033142,0.8734031319618225,-0.0004359763115644455,-0.000683855265378952,0.9478267431259155,0.9241597652435303,7.109072208404541,0.0,1035.705078125,12,986.9649047851562,1035.705078125,-0.9999997615814209,,,,
25,0,0.37409350275993347,-0.05932987853884697,-0.12149523198604584,0.34283626079559326,0.36853471398353577,0.27366626262664795,0.11073455214500427,0.09858068078756332,0.3112451136112213,-0.004447760060429573,-0.0044846311211586,0.2973885238170624,0.21963542699813843,7.4889421463012695,0.0,1080.47021484375,6,1080.47021484375,1000.937744140625,-0.9999997615814209,-0.26657068729400635,0.28134438395500183,0.2961548864841461,0.0
25,1,0.3778558671474457,0.0826326236128807,-0.11723701655864716,0.9183938503265381,0.9295267462730408,0.27243778109550476,-0.5624284148216248,0.7225423455238342,0.9553090929985046,-0.0004424918442964554,-0.0006508268415927887,0.946003794670105,0.9231402277946472,7.148726463317871,0.0,1024.934326171875,12,1003.8883056640625,1024.934326171875,-0.9999997615814209,,,,
26,0,0.37428978085517883,0.06576332449913025,0.00942110177129507,0.6322130560874939,0.6356940269470215,0.12171139568090439,-0.11861284077167511,-0.011314274743199348,0.17032523453235626,-0.00421050563454628,-0.004280541092157364,0.6219775676727295,0.5996559262275696,3.0466926097869873,0.0,790.3682861328125,6,790.3682861328125,780.9725952148438,-0.9999997615814209,0.18888959288597107,0.19596166908740997,0.09951047599315643,0.0
26,1,0.3785689175128937,0.08391246944665909,0.016171837225556374,0.9660650491714478,0.9698373675346375,0.05588390678167343,-0.24063962697982788,0.04693309962749481,0.25146204233169556,0.0002084840089082718,4.089623689651489e-05,0.9655690789222717,0.9559910297393799,4.772553443908691,0.0,621.5655517578125,12,603.901611328125,621.5655517578125,-0.9999997615814209,,,,
27,0,0.3743070363998413,-0.30238667130470276,0.18365409970283508,0.6465282440185547,0.7369974851608276,-0.0011966628953814507,-0.27822744846343994,-0.2084270417690277,0.3476403057575226,-0.004212167114019394,-0.004243016242980957,0.6354178190231323,0.6402391195297241,3.090127468109131,0.0,807.6124267578125,6,807.6124267578125,758.6444091796875,-0.9999997615814209,0.2058747410774231,0.40267884731292725,0.418766051530838,0.0
27,1,0.37860187888145447,-0.3001875579357147,0.18945202231407166,0.9650479555130005,1.0282617807388306,0.055894989520311356,-0.3321903347969055,-0.19826896488666534,0.39087751507759094,0.0002217404544353485,0.00011457130312919617,0.9664703011512756,0.9563679099082947,4.704437732696533,0.0,588.890625,6,588.890625,585.1290283203125,-0.9999997615814209,,,,
28,0,0.37415534257888794,0.018844090402126312,-0.22198909521102905,0.4294886291027069,0.483833372592926,0.24746127426624298,-0.13675490021705627,0.052827902138233185,0.28762784600257874,-0.004383627325296402,-0.004405982792377472,0.40351468324661255,0.33671605587005615,6.2291035652160645,0.0,1002.0548706054688,6,1002.0548706054688,921.579345703125,-0.9999997615814209,-0.12843388319015503,0.22879116237163544,0.29023605585098267,0.0
28,1,0.37806588411331177,0.11400589346885681,-0.2214086651802063,0.9348306655883789,0.9674334526062012,0.18771018087863922,-0.6062411665916443,0.4628243148326874,0.7854742407798767,-0.0002523772418498993,-0.0004212222993373871,0.9516239166259766,0.9333028197288513,6.498247146606445,0.0,906.9993896484375,12,885.049072265625,906.9993896484375,-0.9999997615814209,,,,
29,0,0.3743199110031128,0.2861151099205017,0.17795538902282715,0.6681177616119385,0.7482722401618958,0.18017582595348358,-0.08070419728755951,-0.2228974848985672,0.29775792360305786,-0.004158344119787216,-0.004241766408085823,0.6641648411750793,0.6301159262657166,5.2917938232421875,0.0,732.341552734375,12,723.304931640625,732.341552734375,-0.9999997615814209,0.261974036693573,0.3953133821487427,0.2842436134815216,0.0
29,1,0.3786676526069641,0.3012620508670807,0.19821114838123322,0.9665435552597046,1.0316263437271118,0.04732314497232437,-0.1850777417421341,-0.1752959042787552,0.25927188992500305,0.0003299061208963394,0.000138917937874794,0.9683835506439209,0.9590787291526794,4.483121395111084,0.0,574.7025756835938,12,536.5200805664062,574.7025756835938,-0.9999997615814209,,,,
30,0,0.3742237091064453,-0.1913914680480957,-0.07986994087696075,0.5368611812591553,0.57552570104599,0.3508993685245514,0.2994827926158905,-0.49289754033088684,0.6751061081886292,-0.004309128969907761,-0.004343835636973381,0.544157087802887,0.4640215337276459,3.7590935230255127,0.0,929.58056640625,6,929.58056640625,876.4202270507812,-0.9999997615814209,0.01909470558166504,0.163622185587883,0.313774436712265,0.0
30,1,0.3783259391784668,-0.1594436764717102,-0.07655102014541626,0.9540321826934814,0.9702884554862976,0.09806585311889648,0.11600207537412643,-0.2593080699443817,0.30052298307418823,-1.3627111911773682e-05,-0.00019490160048007965,0.9575803875923157,0.943635106086731,5.644021511077881,0.0,773.9893188476562,12,723.206298828125,773.9893188476562,-0.9999997615814209,,,,
31,0,0.37414777278900146,-0.39518094062805176,-0.33069849014282227,0.37134289741516113,0.6351574659347534,0.24939587712287903,0.1209559440612793,0.026628272607922554,0.2784559428691864,-0.004393646493554115,-0.004421217367053032,0.340050607919693,0.2697378695011139,7.389599323272705,0.0,1060.991455078125,6,1060.991455078125,980.2171020507812,-0.9999997615814209,-0.2234937846660614,0.46682971715927124,0.3175331652164459,0.0
31,1,0.37794193625450134,-0.25662171840667725,-0.3304554522037506,0.9138202667236328,1.0050487518310547,0.2866362929344177,-0.5313279032707214,0.766722559928894,0.9758756160736084,-0.00034272298216819763,-0.0005273353308439255,0.9512006044387817,0.9287446737289429,6.919768810272217,0.0,968.4324951171875,12,954.22314453125,968.4324951171875,-0.9999997615814209,,,,
32,0,0.3741781413555145,0.21096618473529816,-0.23628832399845123,0.47893813252449036,0.5742130875587463,0.11207668483257294,-0.31703829765319824,-0.5296038389205933,0.6273393630981445,-0.00436176173388958,-0.00436093844473362,0.44471773505210876,0.40885502099990845,5.044496536254883,0.0,946.64697265625,6,946.64697265625,862.3908081054688,-0.9999997615814209,-0.042197853326797485,0.2757863402366638,0.37162795662879944,0.0
32,1,0.37816959619522095,0.2834608554840088,-0.23753401637077332,0.9427226185798645,1.0126689672470093,0.11568513512611389,-0.69101482629776,-0.26427653431892395,0.7488168478012085,-0.00016937032341957092,-0.00028456561267375946,0.9541355967521667,0.9401089549064636,6.1101155281066895,0.0,830.8076171875,12,823.6906127929688,830.8076171875,-0.9999997615814209,,,,
33,0,0.37413010001182556,0.22765016555786133,-0.22063566744327545,0.38885557651519775,0.5017104148864746,0.11282951384782791,0.3230433464050293,-0.06218310073018074,0.34778475761413574,-0.004418941214680672,-0.0044264961034059525,0.33617305755615234,0.2955407500267029,6.4361114501953125,0.0,1035.686279296875,6,1035.686279296875,942.416015625,-0.9999997615814209,-0.1871071606874466,0.36075571179389954,0.362559050321579,0.0
33,1,0.37796542048454285,0.3455369770526886,-0.21900464594364166,0.9247429966926575,1.0111916065216064,0.20845389366149902,-0.23999010026454926,0.3722172975540161,0.48948338627815247,-0.0003570597618818283,-0.0004978794604539871,0.9484474658966064,0.928716778755188,6.831608295440674,0.0,949.5602416992188,6,949.5602416992188,948.2344360351562,-0.9999997615814209,,,,
34,0,0.3741444945335388,-0.1444389671087265,-0.322441041469574,0.3731194734573364,0.5138569474220276,0.11274712532758713,0.22024084627628326,-0.012995309196412563,0.24776363372802734,-0.004407579079270363,-0.004418417811393738,0.3251107931137085,0.28365567326545715,7.248273849487305,0.0,1060.5771484375,6,1060.5771484375,963.9287719726562,-0.9999997615814209,-0.21717120707035065,0.34976625442504883,0.25251054763793945,0.0
34,1,0.3779528737068176,-0.005083441734313965,-0.324371337890625,0.9177778363227844,0.9734262824058533,0.26571670174598694,-0.4341159462928772,0.6363605260848999,0.8148722052574158,-0.0003674700856208801,-0.0005113184452056885,0.949877917766571,0.9290053844451904,6.976032733917236,0.0,968.4024658203125,6,968.4024658203125,960.7130737304688,-0.9999997615814209,,,,
35,0,0.37412816286087036,0.2191196233034134,0.21961408853530884,0.45875412225723267,0.5538042187690735,0.31566086411476135,-0.3434114158153534,-0.40383872389793396,0.6169756054878235,-0.004391463473439217,-0.004428910091519356,0.43471816182136536,0.3624415993690491,4.677058696746826,0.0,973.2655639648438,6,973.2655639648438,910.5736694335938,-0.9999997615814209,-0.0863029807806015,0.3127935826778412,0.2771628797054291,0.0
35,1,0.3780960440635681,0.3052433431148529,0.23575054109096527,0.940521776676178,1.01652991771698,0.1309126913547516,-0.7758729457855225,-0.12609586119651794,0.7968796491622925,-0.00020149722695350647,-0.00041129253804683685,0.9538351893424988,0.9386665225028992,6.174380779266357,0.0,882.1200561523438,12,831.9112548828125,882.1200561523438,-0.9999997615814209,,,,
36,0,0.37406420707702637,0.04489317908883095,0.22074072062969208,0.34740644693374634,0.4140447974205017,0.29200318455696106,0.27472835779190063,0.15803037583827972,0.43094679713249207,-0.004475023597478867,-0.004516486078500748,0.3029434382915497,0.2295278012752533,5.754893779754639,0.0,1100.045166015625,6,1100.045166015625,1019.8267822265625,-0.9999997615814209,-0.2807784378528595,0.3727959096431732,0.3175022602081299,0.0
36,1,0.37784332036972046,0.1885978877544403,0.23665882647037506,0.9191165566444397,0.9676527380943298,0.22989718616008759,-0.40701332688331604,0.6543706059455872,0.8041849732398987,-0.00045501813292503357,-0.0006754044443368912,0.9466497898101807,0.9248988628387451,7.115602016448975,0.0,1025.7593994140625,12,990.8944091796875,1025.7593994140625,-0.9999997615814209,,,,
37,0,0.37409013509750366,-0.1141209825873375,-0.22502057254314423,0.3165005147457123,0.4047597050666809,0.05567703768610954,0.004299514926970005,-0.2794171869754791,0.28494277596473694,-0.004463342949748039,-0.00447426363825798,0.24096855521202087,0.2084822803735733,7.838608741760254,0.0,1096.8017578125,6,1096.8017578125,1000.9564208984375,-0.9999997615814209,-0.298875629901886,0.3470374643802643,0.33161449432373047,0.0
37,1,0.37780267000198364,0.05540594458580017,-0.22442330420017242,0.9092097282409668,0.9381353259086609,0.29646050930023193,-0.7871652245521545,0.4408816993236542,0.949681282043457,-0.0005126018077135086,-0.0006643813103437424,0.9456043839454651,0.9227973222732544,7.38440465927124,0.0,1053.63427734375,6,1053.63427734375,1036.3280029296875,-0.9999997615814209,,,,
38,0,0.3742506504058838,-0.03334657847881317,-0.05790923535823822,0.5862906575202942,0.5900865793228149,0.03957286849617958,0.07185737788677216,0.09769392013549805,0.12756800651550293,-0.004283325746655464,-0.004302451387047768,0.5686337351799011,0.5577155351638794,2.9969942569732666,0.0,886.2789916992188,6,886.2789916992188,815.24951171875,-0.9999997615814209,0.10188695788383484,0.11043868213891983,0.32765841484069824,0.0
38,1,0.37843987345695496,-0.012365150265395641,-0.06432408094406128,0.9612720012664795,0.9635010361671448,0.06610497087240219,-0.06423719972372055,0.18765200674533844,0.20906831324100494,5.08185476064682e-05,-4.9443915486335754e-05,0.9618417024612427,0.9506592750549316,5.3512187004089355,0.0,681.8220825195312,6,681.8220825195312,676.2831420898438,-0.9999997615814209,,,,
39,0,0.37435096502304077,0.010933849960565567,-0.06291122734546661,0.6664555072784424,0.6695075035095215,0.08501317352056503,-0.13369154930114746,0.011689230799674988,0.15886254608631134,-0.004156194627285004,-0.00420486181974411,0.6558241248130798,0.6384286284446716,2.6326799392700195,0.0,726.7664794921875,6,726.7664794921875,706.57666015625,-0.9999997615814209,0.26636338233947754,0.27115821838378906,0.06760065257549286,0.0
39,1,0.3786863684654236,0.02421891875565052,-0.06102568283677101,0.9687386751174927,0.9709610342979431,0.049243491142988205,-0.23153217136859894,0.06361864507198334,0.24511098861694336,0.00030513107776641846,0.00017486140131950378,0.9677222371101379,0.9591482281684875,4.40208625793457,0.0,566.7183227539062,12,557.5801391601562,566.7183227539062,-0.9999997615814209,,,,
40,0,0.37418490648269653,-0.09945594519376755,-0.07361331582069397,0.4880087375640869,0.5034510493278503,0.27675408124923706,0.33647722005844116,-0.39242762327194214,0.5863524675369263,-0.004361143335700035,-0.004378659650683403,0.47668737173080444,0.41018643975257874,3.6512274742126465,0.0,983.3233642578125,6,983.3233642578125,905.4468994140625,-0.9999997615814209,-0.05704633891582489,0.09201343357563019,0.26362499594688416,0.0
40,1,0.3782055079936981,-0.039148371666669846,-0.06957493722438812,0.9465522766113281,0.9499129056930542,0.1263916790485382,0.024655137211084366,-0.09587115049362183,0.16054286062717438,-0.0001407712697982788,-0.0003050565719604492,0.9544574618339539,0.9401713013648987,6.089447498321533,0.0,835.5156860351562,12,799.3175659179688,835.5156860351562,-0.9999997615814209,,,,
41,0,0.3742843270301819,0.2165297567844391,-0.01212567649781704,0.6291189789772034,0.6654493808746338,0.04622036963701248,-0.07415315508842468,0.05735897272825241,0.10452303290367126,-0.004224566742777824,-0.004270466044545174,0.6104992032051086,0.6008073687553406,3.001373291015625,0.0,790.866455078125,6,790.866455078125,759.565673828125,-0.9999997615814209,0.19240501523017883,0.26692092418670654,0.16723747551441193,0.0
41,1,0.3785534203052521,0.2361595183610916,-0.009599477984011173,0.9644870162010193,0.993025004863739,0.05593806877732277,-0.20182915031909943,0.11941585689783096,0.24108965694904327,0.0001810118556022644,5.2269548177719116e-05,0.9647741317749023,0.955970048904419,4.814777374267578,0.0,616.9539184570312,12,614.1719970703125,616.9539184570312,-0.9999997615814209,,,,
42,0,0.37411218881607056,0.027565008029341698,0.008249613456428051,0.4115397334098816,0.4125443398952484,0.3285578787326813,-0.08064573258161545,-0.5618845224380493,0.655872106552124,-0.004424676299095154,-0.004458671435713768,0.3888416290283203,0.3076743483543396,5.265758037567139,0.0,1033.5089111328125,6,1033.5089111328125,962.2317504882812,-0.9999997615814209,-0.1691679209470749,0.17937035858631134,0.30098122358322144,0.0
42,1,0.3780003786087036,0.12750452756881714,0.014755102805793285,0.9349365830421448,0.9437062740325928,0.18360048532485962,-0.5742357969284058,-0.1818624585866928,0.6297061443328857,-0.00031019560992717743,-0.0005160514265298843,0.9507059454917908,0.931591808795929,6.631374835968018,0.0,945.04931640625,12,904.702880859375,945.04931640625,-0.9999997615814209,,,,
43,0,0.37412840127944946,0.09545989334583282,0.3078837990760803,0.42910486459732056,0.5366898775100708,0.4372445046901703,-0.13167673349380493,-0.05661474168300629,0.4601377546787262,-0.004386203363537788,-0.0044426098465919495,0.411462664604187,0.3054791986942291,7.001559734344482,0.0,978.1784057617188,6,978.1784057617188,930.524169921875,-0.9999997615814209,-0.1247360110282898,0.34397396445274353,0.25199562311172485,0.0
43,1,0.37805038690567017,0.19786830246448517,0.3375367820262909,0.9325075745582581,1.0112632513046265,0.17974448204040527,-0.6359297037124634,0.35137879848480225,0.74845290184021,-0.0002203863114118576,-0.00048552826046943665,0.949259877204895,0.9326497912406921,6.4084062576293945,0.0,931.6411743164062,12,856.751708984375,931.6411743164062,-0.9999997615814209,,,,
44,0,0.3741397559642792,0.2362949401140213,-0.05718320608139038,0.44534027576446533,0.5073787569999695,0.1579688936471939,0.11093553900718689,-0.3854575455188751,0.43108975887298584,-0.004403367638587952,-0.004413561895489693,0.4082143306732178,0.36163198947906494,4.894752502441406,0.0,998.9976196289062,6,998.9976196289062,911.1647338867188,-0.9999997615814209,-0.10800090432167053,0.26500484347343445,0.3132125437259674,0.0
44,1,0.3780786991119385,0.31834617257118225,-0.05565160512924194,0.939586341381073,0.9936115741729736,0.13491369783878326,-0.2994074821472168,-0.10342682898044586,0.344301700592041,-0.0002577807754278183,-0.0004001893103122711,0.9509630799293518,0.9358307123184204,6.410816669464111,0.0,884.7753295898438,12,870.3126220703125,884.7753295898438,-0.9999997615814209,,,,
45,0,0.3742869794368744,-0.01777021586894989,-0.32641711831092834,0.584993839263916,0.6701356172561646,0.09692664444446564,0.15019547939300537,0.05332237482070923,0.18653881549835205,-0.004247467964887619,-0.0042602065950632095,0.5725380778312683,0.5492424964904785,2.956712007522583,0.0,860.0665283203125,6,860.0665283203125,795.6021118164062,-0.9999997615814209,0.1150510311126709,0.3056272268295288,0.22304989397525787,0.0
45,1,0.37846383452415466,0.00766851706430316,-0.3316068649291992,0.9570687413215637,1.0129178762435913,0.06797115504741669,-0.003755623707547784,0.18062472343444824,0.19302713871002197,9.338371455669403e-05,-7.664784789085388e-06,0.9618440270423889,0.9515392780303955,5.286808490753174,0.0,678.1316528320312,12,673.3616333007812,678.1316528320312,-0.9999997615814209,,,,
46,0,0.37424442172050476,-0.09158501029014587,0.029209831729531288,0.5812411904335022,0.5891369581222534,0.24323733150959015,0.20688876509666443,-0.252312570810318,0.4069754183292389,-0.004272410646080971,-0.004332786425948143,0.585827112197876,0.5333991050720215,3.1583592891693115,0.0,878.2509765625,6,878.2509765625,851.3795166015625,-0.9999997615814209,0.08831748366355896,0.11797347664833069,0.2411937713623047,0.0
46,1,0.3784331679344177,-0.07271947711706161,0.03574315086007118,0.9610106945037842,0.9644206762313843,0.07231365144252777,0.08077993988990784,-0.13735969364643097,0.1749924272298813,8.271262049674988e-05,-0.00010331906378269196,0.9616663455963135,0.9491665959358215,5.277481555938721,0.0,704.774169921875,12,668.6141967773438,704.774169921875,-0.9999997615814209,,,,
47,0,0.37423908710479736,0.08433113992214203,-0.24619407951831818,0.5543919801712036,0.612432599067688,0.3112001419067383,-0.20545661449432373,-0.408137708902359,0.5528420805931091,-0.0042883045971393585,-0.004311343654990196,0.558022677898407,0.48590317368507385,3.6743059158325195,0.0,877.4061889648438,6,877.4061889648438,824.3496704101562,-0.9999997615814209,0.06900694966316223,0.24217450618743896,0.2363242208957672,0.0
47,1,0.37836748361587524,0.12092028558254242,-0.24651233851909637,0.955402672290802,0.9940745830535889,0.08241327852010727,-0.41482657194137573,-0.19930671155452728,0.46754270792007446,2.794712781906128e-05,-0.000127425417304039,0.9595521092414856,0.9472830891609192,5.454242706298828,0.0,744.26416015625,12,701.3792724609375,744.26416015625,-0.9999997615814209,,,,
48,0,0.37424060702323914,-0.012857404537498951,-0.07174510508775711,0.5778940320014954,0.5824725031852722,0.08678261935710907,-0.03191698342561722,-0.4081403613090515,0.41848355531692505,-0.004297332838177681,-0.004309210926294327,0.5650556683540344,0.5429595708847046,3.0287463665008545,0.0,894.7562255859375,6,894.7562255859375,822.4592895507812,-0.9999997615814209,0.0882900059223175,0.10072145611047745,0.34187591075897217,0.0
48,1,0.37841567397117615,0.014016367495059967,-0.0762653797864914,0.960140585899353,0.9632667303085327,0.07447009533643723,-0.1971333920955658,-0.28939172625541687,0.35798734426498413,3.1445175409317017e-05,-7.399730384349823e-05,0.9607808589935303,0.9496982097625732,5.415299415588379,0.0,692.7291870117188,12,689.366943359375,692.7291870117188,-0.9999997615814209,,,,
49,0,0.37409508228302,-0.1122971922159195,-0.11957850307226181,0.3285805881023407,0.3672531545162201,0.392277330160141,0.6120538711547852,-0.30085358023643494,0.7867683172225952,-0.004447240382432938,-0.004496213048696518,0.29370900988578796,0.1913214772939682,7.760317802429199,0.0,1096.49853515625,6,1096.49853515625,1032.1690673828125,-0.9999997615814209,-0.2955038249492645,0.3116585910320282,0.3287399709224701,0.0
49,1,0.3778345584869385,0.039471179246902466,-0.11347847431898117,0.9139069318771362,0.9217706918716431,0.3041556477546692,-0.10022876411676407,0.4424971044063568,0.546223521232605,-0.0004506930708885193,-0.0006976369768381119,0.9465084671974182,0.9217188954353333,7.2200775146484375,0.0,1051.7628173828125,12,1012.4087524414062,1051.7628173828125,-0.9999997615814209,,,,
50,0,0.3740793466567993,0.23159730434417725,-0.17630153894424438,0.32888954877853394,0.4391900300979614,0.44263583421707153,0.029231222346425056,-0.026138542219996452,0.4443694055080414,-0.004448112100362778,-0.00450308620929718,0.3024821877479553,0.19163227081298828,8.067771911621094,0.0,1065.710693359375,6,1065.710693359375,1009.6231689453125,-0.9999997615814209,-0.27887874841690063,0.4100733697414398,0.32849040627479553,0.0
50,1,0.377816379070282,0.4038427770137787,-0.16708798706531525,0.9109242558479309,1.0103416442871094,0.3211175799369812,-0.7750445604324341,0.7853662967681885,1.1491782665252686,-0.0004422105848789215,-0.0006978046149015427,0.9495937824249268,0.9251746535301208,7.149892807006836,0.0,1052.6246337890625,12,1005.165771484375,1052.6246337890625,-0.9999997615814209,,,,
51,0,0.374193400144577,0.17722751200199127,-0.16882435977458954,0.5025991201400757,0.5590323209762573,0.2038295716047287,0.07702772319316864,-0.40657708048820496,0.46128591895103455,-0.004348371177911758,-0.004355337470769882,0.4837363064289093,0.4314422011375427,3.954200029373169,0.0,941.58203125,6,941.58203125,863.6510620117188,-0.9999997615814209,-0.01634800434112549,0.22341202199459076,0.24499362707138062,0.0
51,1,0.3782337009906769,0.23606738448143005,-0.16773824393749237,0.9479599595069885,0.9912073016166687,0.10861001163721085,-0.23022940754890442,-0.14888234436511993,0.2949028015136719,-0.00011495500802993774,-0.0002489238977432251,0.9562034010887146,0.9419891834259033,5.937758922576904,0.0,808.6040649414062,12,784.3088989257812,808.6040649414062,-0.9999997615814209,,,,
52,0,0.37431609630584717,-0.08705352991819382,0.2219158113002777,0.6578534841537476,0.6997115015983582,0.18653365969657898,-0.28319022059440613,0.07058694958686829,0.34637266397476196,-0.004171954467892647,-0.0042572058737277985,0.6633375287055969,0.6269173622131348,4.825438976287842,0.0,763.8602294921875,12,762.2926025390625,763.8602294921875,-0.9999997615814209,0.22963088750839233,0.32602593302726746,0.257982462644577,0.0
52,1,0.37864646315574646,-0.08043903112411499,0.24061866104602814,0.9672103524208069,0.999931812286377,0.05320689082145691,-0.3546934127807617,0.1271825134754181,0.3805440664291382,0.000301530584692955,0.00010587461292743683,0.9671652317047119,0.9576917290687561,4.633911609649658,0.0,590.806884765625,12,553.3831176757812,590.806884765625,-0.9999997615814209,,,,
53,0,0.37421703338623047,-0.2863701581954956,-0.09495092928409576,0.5230329632759094,0.6038104295730591,0.21339213848114014,0.3184874951839447,-0.259411096572876,0.4628872573375702,-0.004327099770307541,-0.0043397024273872375,0.5147045850753784,0.45975664258003235,3.5769026279449463,0.0,959.2877197265625,6,959.2877197265625,878.915283203125,-0.9999997615814209,-0.004933983087539673,0.23841765522956848,0.19250331819057465,0.0
53,1,0.37828871607780457,-0.2514225244522095,-0.09489677846431732,0.9504746794700623,0.9877352118492126,0.10255313664674759,0.12062583863735199,-0.006931977346539497,0.15847963094711304,-6.40377402305603e-05,-0.00020164251327514648,0.956965982913971,0.9430198073387146,5.830300807952881,0.0,779.2008666992188,12,752.34716796875,779.2008666992188,-0.9999997615814209,,,,
54,0,0.3742768466472626,-0.32400524616241455,-0.03660839796066284,0.5998298525810242,0.6827264428138733,0.2578195333480835,0.019095510244369507,0.0966421589255333,0.27599865198135376,-0.004226934164762497,-0.004308860749006271,0.6140718460083008,0.559048056602478,2.871511220932007,0.0,852.090576171875,6,852.090576171875,843.5112915039062,-0.9999997615814209,0.11852502822875977,0.31487321853637695,0.2782157361507416,0.0
54,1,0.37848523259162903,-0.3154856264591217,-0.031774502247571945,0.9606938362121582,1.0116685628890991,0.06492525339126587,-0.06322236359119415,0.19477255642414093,0.21482250094413757,0.00015482492744922638,-4.8141926527023315e-05,0.9619626998901367,0.9510036706924438,5.1139984130859375,0.0,674.362060546875,12,636.6046752929688,674.362060546875,-0.9999997615814209,,,,
55,0,0.3742951452732086,0.030227849259972572,0.10744834691286087,0.6400909423828125,0.6497501730918884,0.10284315794706345,0.005782029591500759,0.298820823431015,0.31607598066329956,-0.004209214821457863,-0.004273867234587669,0.6295797824859619,0.6089239716529846,3.34207820892334,0.0,797.7091064453125,6,797.7091064453125,775.556640625,-0.9999997615814209,0.19623678922653198,0.2268083393573761,0.30643966794013977,0.0
55,1,0.3785916566848755,0.045691486448049545,0.11784619092941284,0.9666588306427002,0.9748870134353638,0.057314034551382065,-0.10327959805727005,0.36444440484046936,0.38310742378234863,0.00022401101887226105,6.292760372161865e-05,0.9656882882118225,0.9567009806632996,4.730806827545166,0.0,609.8036499023438,12,592.4951782226562,609.8036499023438,-0.9999997615814209,,,,
56,0,0.3742139935493469,0.045447513461112976,-0.008371397852897644,0.5599049925804138,0.5618088245391846,0.34921878576278687,-0.22582946717739105,-0.4202749729156494,0.5912560820579529,-0.00430106557905674,-0.004350768402218819,0.5674671530723572,0.4888957738876343,3.5125057697296143,0.0,880.8096923828125,6,880.8096923828125,845.6339721679688,-0.9999997615814209,0.06697773933410645,0.07508397847414017,0.28855469822883606,0.0
56,1,0.3783649802207947,0.07763848453760147,0.0005459554959088564,0.9585325121879578,0.961671769618988,0.08050590753555298,-0.4157114028930664,-0.23017647862434387,0.4819526672363281,3.332458436489105e-05,-0.00016676262021064758,0.9594884514808655,0.9477337002754211,5.411358833312988,0.0,745.6881713867188,12,689.93701171875,745.6881713867188,-0.9999997615814209,,,,
57,0,0.3742859959602356,0.22194692492485046,-0.30896779894828796,0.6088650822639465,0.7179402709007263,-0.054988011717796326,-0.22502322494983673,0.2195451557636261,0.31915390491485596,-0.004244323819875717,-0.004246002063155174,0.586525559425354,0.5952325463294983,2.8881630897521973,0.0,832.949951171875,6,832.949951171875,757.525634765625,-0.9999997615814209,0.15962281823158264,0.3563307523727417,0.3660084009170532,0.0
57,1,0.37850072979927063,0.2470458447933197,-0.31816866993904114,0.9592688679695129,1.0404132604599,0.06211364269256592,-0.37715068459510803,0.29872944951057434,0.485118567943573,0.00011738389730453491,5.7406723499298096e-05,0.9647676944732666,0.9550127387046814,5.13087272644043,0.0,651.5491943359375,6,651.5491943359375,628.8121948242188,-0.9999997615814209,,,,
58,0,0.37422534823417664,0.1525273621082306,-0.052979715168476105,0.5735138654708862,0.595810055732727,0.22521556913852692,-0.283530056476593,-0.4912753999233246,0.6102973818778992,-0.004290999844670296,-0.004329703748226166,0.5661126375198364,0.5166967511177063,3.533207416534424,0.0,859.4423217773438,6,859.4423217773438,819.6150512695312,-0.9999997615814209,0.09557130932807922,0.16204819083213806,0.3110686242580414,0.0
58,1,0.3783973455429077,0.18486014008522034,-0.04696528613567352,0.9590708613395691,0.9778527021408081,0.0675160214304924,-0.4741631746292114,-0.3405549228191376,0.5876791477203369,5.119293928146362e-05,-0.00011216476559638977,0.960570216178894,0.9494531154632568,5.287304878234863,0.0,714.2322387695312,12,679.5247802734375,714.2322387695312,-0.9999997615814209,,,,
59,0,0.374200701713562,0.0329272598028183,0.21901440620422363,0.5316439867019653,0.5759312510490417,0.2303708791732788,0.3318447470664978,-0.439359575510025,0.5968488454818726,-0.004339676350355148,-0.004354448989033699,0.5195039510726929,0.46169736981391907,3.9439775943756104,0.0,940.3101806640625,6,940.3101806640625,856.78759765625,-0.9999997615814209,0.015572071075439453,0.23470096290111542,0.42046022415161133,0.0
59,1,0.37830430269241333,0.07962223142385483,0.23190012574195862,0.9525992274284363,0.9836476445198059,0.10014775395393372,0.08332546055316925,-0.22076669335365295,0.2563408613204956,-5.1042065024375916e-05,-0.0002087727189064026,0.9567350149154663,0.9438152313232422,5.6780924797058105,0.0,775.5338134765625,12,737.2474365234375,775.5338134765625,-0.9999997615814209,,,,
60,0,0.3742479681968689,0.20741161704063416,-0.1633501648902893,0.5713806748390198,0.6294273138046265,0.3427618741989136,0.1250300407409668,0.0069651417434215546,0.36492016911506653,-0.004264211282134056,-0.004318771883845329,0.5783525705337524,0.5029481649398804,3.216508388519287,0.0,847.2879638671875,6,847.2879638671875,823.0029296875,-0.9999997615814209,0.09636750817298889,0.26364460587501526,0.39066243171691895,0.0
60,1,0.3784112334251404,0.2400641292333603,-0.15864378213882446,0.9573574662208557,0.9996659159660339,0.07994619011878967,-0.06233920156955719,0.19181154668331146,0.21695446968078613,8.064508438110352e-05,-0.00011094659566879272,0.9606166481971741,0.9496913552284241,5.248563289642334,0.0,723.97119140625,12,672.984130859375,723.97119140625,-0.9999997615814209,,,,
61,0,0.3741917908191681,-0.10431765019893646,0.015007004141807556,0.5141909718513489,0.5248807072639465,0.40780797600746155,0.3455210030078888,-0.15682701766490936,0.5570339560508728,-0.004341321066021919,-0.004381595179438591,0.5251514911651611,0.43056267499923706,3.7594125270843506,0.0,963.2300415039062,6,963.2300415039062,901.1477661132812,-0.9999997615814209,-0.02227938175201416,0.07159671187400818,0.26816821098327637,0.0
61,1,0.3782595098018646,-0.0629127025604248,0.02147405780851841,0.9522067308425903,0.9545243978500366,0.11047489941120148,0.11692266911268234,0.1174875795841217,0.1991957426071167,-7.354095578193665e-05,-0.00027718767523765564,0.9562208652496338,0.942358672618866,5.84694766998291,0.0,813.1525268554688,12,751.93994140625,813.1525268554688,-0.9999997615814209,,,,
62,0,0.37414273619651794,0.08282600343227386,-0.17069827020168304,0.4145823121070862,0.4559347927570343,0.10432171076536179,0.1659017652273178,0.08504719287157059,0.21363389492034912,-0.0044073425233364105,-0.004415081813931465,0.3688877820968628,0.3311499059200287,6.230237007141113,0.0,1031.8426513671875,6,1031.8426513671875,931.9312133789062,-0.9999997615814209,-0.15627627074718475,0.23146039247512817,0.3755355775356293,0.0
62,1,0.3780277669429779,0.18263918161392212,-0.1724730283021927,0.9326773285865784,0.9659146070480347,0.18270158767700195,-0.31916695833206177,0.46049830317497253,0.589326798915863,-0.0003120787441730499,-0.0004448499530553818,0.9499849677085876,0.9311591982841492,6.69297456741333,0.0,918.612548828125,6,918.612548828125,916.1680908203125,-0.9999997615814209,,,,
63,0,0.37415698170661926,0.0061945924535393715,-0.040915004909038544,0.4648246765136719,0.46666303277015686,0.16124622523784637,0.07788153737783432,-0.36182528734207153,0.40371203422546387,-0.004391266033053398,-0.0044001564383506775,0.4374043941497803,0.39175572991371155,4.352153301239014,0.0,1004.6925659179688,6,1004.6925659179688,911.21923828125,-0.9999997615814209,-0.08961586654186249,0.09625725448131561,0.2970603108406067,0.0
63,1,0.37813588976860046,0.07789495587348938,-0.041266873478889465,0.9441892504692078,0.9482952952384949,0.13163354992866516,-0.28668054938316345,-0.09926638752222061,0.33070674538612366,-0.0002176295965909958,-0.0003553573042154312,0.9530317783355713,0.9387215375900269,6.3202104568481445,0.0,858.45849609375,12,844.7744140625,858.45849609375,-0.9999997615814209,,,,
64,0,0.3743935525417328,-0.3070148229598999,0.013470502570271492,0.6833678483963013,0.7492871284484863,0.1223510205745697,0.31631216406822205,0.2563304603099823,0.4251216948032379,-0.004121864214539528,-0.004178205505013466,0.6959670186042786,0.6709591150283813,2.5020253658294678,0.0,746.95068359375,6,746.95068359375,721.3336181640625,-0.9999997615814209,0.2745855450630188,0.38438573479652405,0.32030144333839417,0.0
64,1,0.37875205278396606,-0.3137080669403076,0.01742049865424633,0.9681420922279358,1.0178483724594116,0.04704463109374046,0.30990132689476013,0.3044891059398651,0.4369961619377136,0.0003704223781824112,0.0002293568104505539,0.9695215821266174,0.9606606364250183,4.301275253295898,0.0,540.3015747070312,12,523.6401977539062,540.3015747070312,-0.9999997615814209,,,,
65,0,0.374142587184906,0.059436872601509094,0.2631051540374756,0.4462635815143585,0.5214482545852661,0.44752514362335205,0.26419228315353394,-0.017616722732782364,0.519987165927887,-0.004378886893391609,-0.00443616509437561,0.4396529793739319,0.33037832379341125,6.245754718780518,0.0,984.3685302734375,6,984.3685302734375,932.6085205078125,-0.9999997615814209,-0.10931798815727234,0.2949732542037964,0.2865341305732727,0.0
65,1,0.37809690833091736,0.1461280733346939,0.2889656722545624,0.9374255537986755,0.9917768239974976,0.15984877943992615,-0.1650233268737793,0.3490563631057739,0.41788119077682495,-0.00018927082419395447,-0.00045182928442955017,0.9494888186454773,0.9344599843025208,6.32326602935791,0.0,911.3410034179688,12,835.1553955078125,911.3410034179688,-0.9999997615814209,,,,
66,0,0.37427762150764465,-0.033370792865753174,0.23375378549098969,0.6134139895439148,0.6572908163070679,0.26416367292404175,0.2507875859737396,-0.1646830141544342,0.3997465968132019,-0.004238877445459366,-0.004294184967875481,0.6228588223457336,0.5672228932380676,3.8871517181396484,0.0,849.0192260742188,6,849.0192260742188,808.6832885742188,-0.9999997615814209,0.14321193099021912,0.27058589458465576,0.24945516884326935,0.0
66,1,0.37853023409843445,-0.014854679815471172,0.2523343563079834,0.9627692103385925,0.9953982830047607,0.0715595930814743,0.1287069469690323,-0.009756761603057384,0.14758539199829102,0.00017697177827358246,-1.1874362826347351e-05,0.9639435410499573,0.953445553779602,5.035452842712402,0.0,663.111572265625,12,613.1817626953125,663.111572265625,-0.9999997615814209,,,,
67,0,0.37416455149650574,-0.3558556139469147,-0.29622766375541687,0.4051571786403656,0.6152530908584595,0.07268955558538437,0.11410857737064362,-0.03781048208475113,0.14047837257385254,-0.004386717453598976,-0.004388533532619476,0.3557712435722351,0.3238641619682312,6.336834907531738,0.0,1040.69091796875,6,1040.69091796875,941.045654296875,-0.9999997615814209,-0.17081287503242493,0.39969494938850403,0.32896509766578674,0.0
67,1,0.37801700830459595,-0.25462016463279724,-0.2980645000934601,0.9246355891227722,1.0043030977249146,0.20329782366752625,-0.3773389458656311,0.3957005441188812,0.5833469033241272,-0.0003038085997104645,-0.0004286356270313263,0.948947548866272,0.9282096028327942,6.7320709228515625,0.0,924.8558959960938,6,924.8558959960938,915.5790405273438,-0.9999997615814209,,,,
68,0,0.3741617202758789,0.2536570727825165,-0.011414488777518272,0.49852660298347473,0.5594649314880371,0.2306058555841446,-0.14896737039089203,-0.09158693999052048,0.28941062092781067,-0.004374003037810326,-0.004387717694044113,0.4843175709247589,0.4285895526409149,3.558256149291992,0.0,962.9246826171875,6,962.9246826171875,879.8081665039062,-0.9999997615814209,-0.03204450011253357,0.23588813841342926,0.17464812099933624,0.0
68,1,0.3781964182853699,0.31581252813339233,-0.008421998471021652,0.9483307003974915,0.9995696544647217,0.11295894533395767,-0.47193944454193115,0.1615717113018036,0.5114606022834778,-0.00014374218881130219,-0.0002912934869527817,0.9564222693443298,0.9432254433631897,6.006520748138428,0.0,817.530517578125,12,788.5576782226562,817.530517578125,-0.9999997615814209,,,,
69,0,0.37428390979766846,-0.18113598227500916,0.242140531539917,0.613498330116272,0.6839755177497864,0.13695569336414337,0.2809009850025177,-0.18377108871936798,0.36253833770751953,-0.00424782931804657,-0.004277165979146957,0.6185859441757202,0.590133547782898,3.3073527812957764,0.0,867.609619140625,6,867.609619140625,805.4034423828125,-0.9999997615814209,0.13973468542099,0.3210947811603546,0.3296138048171997,0.0
69,1,0.3785287141799927,-0.1769707202911377,0.2527703046798706,0.962741494178772,1.0109810829162598,0.06461324542760849,0.21997487545013428,-0.09963009506464005,0.24997994303703308,0.00015259534120559692,1.5076249837875366e-05,0.9638822674751282,0.9524140954017639,5.018664836883545,0.0,647.5471801757812,12,624.6411743164062,647.5471801757812,-0.9999997615814209,,,,
70,0,0.3741292357444763,-0.1927812397480011,-0.0612352155148983,0.4053627550601959,0.4530268609523773,0.27494677901268005,0.16869443655014038,-0.2450597733259201,0.4051022529602051,-0.00441434420645237,-0.004441604018211365,0.3730040192604065,0.3012182116508484,5.233893394470215,0.0,1041.6729736328125,6,1041.6729736328125,964.5538330078125,-0.9999997615814209,-0.17863091826438904,0.22208885848522186,0.06280683726072311,0.0
70,1,0.3780016601085663,-0.09654013067483902,-0.054973211139440536,0.9321752190589905,0.9387719631195068,0.18952839076519012,-0.3030628263950348,0.15988241136074066,0.39157435297966003,-0.0003139972686767578,-0.0005050059407949448,0.9490030407905579,0.9291204214096069,6.684929847717285,0.0,946.2608642578125,12,915.7138061523438,946.2608642578125,-0.9999997615814209,,,,
71,0,0.3741479814052582,0.1658293753862381,0.03587154299020767,0.49526557326316833,0.5235208868980408,0.5140513181686401,-0.3930165767669678,-0.47978755831718445,0.8055475950241089,-0.004365816712379456,-0.004414675757288933,0.5056349039077759,0.3882347643375397,4.90236759185791,0.0,936.838623046875,6,936.838623046875,891.9785766601562,-0.9999997615814209,-0.031104445457458496,0.150752991437912,0.40746116638183594,0.0
71,1,0.3781859874725342,0.22310800850391388,0.053792912513017654,0.9495130777359009,0.9768551588058472,0.10831793397665024,-0.6997143030166626,-0.17474031448364258,0.7292921543121338,-0.00010490044951438904,-0.0003528166562318802,0.9544529318809509,0.9410885572433472,5.956288814544678,0.0,852.94287109375,12,765.1888427734375,852.94287109375,-0.9999997615814209,,,,
72,0,0.37413445115089417,-0.3633660674095154,0.1029883399605751,0.44595271348953247,0.5843930840492249,0.5330584049224854,0.11881527304649353,-0.04599374532699585,0.5480727553367615,-0.004390565678477287,-0.0044507551938295364,0.46071377396583557,0.3342313766479492,5.484167575836182,0.0,1031.058349609375,6,1031.058349609375,972.2069702148438,-0.9999997615814209,-0.13524892926216125,0.33757737278938293,0.2975306212902069,0.0
72,1,0.37807533144950867,-0.29939186573028564,0.12015777081251144,0.9388576745986938,0.9927372336387634,0.15507136285305023,-0.21380679309368134,0.3188633918762207,0.4140463173389435,-0.0001984070986509323,-0.0004704650491476059,0.9508147239685059,0.932961642742157,6.407283782958984,0.0,915.8567504882812,12,831.1478881835938,915.8567504882812,-0.9999997615814209,,,,
73,0,0.37409618496894836,-0.2948846220970154,0.3117327094078064,0.3578375279903412,0.5587323904037476,0.37037020921707153,0.3634312152862549,-0.0917757898569107,0.5269526839256287,-0.004436073824763298,-0.004498042166233063,0.32714346051216125,0.23577964305877686,7.34245491027832,0.0,1089.3271484375,6,1089.3271484375,1025.2352294921875,-0.9999997615814209,-0.27675119042396545,0.45038357377052307,0.2701830267906189,0.0
73,1,0.37789204716682434,-0.1454576849937439,0.34063079953193665,0.9131518006324768,0.9854102730751038,0.2624908685684204,-0.3397365212440491,0.5543389320373535,0.7011519074440002,-0.0003779679536819458,-0.0006499495357275009,0.948098361492157,0.926737904548645,7.122845649719238,0.0,1011.4234008789062,12,956.2117309570312,1011.4234008789062,-0.9999997615814209,,,,
74,0,0.3741719424724579,-0.11565165966749191,-0.3064752221107483,0.41327396035194397,0.5273497700691223,0.27372705936431885,0.41946569085121155,-0.03033059649169445,0.501794695854187,-0.004372728988528252,-0.004398223012685776,0.39022618532180786,0.31711262464523315,6.744697093963623,0.0,1024.398193359375,6,1024.398193359375,946.4627075195312,-0.9999997615814209,-0.15910032391548157,0.31138306856155396,0.2668894827365875,0.0
74,1,0.3780502378940582,-0.013934537768363953,-0.3067105710506439,0.9285151362419128,0.9779601097106934,0.2197306603193283,-0.07102746516466141,0.4655725359916687,0.5196962952613831,-0.00026149116456508636,-0.0004402492195367813,0.9503964185714722,0.9305399656295776,6.624002933502197,0.0,924.6802978515625,12,902.2463989257812,924.6802978515625,-0.9999997615814209,,,,
75,0,0.37425529956817627,-0.143376424908638,-0.25243309140205383,0.5670930743217468,0.6370822787284851,0.14286234974861145,-0.2613694965839386,0.07485724985599518,0.307127445936203,-0.0042799655348062515,-0.004287559539079666,0.557388961315155,0.5209255814552307,3.24076509475708,0.0,888.3273315429688,6,888.3273315429688,811.5315551757812,-0.9999997615814209,0.08263546228408813,0.2668074071407318,0.32354363799095154,0.0
75,1,0.37840133905410767,-0.1148773804306984,-0.2582384943962097,0.9564422965049744,0.9973293542861938,0.07755344361066818,-0.4340892434120178,0.24562397599220276,0.504756510257721,3.8426369428634644e-05,-6.884895265102386e-05,0.9605466723442078,0.9490671157836914,5.453420639038086,0.0,709.3106689453125,12,697.5245971679688,709.3106689453125,-0.9999997615814209,,,,
76,0,0.3740561008453369,0.09106572717428207,0.22372695803642273,0.3528936803340912,0.4276455044746399,0.30098623037338257,-0.2632094621658325,-0.17713449895381927,0.4373197555541992,-0.004475390538573265,-0.004515582695603371,0.3108205795288086,0.23311074078083038,6.099798202514648,0.0,1078.9888916015625,6,1078.9888916015625,1004.3307495117188,-0.9999997615814209,-0.26226961612701416,0.3629995584487915,0.2927190065383911,0.0
76,1,0.37783944606781006,0.22964121401309967,0.2371857911348343,0.9214727878570557,0.9788280129432678,0.21961745619773865,-0.9302074313163757,0.25969600677490234,0.9904341101646423,-0.00044767744839191437,-0.0006698258221149445,0.9483851194381714,0.9251262545585632,7.031988143920898,0.0,1019.3640747070312,12,983.8978881835938,1019.3640747070312,-0.9999997615814209,,,,
77,0,0.37424153089523315,-0.156622514128685,-0.2866448760032654,0.5244752764701843,0.6178755760192871,0.3606480360031128,0.3252503573894501,-0.5204752087593079,0.7118632197380066,-0.004296312108635902,-0.0043168142437934875,0.5299715399742126,0.4451133608818054,4.265406608581543,0.0,923.9151000976562,6,923.9151000976562,864.9733276367188,-0.9999997615814209,0.011793971061706543,0.2815583050251007,0.35428839921951294,0.0
77,1,0.3783135414123535,-0.11618175357580185,-0.28634434938430786,0.9495289921760559,0.9985472559928894,0.10868170857429504,0.10391183942556381,-0.24020422995090485,0.283385694026947,-1.7277896404266357e-05,-0.0001854822039604187,0.957859456539154,0.9442906975746155,5.715863227844238,0.0,787.4321899414062,12,738.0994873046875,787.4321899414062,-0.9999997615814209,,,,
78,0,0.3740934133529663,-0.26454782485961914,0.06662776321172714,0.37905240058898926,0.4670177102088928,0.2618424892425537,0.062416497617959976,-0.06636989116668701,0.27724045515060425,-0.004448750987648964,-0.0044784024357795715,0.33964428305625916,0.26922932267189026,5.470635890960693,0.0,1078.9896240234375,6,1078.9896240234375,991.6924438476562,-0.9999997615814209,-0.22561243176460266,0.30851122736930847,0.2602684795856476,0.0
78,1,0.37791675329208374,-0.1618056297302246,0.07410960644483566,0.9282933473587036,0.9451993703842163,0.19787196815013885,-0.4425440728664398,0.33966439962387085,0.5919209718704224,-0.0003898516297340393,-0.0005873944610357285,0.9465063214302063,0.9249979257583618,6.912302494049072,0.0,981.6819458007812,12,953.30029296875,981.6819458007812,-0.9999997615814209,,,,
79,0,0.3741474151611328,0.0722355991601944,0.026119383051991463,0.4677514433860779,0.4740164577960968,0.41819897294044495,0.12406164407730103,-0.1216186061501503,0.4528495967388153,-0.00438314862549305,-0.004422485828399658,0.4633373022079468,0.36432671546936035,4.401223182678223,0.0,981.1104736328125,6,981.1104736328125,919.2946166992188,-0.9999997615814209,-0.0816638320684433,0.12663309276103973,0.1868128925561905,0.0
79,1,0.3781353235244751,0.13851319253444672,0.03703271970152855,0.9454084634780884,0.9562188386917114,0.13310343027114868,-0.2168959528207779,0.1981462836265564,0.32252490520477295,-0.00017892569303512573,-0.00039645470678806305,0.9530864357948303,0.9373422265052795,6.1523003578186035,0.0,880.5377807617188,12,817.0922241210938,880.5377807617188,-0.9999997615814209,,,,
80,0,0.3742222785949707,-0.055751651525497437,0.015784556046128273,0.5661025643348694,0.569060206413269,0.22844645380973816,-0.024159306660294533,-0.4394690692424774,0.4958876073360443,-0.004304589703679085,-0.004340142011642456,0.5622991919517517,0.5119079351425171,3.0332531929016113,0.0,900.0450439453125,6,900.0450439453125,849.2660522460938,-0.9999997615814209,0.06621000170707703,0.0843430608510971,0.24367636442184448,0.0
80,1,0.3783823549747467,-0.024854028597474098,0.02092669904232025,0.9587240815162659,0.9592744708061218,0.08183179795742035,-0.20599991083145142,-0.2790091931819916,0.3563404679298401,2.5743618607521057e-05,-0.0001364629715681076,0.9602751135826111,0.9481813907623291,5.432499408721924,0.0,724.708251953125,12,691.853759765625,724.708251953125,-0.9999997615814209,,,,
81,0,0.374248206615448,-0.016850270330905914,0.16363048553466797,0.5910861492156982,0.6135484576225281,0.43961644172668457,0.13704513013362885,0.08007212728261948,0.4673922657966614,-0.004253672435879707,-0.004337036982178688,0.615898847579956,0.5165705680847168,5.418692588806152,0.0,862.9552001953125,6,862.9552001953125,839.8796997070312,-0.9999997615814209,0.10631626844406128,0.18769992887973785,0.4086279273033142,0.0
81,1,0.3784640431404114,0.0058624641969799995,0.18738818168640137,0.9601796865463257,0.9783117175102234,0.08133524656295776,-0.007394889835268259,0.3026769459247589,0.31350189447402954,0.00014550238847732544,-0.00010538101196289062,0.9611131548881531,0.9496135711669922,5.285933017730713,0.0,711.1549072265625,12,628.7321166992188,711.1549072265625,-0.9999997615814209,,,,
82,0,0.3742977976799011,-0.25878769159317017,0.07189308106899261,0.6300660371780396,0.6849254369735718,0.1659495234489441,0.047495219856500626,0.21823859214782715,0.278250128030777,-0.004205359145998955,-0.004287408664822578,0.6365742087364197,0.6041454672813416,3.1434152126312256,0.0,824.6756591796875,6,824.6756591796875,814.1942138671875,-0.9999997615814209,0.16672569513320923,0.29539042711257935,0.2509882152080536,0.0
82,1,0.3785681128501892,-0.25386542081832886,0.08089371770620346,0.964428722858429,1.0005569458007812,0.05622594803571701,-0.01632949709892273,0.2792312204837799,0.2853034734725952,0.0002177208662033081,3.041699528694153e-05,0.9650000333786011,0.9547737240791321,4.8774638175964355,0.0,625.7023315429688,12,599.4125366210938,625.7023315429688,-0.9999997615814209,,,,
83,0,0.37419307231903076,-0.3369124233722687,0.10472483932971954,0.5333776473999023,0.6395068168640137,0.2031165212392807,-0.03062642738223076,-0.43660733103752136,0.48251453042030334,-0.0043488554656505585,-0.00435836985707283,0.5255057215690613,0.4745141267776489,3.222067356109619,0.0,966.4501953125,6,966.4501953125,878.5315551757812,-0.9999997615814209,0.003211289644241333,0.3149472177028656,0.34988147020339966,0.0
83,1,0.37828540802001953,-0.30531540513038635,0.11065851151943207,0.9521446228027344,1.0060030221939087,0.10005328059196472,-0.22002659738063812,-0.2247857004404068,0.33007723093032837,-6.360933184623718e-05,-0.0002052895724773407,0.9570304155349731,0.9439957737922668,5.765031337738037,0.0,766.0782470703125,12,736.8023681640625,766.0782470703125,-0.9999997615814209,,,,
84,0,0.37408703565597534,-0.29866474866867065,-0.022080935537815094,0.3478626012802124,0.45901697874069214,0.4366317689418793,0.10063943266868591,-0.37031829357147217,0.5813013315200806,-0.004447599872946739,-0.004498252645134926,0.31980717182159424,0.21214038133621216,6.6239423751831055,0.0,1081.6634521484375,6,1081.6634521484375,1022.4650268554688,-0.9999997615814209,-0.267965704202652,0.3423320949077606,0.2684346139431,0.0
84,1,0.37785691022872925,-0.17111459374427795,-0.00986812449991703,0.9196714758872986,0.9355069398880005,0.2595990002155304,-0.5094553828239441,0.21231576800346375,0.6099298596382141,-0.0004142019897699356,-0.000673023983836174,0.9460801482200623,0.9219202995300293,7.034599781036377,0.0,1033.8084716796875,12,979.5311279296875,1033.8084716796875,-0.9999997615814209,,,,
85,0,0.3740403950214386,0.07018887251615524,0.18220654129981995,0.33454903960227966,0.3873612880706787,0.12849023938179016,-0.23621170222759247,-0.5258022546768188,0.5905706882476807,-0.004501964896917343,-0.004523785784840584,0.26732704043388367,0.22320598363876343,5.96701717376709,0.0,1104.4722900390625,6,1104.4722900390625,1014.3700561523438,-0.9999997615814209,-0.29894766211509705,0.36665961146354675,0.4222564697265625,0.0
85,1,0.37778693437576294,0.20669183135032654,0.18926014006137848,0.9204049110412598,0.962125837802887,0.1978534311056137,-0.8964765071868896,-0.17664705216884613,0.9348905086517334,-0.0005206223577260971,-0.0006978940218687057,0.9443577527999878,0.9216340184211731,7.269052982330322,0.0,1031.661865234375,12,1026.825439453125,1031.661865234375,-0.9999997615814209,,,,
86,0,0.37407082319259644,-0.09014367312192917,0.12352321296930313,0.3657854497432709,0.39646294713020325,0.5666602849960327,-0.008338685147464275,-0.11716877669095993,0.5787070989608765,-0.004451364278793335,-0.004521185532212257,0.35614103078842163,0.22078709304332733,6.383181571960449,0.0,1067.791015625,6,1067.791015625,1017.2725830078125,-0.9999997615814209,-0.2438589483499527,0.2742021977901459,0.3421041667461395,0.0
86,1,0.37787869572639465,0.02230936661362648,0.14221522212028503,0.9270229339599609,0.9381334781646729,0.22681669890880585,-0.5576131343841553,0.37611809372901917,0.7098190188407898,-0.00037964247167110443,-0.000681217759847641,0.9460462927818298,0.9234946966171265,6.981656074523926,0.0,1028.44091796875,12,946.1919555664062,1028.44091796875,-0.9999997615814209,,,,
87,0,0.3741479516029358,0.1486722081899643,-0.11974179744720459,0.4387281835079193,0.4784599840641022,0.3965587019920349,0.17977577447891235,-0.38688161969184875,0.5824564695358276,-0.004385003820061684,-0.0044211894273757935,0.42519205808639526,0.3278922438621521,5.302647113800049,0.0,985.4061279296875,6,985.4061279296875,927.4312744140625,-0.9999997615814209,-0.11549878120422363,0.22758907079696655,0.25819313526153564,0.0
87,1,0.378079354763031,0.23457641899585724,-0.11170804500579834,0.9381409883499146,0.9734543561935425,0.16130854189395905,-0.2480672150850296,-0.0011672393884509802,0.2959039509296417,-0.00022522173821926117,-0.0004383847117424011,0.9514317512512207,0.9348906874656677,6.342120170593262,0.0,913.9682006835938,12,858.7706298828125,913.9682006835938,-0.9999997615814209,,,,
88,0,0.3741738200187683,0.06034873425960541,-0.04518057778477669,0.49114733934402466,0.4968993365764618,0.22458042204380035,0.12471205741167068,-0.41844695806503296,0.49100643396377563,-0.004369581118226051,-0.004380974918603897,0.47136253118515015,0.41363826394081116,3.8147776126861572,0.0,968.2808837890625,6,968.2808837890625,886.8226928710938,-0.9999997615814209,-0.04366034269332886,0.09025769680738449,0.2605763375759125,0.0
88,1,0.37819918990135193,0.11696427315473557,-0.04310332238674164,0.9488537311553955,0.9570067524909973,0.11419167369604111,-0.17250956594944,-0.16318181157112122,0.263491153717041,-0.0001517459750175476,-0.00029968470335006714,0.9540514349937439,0.9402097463607788,6.056366443634033,0.0,829.8929443359375,12,801.76953125,829.8929443359375,-0.9999997615814209,,,,
89,0,0.37411239743232727,0.0575999915599823,-0.1751973181962967,0.35895854234695435,0.403562992811203,0.102376289665699,0.34152087569236755,0.01507914811372757,0.35685402154922485,-0.0044391341507434845,-0.004453377798199654,0.2979494035243988,0.2567841708660126,7.126442909240723,0.0,1069.864013671875,6,1069.864013671875,974.9038696289062,-0.9999997615814209,-0.23869408667087555,0.29349344968795776,0.35273241996765137,0.0
89,1,0.37790003418922424,0.18895874917507172,-0.17429623007774353,0.9207655787467957,0.9559779167175293,0.2339937537908554,-0.2804449498653412,0.5158075094223022,0.632028341293335,-0.0004250966012477875,-0.0005775541067123413,0.9463397860527039,0.9249284863471985,7.081965923309326,0.0,994.48291015625,6,994.48291015625,988.9344482421875,-0.9999997615814209,,,,
90,0,0.3741878867149353,-0.22901448607444763,-0.2581266760826111,0.45006224513053894,0.567126989364624,0.14512594044208527,0.21195432543754578,-0.31926000118255615,0.40977203845977783,-0.004363147541880608,-0.004368599504232407,0.42171379923820496,0.37860482931137085,5.449149131774902,0.0,1008.3088989257812,6,1008.3088989257812,916.5237426757812,-0.9999997615814209,-0.10697132349014282,0.28816530108451843,0.1994987428188324,0.0
90,1,0.3781290054321289,-0.1482039988040924,-0.26105183362960815,0.9359493255615234,0.9829108119010925,0.17006510496139526,-0.1877478063106537,0.04429471120238304,0.2571641504764557,-0.00020927749574184418,-0.00034071505069732666,0.9527138471603394,0.9354356527328491,6.405479907989502,0.0,866.2537841796875,12,860.985595703125,866.2537841796875,-0.9999997615814209,,,,
91,0,0.3742732107639313,0.27386605739593506,0.23202551901340485,0.6371049880981445,0.7312600016593933,0.206907257437706,-0.6081398725509644,0.1996934413909912,0.6726976633071899,-0.0042060259729623795,-0.004271421581506729,0.620754599571228,0.5788634419441223,5.385973930358887,0.0,766.4656372070312,6,766.4656372070312,749.8045654296875,-0.9999997615814209,0.21072357892990112,0.3751109838485718,0.39019060134887695,0.0
91,1,0.37856024503707886,0.3008515238761902,0.25390830636024475,0.9623759984970093,1.039783000946045,0.06170925870537758,-0.7729468941688538,0.2890617549419403,0.827533483505249,0.00023701786994934082,5.2617862820625305e-05,0.9661437273025513,0.9562105536460876,4.7264814376831055,0.0,620.7810668945312,12,578.5642700195312,620.7810668945312,-0.9999997615814209,,,,
92,0,0.37427207827568054,-0.3458956778049469,-0.24371623992919922,0.5609028935432434,0.7026048302650452,0.12079653888940811,0.36191272735595703,-0.05052400007843971,0.3848704993724823,-0.004270298406481743,-0.004278169944882393,0.5586389303207397,0.5277462005615234,3.0986082553863525,0.0,915.63232421875,6,915.63232421875,838.307861328125,-0.9999997615814209,0.06176695227622986,0.3597078323364258,0.25046035647392273,0.0
92,1,0.37839868664741516,-0.3341556191444397,-0.24702142179012299,0.9531137347221375,1.0397621393203735,0.07005131989717484,0.26726385951042175,0.10005170851945877,0.2938494384288788,3.8329511880874634e-05,-6.863661110401154e-05,0.9592539072036743,0.9475535154342651,5.519876480102539,0.0,711.6090698242188,12,700.768310546875,711.6090698242188,-0.9999997615814209,,,,
93,0,0.3741353154182434,0.2467905879020691,-0.2882809638977051,0.4037854075431824,0.554124653339386,0.38783594965934753,-0.2918638288974762,-0.5150024890899658,0.707692563533783,-0.004387972876429558,-0.0044258963316679,0.382775217294693,0.28448641300201416,7.186233997344971,0.0,980.27880859375,6,980.27880859375,929.5668334960938,-0.9999997615814209,-0.1507004052400589,0.3836081922054291,0.38011687994003296,0.0
93,1,0.37799111008644104,0.36041581630706787,-0.2819609045982361,0.9265087246894836,1.0333536863327026,0.20912809669971466,-0.8466157913208008,-0.02948763594031334,0.8725607991218567,-0.00027716532349586487,-0.0004951022565364838,0.9508095979690552,0.9304885268211365,6.526622295379639,0.0,950.1056518554688,12,903.4404907226562,950.1056518554688,-0.9999997615814209,,,,
94,0,0.37430936098098755,-0.1701091229915619,0.11686770617961884,0.6518158912658691,0.6837098002433777,0.16362620890140533,-0.3364170491695404,-0.1896847039461136,0.4194404184818268,-0.004185013473033905,-0.004262018948793411,0.6505255699157715,0.6204923391342163,4.5182785987854,0.0,770.753173828125,6,770.753173828125,767.9371948242188,-0.9999997615814209,0.21913325786590576,0.3008357286453247,0.32227376103401184,0.0
94,1,0.378625750541687,-0.16176709532737732,0.13171841204166412,0.9669207334518433,0.9891683459281921,0.051852986216545105,-0.4156816899776459,-0.1476902961730957,0.4441761374473572,0.0002745799720287323,9.22810286283493e-05,0.9665887951850891,0.9566906094551086,4.648422718048096,0.0,597.2897338867188,12,566.5039672851562,597.2897338867188,-0.9999997615814209,,,,
95,0,0.3743040859699249,-0.028250623494386673,-0.019757864996790886,0.6344001889228821,0.63533616065979,0.17739009857177734,0.021210655570030212,-0.13876432180404663,0.22621378302574158,-0.004193302243947983,-0.0042763929814100266,0.6307266354560852,0.5974034667015076,3.7194974422454834,0.0,788.8712158203125,12,781.7320556640625,788.8712158203125,-0.9999997615814209,0.1914178431034088,0.1941831409931183,0.2521993815898895,0.0
95,1,0.3785892128944397,-0.013788576237857342,-0.009791648015379906,0.9660812616348267,0.9662293195724487,0.05334170162677765,-0.08336570858955383,-0.08540119230747223,0.13072314858436584,0.00023659877479076385,4.6215951442718506e-05,0.965514600276947,0.9555416107177734,4.781333923339844,0.0,623.6864624023438,12,594.6702270507812,623.6864624023438,-0.9999997615814209,,,,
96,0,0.37425071001052856,-0.12544040381908417,0.30048704147338867,0.5779774785041809,0.6633895635604858,0.39771151542663574,0.16379716992378235,-0.1494542956352234,0.45534664392471313,-0.004275567829608917,-0.004314227029681206,0.5984810590744019,0.5073373317718506,4.710118770599365,0.0,898.0563354492188,6,898.0563354492188,830.591552734375,-0.9999997615814209,0.08473879098892212,0.32229140400886536,0.14313432574272156,0.0
96,1,0.378438264131546,-0.09529920667409897,0.3250176012516022,0.9567059278488159,1.0148913860321045,0.09630134701728821,-0.01324855163693428,0.13828937709331512,0.16903674602508545,0.00010509975254535675,-0.00010082125663757324,0.9611442685127258,0.9486260414123535,5.332017421722412,0.0,724.9069213867188,12,648.8833618164062,724.9069213867188,-0.9999997615814209,,,,
97,0,0.3742755353450775,0.021646318957209587,0.2785971462726593,0.6091492176055908,0.6701847910881042,0.38205868005752563,0.06471791118383408,-0.34100744128227234,0.5161815285682678,-0.004227319732308388,-0.004296928644180298,0.6282690763473511,0.5421704649925232,6.153843879699707,0.0,832.0806274414062,6,832.0806274414062,805.9556274414062,-0.9999997615814209,0.1447763741016388,0.30236536264419556,0.2544498145580292,0.0
97,1,0.37852224707603455,0.04438675194978714,0.3052496314048767,0.9604341983795166,1.0087523460388184,0.07808378338813782,-0.07685711979866028,-0.14007830619812012,0.177837073802948,0.00019710510969161987,-3.056973218917847e-05,0.9637077450752258,0.9507551789283752,5.092554092407227,0.0,679.56005859375,12,603.8998413085938,679.56005859375,-0.9999997615814209,,,,
98,0,0.3742973804473877,-0.24052132666110992,-0.1757643222808838,0.5983821749687195,0.6684346199035645,0.12251146882772446,0.3803410828113556,-0.28149542212486267,0.48878225684165955,-0.004229333251714706,-0.004271376878023148,0.5950407981872559,0.5712571144104004,2.907198429107666,0.0,857.5922241210938,6,857.5922241210938,824.1131591796875,-0.9999997615814209,0.12148702144622803,0.2787679433822632,0.3242230713367462,0.0
98,1,0.37849903106689453,-0.22927100956439972,-0.18002311885356903,0.9597327709197998,1.0030256509780884,0.06539582461118698,0.2898233234882355,-0.23818641901016235,0.38079777359962463,0.00013156794011592865,-3.0584633350372314e-06,0.9631316065788269,0.9517725110054016,5.162230968475342,0.0,660.50927734375,12,652.7384033203125,660.50927734375,-0.9999997615814209,,,,
99,0,0.3741241991519928,-0.0423155352473259,0.05851482227444649,0.42938101291656494,0.43541088700294495,0.47701317071914673,0.2554641664028168,-0.47816136479377747,0.7221092581748962,-0.004408026114106178,-0.0044561587274074554,0.4224102199077606,0.3120722770690918,5.026825904846191,0.0,1019.85693359375,6,1019.85693359375,965.0111083984375,-0.9999997615814209,-0.1472848802804947,0.16014733910560608,0.2995367646217346,0.0
99,1,0.3780478537082672,0.040449108928442,0.0746816098690033,0.9384878277778625,0.9423231482505798,0.16151723265647888,-0.15946318209171295,-0.10122573375701904,0.2485215812921524,-0.00024864450097084045,-0.0004995279014110565,0.9500441551208496,0.9324012994766235,6.476251125335693,0.0,938.0016479492188,12,864.0682983398438,938.0016479492188,-0.9999997615814209,,,,
100,0,0.3742843270301819,0.18063248693943024,0.21146605908870697,0.6391456723213196,0.6970316767692566,0.0794263631105423,-0.1339774876832962,-0.2201087325811386,0.2696411907672882,-0.00421832874417305,-0.004267683252692223,0.627488911151886,0.610632061958313,4.528251647949219,0.0,784.5056762695312,6,784.5056762695312,758.1865234375,-0.9999997615814209,0.20524269342422485,0.3301730453968048,0.1483124941587448,0.0
100,1,0.37858107686042786,0.197980135679245,0.22682738304138184,0.965277910232544,1.0111420154571533,0.05336853116750717,-0.25190168619155884,-0.15087182819843292,0.29843753576278687,0.00021908804774284363,7.135234773159027e-05,0.9658350348472595,0.956285297870636,4.704174041748047,0.0,609.4442749023438,12,591.0423583984375,609.4442749023438,-0.9999997615814209,,,,
101,0,0.3742205500602722,-0.24722257256507874,0.12179318815469742,0.5592244267463684,0.6234456896781921,0.28154516220092773,0.266705721616745,-0.35319745540618896,0.5245455503463745,-0.004313811659812927,-0.0043488312512636185,0.5683822631835938,0.5028874278068542,3.495760917663574,0.0,941.1170654296875,6,941.1170654296875,875.6493530273438,-0.9999997615814209,0.03875243663787842,0.24349798262119293,0.20111727714538574,0.0
101,1,0.37836867570877075,-0.2243965119123459,0.13398517668247223,0.9561917185783386,0.9912660717964172,0.09158117324113846,0.12084078788757324,-0.14248192310333252,0.20806418359279633,2.0693987607955933e-05,-0.0001569986343383789,0.9594755172729492,0.9463770985603333,5.526644229888916,0.0,739.0360107421875,12,691.6307373046875,739.0360107421875,-0.9999997615814209,,,,
102,0,0.3741256892681122,-0.2887962758541107,0.14130310714244843,0.4426862299442291,0.5471206307411194,0.4126415252685547,-0.12067758291959763,0.10492166876792908,0.4425434172153473,-0.004402397200465202,-0.004451235756278038,0.4366244077682495,0.3415542542934418,4.441474914550781,0.0,1029.9234619140625,6,1029.9234619140625,960.0355224609375,-0.9999997615814209,-0.13508009910583496,0.30561304092407227,0.3950865864753723,0.0
102,1,0.3780641555786133,-0.2096720039844513,0.15598665177822113,0.9381096363067627,0.9738295078277588,0.15565472841262817,-0.5210355520248413,0.45040473341941833,0.7060955166816711,-0.00022987090051174164,-0.00046570971608161926,0.9519760608673096,0.9350171089172363,6.377541542053223,0.0,909.3543701171875,12,847.2700805664062,909.3543701171875,-0.9999997615814209,,,,
103,0,0.37435442209243774,-0.25972291827201843,0.22589832544326782,0.6687974333763123,0.7521808743476868,0.15113791823387146,0.27502501010894775,-0.23990999162197113,0.39501672983169556,-0.004155060276389122,-0.004226015880703926,0.6830769181251526,0.6572757363319397,3.634097099304199,0.0,780.9904174804688,6,780.9904174804688,768.5467529296875,-0.9999997615814209,0.2347412109375,0.3931088149547577,0.26906174421310425,0.0
103,1,0.3786960244178772,-0.2671947181224823,0.24011242389678955,0.9669822454452515,1.031553030014038,0.05611070990562439,0.27001655101776123,-0.22597850859165192,0.35654401779174805,0.0003304779529571533,0.00015789829194545746,0.969140887260437,0.9583565592765808,4.545767307281494,0.0,566.724609375,12,539.7940063476562,566.724609375,-0.9999997615814209,,,,
104,0,0.37429898977279663,0.2915349006652832,0.12171408534049988,0.6501433253288269,0.7228369116783142,0.18230681121349335,0.07731083780527115,-0.03756125643849373,0.20155294239521027,-0.004184873774647713,-0.004270033910870552,0.6496071815490723,0.614811897277832,4.738498687744141,0.0,758.7488403320312,12,753.024169921875,758.7488403320312,-0.9999997615814209,0.2264995574951172,0.3608735501766205,0.34875065088272095,0.0
104,1,0.3786156177520752,0.30687808990478516,0.1400158703327179,0.9657801985740662,1.0229907035827637,0.05217062681913376,-0.028939329087734222,0.015892483294010162,0.06174002215266228,0.00027717649936676025,8.082203567028046e-05,0.9677849411964417,0.9579820036888123,4.650346755981445,0.0,601.339599609375,12,565.0057983398438,601.339599609375,-0.9999997615814209,,,,
105,0,0.3740834593772888,0.05199107900261879,0.31052693724632263,0.35413238406181335,0.4738563001155853,0.22728508710861206,0.3602769076824188,-0.1267991065979004,0.4444501996040344,-0.004452120512723923,-0.004495574161410332,0.3027186691761017,0.236846923828125,6.480964660644531,0.0,1076.71142578125,6,1076.71142578125,1001.0885009765625,-0.9999997615814209,-0.27025306224823,0.41885989904403687,0.19575105607509613,0.0
105,1,0.3778701722621918,0.1964769959449768,0.32869431376457214,0.9176822900772095,0.9943761825561523,0.22759291529655457,-0.3210524022579193,0.35099878907203674,0.5273265838623047,-0.0004255622625350952,-0.0006450694054365158,0.9469910860061646,0.9253243803977966,7.0808610916137695,0.0,1009.3389282226562,12,983.0338745117188,1009.3389282226562,-0.9999997615814209,,,,
106,0,0.3741227984428406,-0.21778200566768646,0.2301008403301239,0.40949738025665283,0.5177484750747681,0.23151996731758118,0.46576330065727234,-0.04152408614754677,0.5217865705490112,-0.004420096054673195,-0.004451422020792961,0.37277501821517944,0.30898821353912354,5.239786624908447,0.0,1056.0751953125,6,1056.0751953125,966.0845947265625,-0.9999997615814209,-0.17962509393692017,0.32826662063598633,0.3320796489715576,0.0
106,1,0.378002405166626,-0.12233954668045044,0.24153609573841095,0.9309974312782288,0.9695683717727661,0.17471837997436523,-0.0006901989108882844,0.30501705408096313,0.35151442885398865,-0.0003155861049890518,-0.0005088243633508682,0.9481034278869629,0.9294463992118835,6.638796329498291,0.0,937.6981811523438,12,908.932373046875,937.6981811523438,-0.9999997615814209,,,,
107,0,0.37420547008514404,-0.03506458178162575,0.10905107855796814,0.5547088384628296,0.5664128661155701,0.15341083705425262,0.14258871972560883,-0.4260343909263611,0.4747333228588104,-0.0043372418731451035,-0.0043441057205200195,0.5439079403877258,0.5051109194755554,3.1279449462890625,0.0,936.8328857421875,6,936.8328857421875,848.9359741210938,-0.9999997615814209,0.04325953125953674,0.13180361688137054,0.4009619653224945,0.0
107,1,0.3783434331417084,-0.004938058089464903,0.10974335670471191,0.9576428532600403,0.9639230966567993,0.08245517313480377,-0.03711127117276192,-0.2613595724105835,0.27655908465385437,-3.403797745704651e-05,-0.0001546088606119156,0.959194540977478,0.9465036392211914,5.608981609344482,0.0,734.0647583007812,12,715.8709106445312,734.0647583007812,-0.9999997615814209,,,,
108,0,0.3742131292819977,0.29765909910202026,-0.2132832258939743,0.5281391143798828,0.6426675319671631,0.11406224220991135,0.12840934097766876,0.16074998676776886,0.23524394631385803,-0.004329675808548927,-0.0043243952095508575,0.5054140090942383,0.4727758765220642,3.7151827812194824,0.0,922.5604248046875,6,922.5604248046875,829.5999755859375,-0.9999997615814209,0.026505708694458008,0.3286745250225067,0.4454731345176697,0.0
108,1,0.37828969955444336,0.3465476334095001,-0.21651974320411682,0.9498443007469177,1.0340118408203125,0.09494373202323914,-0.12974250316619873,0.37627407908439636,0.4091816246509552,-6.948411464691162e-05,-0.00016765668988227844,0.9571540951728821,0.9461459517478943,5.776159286499023,0.0,761.7185668945312,12,754.1152954101562,761.7185668945312,-0.9999997615814209,,,,
109,0,0.3741673529148102,-0.2504856586456299,0.029137272387742996,0.4813036024570465,0.5433647036552429,0.43665826320648193,0.2607119381427765,-0.5946905612945557,0.7824947237968445,-0.004369800910353661,-0.004405548796057701,0.4873758852481842,0.385102242231369,4.3374104499816895,0.0,996.5237426757812,6,996.5237426757812,934.0552368164062,-0.9999997615814209,-0.07665431499481201,0.20928169786930084,0.31577470898628235,0.0
109,1,0.3781763017177582,-0.19718191027641296,0.04192681610584259,0.9454766511917114,0.9667288661003113,0.14340931177139282,-0.01889699138700962,-0.254000723361969,0.2923007011413574,-0.00013645924627780914,-0.00035803206264972687,0.9527842998504639,0.9379317164421082,6.086725234985352,0.0,860.1730346679688,12,792.2647705078125,860.1730346679688,-0.9999997615814209,,,,
110,0,0.37434470653533936,0.014455915428698063,-0.19779492914676666,0.6522050499916077,0.6816914677619934,-0.03688023239374161,-0.11327926069498062,0.09886350482702255,0.15481063723564148,-0.004182897508144379,-0.00419645756483078,0.6346758008003235,0.6411930918693542,2.645310878753662,0.0,770.1718139648438,6,770.1718139648438,712.7222290039062,-0.9999997615814209,0.23672479391098022,0.28751471638679504,0.2546701431274414,0.0
110,1,0.3786454200744629,0.030321301892399788,-0.20486944913864136,0.9661577343940735,0.9881051182746887,0.050680458545684814,-0.22271202504634857,0.14921703934669495,0.2728275656700134,0.00024173222482204437,0.00017113052308559418,0.96771639585495,0.9582574367523193,4.670020580291748,0.0,589.530029296875,6,589.530029296875,572.1861572265625,-0.9999997615814209,,,,
111,0,0.3741702139377594,0.2487664371728897,-0.029936857521533966,0.5200059413909912,0.5772236585617065,0.1966739445924759,-0.5156473517417908,-0.1598009616136551,0.5745512843132019,-0.0043608322739601135,-0.00436805747449398,0.5032903552055359,0.45286259055137634,3.665900230407715,0.0,928.3438720703125,6,928.3438720703125,845.4180908203125,-0.9999997615814209,0.011077404022216797,0.20664165914058685,0.322509765625,0.0
111,1,0.3782406449317932,0.299715131521225,-0.02760395221412182,0.9518934488296509,0.9983447790145874,0.09297549724578857,-0.793447732925415,0.05888291820883751,0.8010436296463013,-0.00010277330875396729,-0.000235753133893013,0.957005500793457,0.944528341293335,5.80008602142334,0.0,785.6928100585938,12,760.0975952148438,785.6928100585938,-0.9999997615814209,,,,
112,0,0.37437963485717773,-0.14431022107601166,0.24056698381900787,0.6875780820846558,0.7426046133041382,0.22654211521148682,0.2151680737733841,-0.20335982739925385,0.37279197573661804,-0.0041153691709041595,-0.004203777760267258,0.7119238972663879,0.6712101697921753,4.263518333435059,0.0,743.6757202148438,12,731.9306640625,743.6757202148438,-0.9999997615814209,0.2769855856895447,0.37855657935142517,0.3351410925388336,0.0
112,1,0.3787619173526764,-0.15331605076789856,0.25944283604621887,0.9697168469429016,1.015463948249817,0.05145643651485443,0.21819911897182465,-0.17972879111766815,0.2873344123363495,0.00040621496737003326,0.0002055969089269638,0.9703099727630615,0.9614577293395996,4.400966167449951,0.0,548.2476806640625,12,504.95916748046875,548.2476806640625,-0.9999997615814209,,,,
113,0,0.3741420805454254,-0.38412848114967346,-0.3160525858402252,0.35760676860809326,0.6126389503479004,0.43102550506591797,0.4019711911678314,-0.2766212224960327,0.651063084602356,-0.004394376650452614,-0.004441151395440102,0.342411071062088,0.23545405268669128,7.757310390472412,0.0,1065.1478271484375,6,1065.1478271484375,1008.3573608398438,-0.9999997615814209,-0.2473871409893036,0.46350905299186707,0.28066787123680115,0.0
113,1,0.37791651487350464,-0.23909910023212433,-0.31204602122306824,0.9117751717567444,0.9929124116897583,0.312343031167984,-0.27402806282043457,0.5415381789207458,0.6825782656669617,-0.00034584663808345795,-0.0005881134420633316,0.9503989815711975,0.9268172979354858,6.950649738311768,0.0,1002.9505004882812,12,959.1184692382812,1002.9505004882812,-0.9999997615814209,,,,
114,0,0.37418287992477417,-0.35606274008750916,-0.3122888207435608,0.42934611439704895,0.6392520070075989,0.025988994166254997,0.1275900900363922,-0.37060272693634033,0.39281171560287476,-0.004372304305434227,-0.004363855347037315,0.38194191455841064,0.3613908886909485,5.7465338706970215,0.0,1023.812744140625,6,1023.812744140625,922.6106567382812,-0.9999997615814209,-0.13493011891841888,0.39707568287849426,0.3571287989616394,0.0
114,1,0.37807679176330566,-0.26571738719940186,-0.3161758482456207,0.928583562374115,1.0162875652313232,0.19077041745185852,-0.31564369797706604,0.017815828323364258,0.3692447543144226,-0.00025688111782073975,-0.00035970471799373627,0.9510281085968018,0.9323256015777588,6.5698137283325195,0.0,894.8645629882812,6,894.8645629882812,878.2567138671875,-0.9999997615814209,,,,
115,0,0.3743681013584137,0.07033626735210419,-0.1956743448972702,0.675383985042572,0.7066676616668701,0.1260320097208023,-0.43282949924468994,-0.24627865850925446,0.5136911869049072,-0.004126513376832008,-0.004184981808066368,0.6695194840431213,0.6443849802017212,2.985311508178711,0.0,686.5172729492188,12,683.373291015625,686.5172729492188,-0.9999997615814209,0.29528939723968506,0.3489218056201935,0.3599759340286255,0.0
115,1,0.3787139356136322,0.08372752368450165,-0.19395960867404938,0.9684593677520752,0.9912336468696594,0.04510162025690079,-0.5321694016456604,-0.1962023228406906,0.568976104259491,0.0003505535423755646,0.00020748935639858246,0.9692939519882202,0.9614570736885071,4.230245590209961,0.0,555.3160400390625,12,539.0137329101562,555.3160400390625,-0.9999997615814209,,,,
116,0,0.3741800785064697,-0.3580019474029541,-0.09647638350725174,0.4576054513454437,0.588961660861969,0.22641780972480774,0.6256572604179382,-0.052526265382766724,0.6674361824989319,-0.004370907321572304,-0.004386859014630318,0.440189003944397,0.37855756282806396,4.409570693969727,0.0,1030.0816650390625,6,1030.0816650390625,940.1690673828125,-0.9999997615814209,-0.11294281482696533,0.29321083426475525,0.3563689887523651,0.0
116,1,0.3781350255012512,-0.29282069206237793,-0.09357061237096786,0.9376709461212158,0.9867756366729736,0.15239396691322327,0.29790717363357544,0.31654489040374756,0.4606226980686188,-0.00019837170839309692,-0.00035640038549900055,0.9521383047103882,0.936842143535614,6.360306739807129,0.0,866.5905151367188,12,840.4810180664062,866.5905151367188,-0.9999997615814209,,,,
117,0,0.37418073415756226,0.07083026319742203,-0.0568741150200367,0.5043494701385498,0.5124645829200745,0.3030625879764557,0.01027237344533205,-0.27135083079338074,0.40691977739334106,-0.0043569207191467285,-0.004376938566565514,0.49561646580696106,0.4237792193889618,3.400195598602295,0.0,951.8026123046875,6,951.8026123046875,878.7725219726562,-0.9999997615814209,-0.02249816060066223,0.08976971358060837,0.06878094375133514,0.0
117,1,0.3782305419445038,0.1267905831336975,-0.05157289281487465,0.9500192403793335,0.9598292112350464,0.11480161547660828,-0.28483346104621887,0.010770916938781738,0.3072873651981354,-0.00011121295392513275,-0.0002789609134197235,0.9560399651527405,0.9427622556686401,5.917635440826416,0.0,817.6851196289062,12,774.7630004882812,817.6851196289062,-0.9999997615814209,,,,
118,0,0.3742799460887909,0.12703046202659607,0.22062188386917114,0.6299788951873779,0.6794734597206116,0.2640940845012665,-0.17282766103744507,-0.10783489048480988,0.33353176712989807,-0.004212915897369385,-0.00428617000579834,0.6298266053199768,0.5767126083374023,4.676206111907959,0.0,795.1514282226562,6,795.1514282226562,783.2025756835938,-0.9999997615814209,0.18436399102210999,0.29862499237060547,0.16592875123023987,0.0
118,1,0.3785625100135803,0.14821799099445343,0.24347619712352753,0.9644255638122559,1.0056668519973755,0.059342894703149796,-0.3087526559829712,0.00938897579908371,0.31454402208328247,0.00022864900529384613,2.2806227207183838e-05,0.9651278257369995,0.9550057649612427,4.885544300079346,0.0,640.874267578125,12,587.4032592773438,640.874267578125,-0.9999997615814209,,,,
119,0,0.3741225302219391,0.10856283456087112,-0.3025718331336975,0.35913997888565063,0.4819929003715515,0.22153860330581665,0.1274629682302475,-0.3367917537689209,0.4227941036224365,-0.004421547055244446,-0.004443656653165817,0.3172706067562103,0.25284597277641296,7.436389923095703,0.0,1049.7698974609375,6,1049.7698974609375,971.28076171875,-0.9999997615814209,-0.23077479004859924,0.37526777386665344,0.07633275538682938,0.0
119,1,0.377909779548645,0.26348552107810974,-0.3002414405345917,0.91532301902771,0.9986920356750488,0.28262513875961304,-0.5998213887214661,0.3732255697250366,0.760894238948822,-0.00038913823664188385,-0.0005683265626430511,0.9504755139350891,0.9288979768753052,7.004665851593018,0.0,991.0850830078125,12,979.5607299804688,991.0850830078125,-0.9999997615814209,,,,
120,0,0.37422508001327515,0.04152733087539673,-0.0704965591430664,0.5657802224159241,0.5716655850410461,0.10461919009685516,-0.15315666794776917,-0.030163943767547607,0.1879148930311203,-0.004312973469495773,-0.004321793094277382,0.550691545009613,0.5239512920379639,3.063418388366699,0.0,903.142822265625,6,903.142822265625,822.4732666015625,-0.9999997615814209,0.07305866479873657,0.09130703657865524,0.26450082659721375,0.0
120,1,0.37837985157966614,0.07599864900112152,-0.0725121796131134,0.9582645297050476,0.9640045166015625,0.07877954095602036,-0.35134732723236084,0.1275104135274887,0.381981760263443,1.1213123798370361e-06,-0.00010744109749794006,0.960923433303833,0.9496191143989563,5.501959800720215,0.0,712.2006225585938,12,704.2235107421875,712.2006225585938,-0.9999997615814209,,,,
121,0,0.3741397261619568,0.2591858506202698,0.20999719202518463,0.46988627314567566,0.5762544870376587,0.4833269417285919,0.027115819975733757,-0.059838179498910904,0.48777127265930176,-0.004372218623757362,-0.004428388550877571,0.46349066495895386,0.3564855754375458,6.670406341552734,0.0,958.1515502929688,6,958.1515502929688,913.1502075195312,-0.9999997615814209,-0.07068599760532379,0.3354334235191345,0.28568118810653687,0.0
121,1,0.3781331777572632,0.33829542994499207,0.23798036575317383,0.9406545758247375,1.0275745391845703,0.13347528874874115,-0.3702366352081299,0.27521684765815735,0.48024487495422363,-0.0001447293907403946,-0.0004037637263536453,0.9516808986663818,0.9390594959259033,6.163232326507568,0.0,882.4474487304688,12,796.3770141601562,882.4474487304688,-0.9999997615814209,,,,
122,0,0.37412023544311523,0.20486120879650116,0.12652690708637238,0.44546306133270264,0.5063738822937012,0.32526695728302,0.14234738051891327,-0.42562973499298096,0.554276168346405,-0.0044118482619524,-0.004447372630238533,0.42579925060272217,0.3509984314441681,4.261301040649414,0.0,1011.2974853515625,6,1011.2974853515625,944.0697631835938,-0.9999997615814209,-0.12161540985107422,0.2808338403701782,0.25152358412742615,0.0
122,1,0.3780674934387207,0.28962403535842896,0.1384650319814682,0.9398606419563293,0.9931730628013611,0.13767419755458832,-0.2778297960758209,-0.13228736817836761,0.3371105492115021,-0.0002445131540298462,-0.00044864974915981293,0.9523434638977051,0.9368733763694763,6.366177082061768,0.0,901.5596313476562,12,853.444580078125,901.5596313476562,-0.9999997615814209,,,,
123,0,0.37413349747657776,0.10270345956087112,-0.2068462073802948,0.41002312302589417,0.47058722376823425,0.27555644512176514,-0.3036845624446869,-0.14675097167491913,0.43553587794303894,-0.004402192309498787,-0.0044286660850048065,0.3836643695831299,0.31137996912002563,6.227386951446533,0.0,1007.6004028320312,6,1007.6004028320312,933.8997802734375,-0.9999997615814209,-0.15410345792770386,0.25731056928634644,0.28917181491851807,0.0
123,1,0.37801170349121094,0.21379117667675018,-0.20320099592208862,0.9306487441062927,0.9762706756591797,0.2078918069601059,-0.8459249138832092,0.3000812232494354,0.9213342070579529,-0.0002938583493232727,-0.0004761200398206711,0.9514341950416565,0.9320154190063477,6.6079912185668945,0.0,934.7310180664062,12,908.669677734375,934.7310180664062,-0.9999997615814209,,,,
124,0,0.3741041123867035,-0.06612108647823334,0.004026504699140787,0.38995853066444397,0.39554503560066223,0.4690190255641937,0.038293901830911636,-0.46725451946258545,0.6631531119346619,-0.004426527768373489,-0.004478653892874718,0.376066654920578,0.2614390254020691,6.038947105407715,0.0,1042.4090576171875,6,1042.4090576171875,987.14208984375,-0.9999997615814209,-0.20178213715553284,0.20295162498950958,0.2704661786556244,0.0
124,1,0.3779531419277191,0.0384363979101181,0.014469043351709843,0.931139349937439,0.9320446252822876,0.20905646681785583,-0.472294420003891,-0.0011667790822684765,0.5164958834648132,-0.0003311391919851303,-0.0005873534828424454,0.9478300213813782,0.927409827709198,6.722168445587158,0.0,985.7166137695312,12,923.0034790039062,985.7166137695312,-0.9999997615814209,,,,
125,0,0.37427133321762085,0.022733448073267937,0.058440666645765305,0.6146667003631592,0.6178569793701172,0.0881103053689003,0.2147318422794342,0.16407452523708344,0.2842422127723694,-0.004242215305566788,-0.004301009699702263,0.6025614738464355,0.5851823687553406,2.8370540142059326,0.0,838.9445190429688,6,838.9445190429688,808.5646362304688,-0.9999997615814209,0.1475754976272583,0.16421066224575043,0.3156099319458008,0.0
125,1,0.37852001190185547,0.03994102030992508,0.06349695473909378,0.9643518328666687,0.9672649502754211,0.05866125598549843,0.09838315844535828,0.2297406792640686,0.2567122280597687,0.0001472756266593933,-5.446374416351318e-06,0.9637552499771118,0.953123152256012,5.011353492736816,0.0,643.5763549804688,12,632.8710327148438,643.5763549804688,-0.9999997615814209,,,,
126,0,0.3742453455924988,0.03288145363330841,0.22644364833831787,0.5917704701423645,0.6344684362411499,0.4464905560016632,-0.10277252644300461,-0.43860065937042236,0.6342605948448181,-0.004259306937456131,-0.004323532804846764,0.6085698008537292,0.5154975056648254,4.9795427322387695,0.0,854.2250366210938,6,854.2250366210938,823.07861328125,-0.9999997615814209,0.11451798677444458,0.2462349832057953,0.3019544780254364,0.0
126,1,0.3784624934196472,0.06342475861310959,0.2540523111820221,0.959952712059021,0.9950248599052429,0.08093996345996857,-0.2813321650028229,-0.2214704155921936,0.3670806586742401,0.00014525465667247772,-9.23052430152893e-05,0.9623202085494995,0.9505541920661926,5.2574143409729,0.0,712.1474609375,12,626.2774658203125,712.1474609375,-0.9999997615814209,,,,
127,0,0.37422123551368713,0.2718890905380249,-0.32467812299728394,0.5210440158843994,0.671436071395874,0.16215059161186218,-0.07866838574409485,-0.4360555410385132,0.4718325734138489,-0.004316052421927452,-0.004314756020903587,0.5026457905769348,0.45822346210479736,4.455198287963867,0.0,907.8882446289062,6,907.8882446289062,829.6435546875,-0.9999997615814209,0.02380138635635376,0.37531763315200806,0.23537835478782654,0.0
127,1,0.3782799243927002,0.32590824365615845,-0.3275364637374878,0.9470283389091492,1.0537357330322266,0.09483318030834198,-0.365113765001297,-0.20328669250011444,0.42851707339286804,-5.9254467487335205e-05,-0.0001706928014755249,0.9573675394058228,0.9451902508735657,5.7664947509765625,0.0,773.6632080078125,12,757.4191284179688,773.6632080078125,-0.9999997615814209,,,,
128,0,0.3743375539779663,0.30052146315574646,0.2912321388721466,0.6748002171516418,0.7940306067466736,0.04984229803085327,-0.2930307686328888,-0.15084794163703918,0.3333262503147125,-0.004150917753577232,-0.004198258742690086,0.6476612091064453,0.6397681832313538,4.680798053741455,0.0,719.6207275390625,6,719.6207275390625,693.1649169921875,-0.9999997615814209,0.2814331650733948,0.47311002016067505,0.15121211111545563,0.0
128,1,0.3786892592906952,0.32046252489089966,0.30910566449165344,0.96550452709198,1.0632222890853882,0.04598531126976013,-0.41951075196266174,-0.10601290315389633,0.43513521552085876,0.0003345496952533722,0.00020181015133857727,0.9691299796104431,0.9609650373458862,4.315461158752441,0.0,552.3497314453125,12,536.7938232421875,552.3497314453125,-0.9999997615814209,,,,
129,0,0.37422147393226624,0.24621739983558655,-0.26956114172935486,0.5288271307945251,0.6426075100898743,0.10612033307552338,-0.019217388704419136,-0.16871225833892822,0.2002364993095398,-0.004320938140153885,-0.004314316436648369,0.5075114369392395,0.4760827124118805,4.195348739624023,0.0,919.0843505859375,6,919.0843505859375,827.9677124023438,-0.9999997615814209,0.028811603784561157,0.3204943537712097,0.25274553894996643,0.0
129,1,0.3782976269721985,0.29414138197898865,-0.27502018213272095,0.9501216411590576,1.031933307647705,0.08937159925699234,-0.2771231532096863,0.028571711853146553,0.29257625341415405,-6.0128048062324524e-05,-0.00015427172183990479,0.958299994468689,0.9451658129692078,5.774632930755615,0.0,759.5863037109375,12,754.256103515625,759.5863037109375,-0.9999997615814209,,,,
130,0,0.3741426169872284,-0.25293809175491333,0.16420404613018036,0.4657464921474457,0.5548517107963562,0.4832828640937805,-0.1001650020480156,-0.6009529829025269,0.7776501774787903,-0.0043838173151016235,-0.004432192072272301,0.46918103098869324,0.35837435722351074,5.6501312255859375,0.0,996.0921020507812,6,996.0921020507812,940.147216796875,-0.9999997615814209,-0.09501500427722931,0.278255432844162,0.407740980386734,0.0
130,1,0.378126859664917,-0.18722131848335266,0.1859889030456543,0.941857099533081,0.9781301021575928,0.14918287098407745,-0.44110769033432007,-0.2732640504837036,0.5399118065834045,-0.00016193464398384094,-0.0004160553216934204,0.952084481716156,0.9361732006072998,6.230109214782715,0.0,887.1928100585938,12,806.1216430664062,887.1928100585938,-0.9999997615814209,,,,
131,0,0.37409916520118713,0.2755419909954071,0.13885782659053802,0.4265057444572449,0.5264143347740173,0.5182931423187256,-0.026709938421845436,-0.4289167821407318,0.673283576965332,-0.004413392394781113,-0.004477318376302719,0.4163728952407837,0.3061119019985199,5.784187316894531,0.0,1005.6275634765625,6,1005.6275634765625,965.830322265625,-0.9999997615814209,-0.14607439935207367,0.3374932110309601,0.3243964612483978,0.0
131,1,0.3780137896537781,0.37151920795440674,0.1615041196346283,0.9351454377174377,1.0191208124160767,0.15676851570606232,-0.49907562136650085,-0.046632569283246994,0.5251927375793457,-0.0002498142421245575,-0.0005258321762084961,0.9505601525306702,0.9348737597465515,6.543504238128662,0.0,944.0977172851562,12,858.8160400390625,944.0977172851562,-0.9999997615814209,,,,
132,0,0.37415188550949097,-0.33997976779937744,-0.2941685914993286,0.3784932792186737,0.5876891613006592,0.4332081079483032,0.3894907534122467,-0.6381320357322693,0.8640514016151428,-0.004386557266116142,-0.0044286251068115234,0.3667689263820648,0.2609163224697113,7.061400413513184,0.0,1045.764404296875,6,1045.764404296875,994.0150146484375,-0.9999997615814209,-0.21562491357326508,0.4159594178199768,0.4142405390739441,0.0
132,1,0.37796643376350403,-0.20826636254787445,-0.28985360264778137,0.9173324704170227,0.9843215346336365,0.2970244884490967,-0.22685235738754272,0.11482648551464081,0.39098677039146423,-0.00030572153627872467,-0.0005416758358478546,0.9509929418563843,0.9292665123939514,6.788756370544434,0.0,977.4607543945312,12,932.0379028320312,977.4607543945312,-0.9999997615814209,,,,
133,0,0.3741872310638428,-0.32048657536506653,-0.1521516889333725,0.47927960753440857,0.5962975025177002,0.10105234384536743,-0.09486628323793411,-0.3259371817111969,0.3541839122772217,-0.0043612271547317505,-0.004358973354101181,0.4465544819831848,0.4133627712726593,4.404210567474365,0.0,986.0685424804688,6,986.0685424804688,891.3399658203125,-0.9999997615814209,-0.0625779777765274,0.29623493552207947,0.3857477605342865,0.0
133,1,0.37817758321762085,-0.2615998387336731,-0.15428881347179413,0.9429193735122681,0.9906242489814758,0.1279725730419159,-0.40465247631073,-0.05975538119673729,0.4285922646522522,-0.00016979500651359558,-0.0002835039049386978,0.9535295963287354,0.9386002421379089,6.180834770202637,0.0,827.8484497070312,12,824.0891723632812,827.8484497070312,-0.9999997615814209,,,,
134,0,0.3742459714412689,0.2313481867313385,0.09335747361183167,0.6045364737510681,0.6539892554283142,0.10806776583194733,0.0846894234418869,0.019126513972878456,0.13862454891204834,-0.0042649246752262115,-0.004314277321100235,0.5878159999847412,0.5667076110839844,3.547351121902466,0.0,843.483154296875,6,843.483154296875,807.8440551757812,-0.9999997615814209,0.13605576753616333,0.2684793472290039,0.26472243666648865,0.0
134,1,0.37847596406936646,0.25654953718185425,0.10214384645223618,0.9618581533432007,1.0007108449935913,0.06080613285303116,-0.06794464588165283,0.10380253940820694,0.13816231489181519,0.00011561065912246704,-3.5976991057395935e-05,0.9633423686027527,0.953014612197876,5.072049617767334,0.0,659.8394165039062,12,642.8539428710938,659.8394165039062,-0.9999997615814209,,,,
135,0,0.3742026388645172,-0.04734586179256439,-0.1024739071726799,0.5178764462471008,0.5300363898277283,0.16788318753242493,0.09166993945837021,0.11129432916641235,0.22130197286605835,-0.004343286156654358,-0.004349382594227791,0.5025430917739868,0.4584488272666931,3.607792854309082,0.0,960.2476806640625,6,960.2476806640625,865.130126953125,-0.9999997615814209,-0.006823927164077759,0.07514762133359909,0.3474002480506897,0.0
135,1,0.3782716691493988,-0.0006772372871637344,-0.10552363842725754,0.9520730376243591,0.9579033255577087,0.1042289063334465,-0.1597582995891571,0.34910768270492554,0.3978222608566284,-9.54456627368927e-05,-0.000216607004404068,0.9568620324134827,0.9435040354728699,5.912453651428223,0.0,784.59423828125,12,768.8137817382812,784.59423828125,-0.9999997615814209,,,,
136,0,0.3741863965988159,0.16768881678581238,-0.08076020330190659,0.5271991491317749,0.5590891242027283,0.39065998792648315,-0.4398370385169983,-0.22848297655582428,0.6310913562774658,-0.004332652315497398,-0.004367159679532051,0.5287995338439941,0.44028010964393616,3.889324188232422,0.0,901.1824340820312,6,901.1824340820312,848.6008911132812,-0.9999997615814209,0.025926560163497925,0.15606410801410675,0.3037348985671997,0.0
136,1,0.378275603055954,0.217577263712883,-0.0707225427031517,0.9528579115867615,0.9799386262893677,0.09725021570920944,-0.7118783593177795,0.03746418282389641,0.7194664478302002,-4.233419895172119e-05,-0.00023874454200267792,0.9571096301078796,0.9448841214179993,5.624925136566162,0.0,794.074462890625,12,731.4868774414062,794.074462890625,-0.9999997615814209,,,,
137,0,0.37414562702178955,0.014716899953782558,0.08291805535554886,0.4712415635585785,0.4787072241306305,0.1986701637506485,0.11872593313455582,-0.06401078402996063,0.24013133347034454,-0.004397416487336159,-0.004414349794387817,0.44711485505104065,0.3948971927165985,3.7073333263397217,0.0,1008.1202392578125,6,1008.1202392578125,916.4431762695312,-0.9999997615814209,-0.08561146259307861,0.13725042343139648,0.2898125946521759,0.0
137,1,0.3781359791755676,0.07927384227514267,0.08456623554229736,0.9462172389030457,0.9532905220985413,0.12071855366230011,-0.2144928276538849,0.181054949760437,0.30555036664009094,-0.00021326914429664612,-0.0003654696047306061,0.9528452157974243,0.9386958479881287,6.268998622894287,0.0,854.9533081054688,12,832.89306640625,854.9533081054688,-0.9999997615814209,,,,
138,0,0.37429139018058777,-0.26836851239204407,0.11518384516239166,0.6347976326942444,0.6987538933753967,0.19584277272224426,-0.2787221670150757,0.11604461073875427,0.3598705232143402,-0.004201062023639679,-0.004290277138352394,0.6435577273368835,0.6047888398170471,4.305930137634277,0.0,806.46875,6,806.46875,803.5493774414062,-0.9999997615814209,0.1804431974887848,0.3340918719768524,0.3419401943683624,0.0
138,1,0.37857311964035034,-0.26473262906074524,0.12952874600887299,0.9645443558692932,1.0085667371749878,0.05503715202212334,-0.3395795226097107,0.17595483362674713,0.3863980174064636,0.00023650377988815308,3.507360816001892e-05,0.9647051095962524,0.9546121954917908,4.84270715713501,0.0,622.4667358398438,12,587.0488891601562,622.4667358398438,-0.9999997615814209,,,,
139,0,0.37426304817199707,-0.2500854730606079,0.155218705534935,0.5954015851020813,0.6641826629638672,0.3259701728820801,0.30371400713920593,-0.1913682222366333,0.4848923087120056,-0.004254795610904694,-0.0043215639889240265,0.6207425594329834,0.5516147017478943,3.4621775150299072,0.0,888.9212646484375,6,888.9212646484375,857.69775390625,-0.9999997615814209,0.09860330820083618,0.27809444069862366,0.2500075101852417,0.0
139,1,0.3784750699996948,-0.24531543254852295,0.16900688409805298,0.9610159397125244,1.0061285495758057,0.07171287387609482,0.23965081572532654,-0.07423624396324158,0.26093345880508423,0.00013557448983192444,-7.332861423492432e-05,0.9628979563713074,0.9501631855964661,5.255183696746826,0.0,690.2314453125,12,634.6874389648438,690.2314453125,-0.9999997615814209,,,,
140,0,0.3741059899330139,-0.33449652791023254,0.08989965170621872,0.40063798427581787,0.5296042561531067,0.3963421583175659,0.13701139390468597,-0.3686489760875702,0.5583558678627014,-0.004431921988725662,-0.0044731032103300095,0.38522347807884216,0.2924312651157379,5.09417724609375,0.0,1071.0399169921875,6,1071.0399169921875,999.2848510742188,-0.9999997615814209,-0.20280411839485168,0.33898690342903137,0.1737501323223114,0.0
140,1,0.37796860933303833,-0.23841693997383118,0.10203316807746887,0.9298577308654785,0.9653438925743103,0.20523525774478912,-0.33673906326293945,0.053318724036216736,0.3979416787624359,-0.000323224812746048,-0.0005546156316995621,0.9491419196128845,0.9284482598304749,6.721972942352295,0.0,960.853759765625,12,908.045166015625,960.853759765625,-0.9999997615814209,,,,
141,0,0.37422019243240356,-0.3042852580547333,0.03140607848763466,0.5436808466911316,0.6238306760787964,0.34363919496536255,0.4590185582637787,0.0026147416792809963,0.5734045505523682,-0.004312891513109207,-0.004357298836112022,0.5630329847335815,0.4815273880958557,3.1908326148986816,0.0,960.2825927734375,6,960.2825927734375,895.77685546875,-0.9999997615814209,0.01132628321647644,0.2463502436876297,0.3249642848968506,0.0
141,1,0.3783329725265503,-0.2804289162158966,0.03765752911567688,0.9538289308547974,0.9949111342430115,0.09527542442083359,0.31108489632606506,0.2618124485015869,0.4176086485385895,-4.6156346797943115e-06,-0.00019669346511363983,0.957691490650177,0.9445974826812744,5.6648335456848145,0.0,762.6998901367188,12,709.5718383789062,762.6998901367188,-0.9999997615814209,,,,
142,0,0.374087929725647,0.0721772164106369,0.22169239819049835,0.3836655616760254,0.44895026087760925,0.27682721614837646,0.15228144824504852,-0.26166045665740967,0.4102305769920349,-0.00444972887635231,-0.004483278840780258,0.34541642665863037,0.2721375524997711,5.512571334838867,0.0,1061.6400146484375,6,1061.6400146484375,980.16015625,-0.9999997615814209,-0.21236877143383026,0.329867959022522,0.18921808898448944,0.0
142,1,0.37792375683784485,0.18720699846744537,0.23190706968307495,0.9281346201896667,0.9748134613037109,0.19060774147510529,-0.4036816358566284,0.10465726256370544,0.4585229754447937,-0.0003824084997177124,-0.0005876142531633377,0.9484577775001526,0.9274309873580933,6.819304466247559,0.0,977.802001953125,12,944.8980102539062,977.802001953125,-0.9999997615814209,,,,
143,0,0.37415647506713867,-0.3799797594547272,0.2540555000305176,0.4421432912349701,0.6359398365020752,0.526033341884613,0.582048773765564,-0.11725413799285889,0.7932467460632324,-0.004371305927634239,-0.004442756995558739,0.45469212532043457,0.3299436569213867,8.2489013671875,0.0,1026.749267578125,6,1026.749267578125,975.9749145507812,-0.9999997615814209,-0.14007438719272614,0.39763617515563965,0.33920449018478394,0.0
143,1,0.37809473276138306,-0.3001677393913269,0.28526070713996887,0.9300420880317688,1.0180631875991821,0.18883328139781952,0.18467891216278076,0.3171175420284271,0.4127079248428345,-0.0001702960580587387,-0.0004668962210416794,0.9487016201019287,0.9304417371749878,6.432360649108887,0.0,914.6058349609375,12,823.9232177734375,914.6058349609375,-0.9999997615814209,,,,
144,0,0.37423285841941833,-0.23259329795837402,0.003062293166294694,0.5616245269775391,0.6078907251358032,0.28235751390457153,0.20700185000896454,0.1712489128112793,0.38974571228027344,-0.004292430356144905,-0.004340136423707008,0.5713790059089661,0.5056025385856628,3.0779898166656494,0.0,920.1346435546875,6,920.1346435546875,866.2293701171875,-0.9999997615814209,0.05081912875175476,0.19906550645828247,0.2912167012691498,0.0
144,1,0.37837791442871094,-0.20802555978298187,0.0062248134054243565,0.956996738910675,0.9793651700019836,0.08327648788690567,0.0547802709043026,0.3598554730415344,0.37340569496154785,3.2981857657432556e-05,-0.00014691054821014404,0.9600165486335754,0.947730541229248,5.487593650817871,0.0,732.5348510742188,12,692.2919921875,732.5348510742188,-0.9999997615814209,,,,
145,0,0.37420299649238586,-0.1642427146434784,0.2972014248371124,0.5252870917320251,0.6254845261573792,0.4073641300201416,-0.21968740224838257,-0.41408804059028625,0.6210290193557739,-0.0043192412704229355,-0.004359690472483635,0.5261607766151428,0.43425554037094116,5.404256343841553,0.0,926.0026245117188,6,926.0026245117188,866.8560791015625,-0.9999997615814209,0.009952753782272339,0.32203078269958496,0.30813443660736084,0.0
145,1,0.37829530239105225,-0.1076849177479744,0.32342368364334106,0.9484301805496216,1.007828712463379,0.1274828165769577,-0.5187080502510071,-0.10606273263692856,0.5445725321769714,-1.313723623752594e-05,-0.00023765675723552704,0.9568644165992737,0.9429640173912048,5.714015007019043,0.0,797.97705078125,12,723.7239990234375,797.97705078125,-0.9999997615814209,,,,
146,0,0.3743119537830353,0.2896173894405365,0.1665467917919159,0.6645107865333557,0.7437678575515747,0.04684589058160782,-0.22799554467201233,-0.10373328626155853,0.2548275887966156,-0.004182139411568642,-0.004231268540024757,0.6480406522750854,0.63889479637146,3.916653871536255,0.0,737.4920654296875,6,737.4920654296875,714.1248168945312,-0.9999997615814209,0.25949257612228394,0.39218834042549133,0.08891801536083221,0.0
146,1,0.37864965200424194,0.3053722381591797,0.18097059428691864,0.9671598076820374,1.0302430391311646,0.04901249706745148,-0.337395042181015,-0.048943329602479935,0.3444315493106842,0.0002873428165912628,0.00015143118798732758,0.9685249328613281,0.9598032832145691,4.414944648742676,0.0,568.5657958984375,12,556.1325073242188,568.5657958984375,-0.9999997615814209,,,,
147,0,0.3740960955619812,0.24247729778289795,-0.0430431067943573,0.38748300075531006,0.4591198265552521,0.25999245047569275,-0.061933454126119614,-0.42572021484375,0.5026624798774719,-0.0044397152960300446,-0.004467468708753586,0.34789204597473145,0.27974778413772583,5.4802985191345215,0.0,1032.685791015625,6,1032.685791015625,959.076904296875,-0.9999997615814209,-0.19289512932300568,0.3171878457069397,0.17318682372570038,0.0
147,1,0.37793609499931335,0.36006492376327515,-0.035117100924253464,0.9280076622962952,0.9960312247276306,0.1945866495370865,-0.631971538066864,-0.01155918464064598,0.6613513231277466,-0.00036466866731643677,-0.0005553774535655975,0.948993444442749,0.9292219281196594,6.778327465057373,0.0,969.6412353515625,12,940.8357543945312,969.6412353515625,-0.9999997615814209,,,,
148,0,0.3743910491466522,0.03918786346912384,-0.25639453530311584,0.6727526187896729,0.7210200428962708,0.08460603654384613,0.25280115008354187,0.2649155259132385,0.37582820653915405,-0.004121121019124985,-0.0041668470948934555,0.6694121956825256,0.6517201066017151,2.4709832668304443,0.0,717.99560546875,6,717.99560546875,697.9979248046875,-0.9999997615814209,0.27877718210220337,0.3656878173351288,0.39390355348587036,0.0
148,1,0.3787270784378052,0.049961939454078674,-0.2615642249584198,0.9674167037010193,1.003397822380066,0.04921767860651016,0.17028002440929413,0.3169580399990082,0.36315295100212097,0.0003431607037782669,0.00022677332162857056,0.9696734547615051,0.9601747393608093,4.367282390594482,0.0,551.8662109375,12,548.3340454101562,551.8662109375,-0.9999997615814209,,,,
149,0,0.37417441606521606,0.23019935190677643,-0.1905415952205658,0.4881514310836792,0.5723544359207153,0.21048468351364136,-0.48635852336883545,-0.30526164174079895,0.6115824580192566,-0.004357604309916496,-0.0043694935739040375,0.4683651328086853,0.41480839252471924,4.929597854614258,0.0,942.2102661132812,6,942.2102661132812,863.5283203125,-0.9999997615814209,-0.03166466951370239,0.2561497390270233,0.31500351428985596,0.0
149,1,0.37818387150764465,0.2999957203865051,-0.19086413085460663,0.9450268149375916,1.0097041130065918,0.12110690772533417,-0.8480647802352905,-0.026922957971692085,0.8570913076400757,-0.0001441817730665207,-0.00028495676815509796,0.955559253692627,0.9416288137435913,6.027687072753906,0.0,826.62841796875,12,803.822021484375,826.62841796875,-0.9999997615814209,,,,
150,0,0.3741946220397949,0.12382151186466217,0.06920123845338821,0.5497685074806213,0.5677728652954102,0.3595178425312042,-0.09933029115200043,0.11055902391672134,0.3890281319618225,-0.00432560034096241,-0.004367692396044731,0.5523461103439331,0.47576338052749634,3.62845516204834,0.0,914.7340698242188,6,914.7340698242188,859.4666748046875,-0.9999997615814209,0.04168736934661865,0.1413736641407013,0.2534071207046509,0.0
150,1,0.3783295154571533,0.16318975389003754,0.08201728761196136,0.9565537571907043,0.9738340973854065,0.08976097404956818,-0.32036149501800537,0.3317567706108093,0.46984153985977173,-2.637505531311035e-06,-0.00020083971321582794,0.9584373831748962,0.9473037123680115,5.532313346862793,0.0,761.2202758789062,12,702.2130737304688,761.2202758789062,-0.9999997615814209,,,,
151,0,0.3740749657154083,-0.3274379372596741,0.19841758906841278,0.3572848439216614,0.5236770510673523,0.4011833071708679,0.15625105798244476,-0.4806278645992279,0.6452639698982239,-0.004460746422410011,-0.004511108621954918,0.3318927586078644,0.23712481558322906,5.989016532897949,0.0,1103.726318359375,6,1103.726318359375,1033.784912109375,-0.9999997615814209,-0.26841750741004944,0.4090191423892975,0.25922849774360657,0.0
151,1,0.3778635859489441,-0.19870062172412872,0.21406488120555878,0.9194214344024658,0.9646975994110107,0.2418837696313858,-0.4634765684604645,0.018186155706644058,0.5231147408485413,-0.00041246600449085236,-0.0006668809801340103,0.9484818577766418,0.9237358570098877,7.008016586303711,0.0,1017.1851196289062,12,964.6810302734375,1017.1851196289062,-0.9999997615814209,,,,
152,0,0.37429720163345337,0.3599940538406372,0.1902000457048416,0.6627883315086365,0.7778561115264893,0.050011046230793,-0.6606281399726868,0.02769387513399124,0.6630969643592834,-0.004184503108263016,-0.004230765625834465,0.6340155601501465,0.624774158000946,4.085957050323486,0.0,728.0908203125,6,728.0908203125,704.16748046875,-0.9999997615814209,0.26339608430862427,0.4322764575481415,0.2971772849559784,0.0
152,1,0.37862569093704224,0.38084661960601807,0.20685496926307678,0.9651694893836975,1.0580099821090698,0.05150835961103439,-0.7957611680030823,0.0757359117269516,0.8010149002075195,0.0002816207706928253,0.00014781951904296875,0.9691445231437683,0.960969090461731,4.400589466094971,0.0,569.1925659179688,12,555.4257202148438,569.1925659179688,-0.9999997615814209,,,,
153,0,0.37415799498558044,-0.23237566649913788,-0.320964515209198,0.39947494864463806,0.5626694560050964,0.11559034138917923,-0.07015904039144516,-0.02297862619161606,0.13715478777885437,-0.004388578236103058,-0.004397071897983551,0.35166695713996887,0.30968835949897766,7.192568302154541,0.0,1031.1883544921875,6,1031.1883544921875,937.1432495117188,-0.9999997615814209,-0.1729573756456375,0.3597243130207062,0.35475897789001465,0.0
153,1,0.37800341844558716,-0.12670327723026276,-0.3234562575817108,0.9253483414649963,0.9884064197540283,0.21717453002929688,-0.5839966535568237,0.44231170415878296,0.7641050219535828,-0.00031155534088611603,-0.0004513002932071686,0.9489482641220093,0.9278252720832825,6.750580787658691,0.0,933.0494995117188,6,933.0494995117188,928.6197509765625,-0.9999997615814209,,,,
154,0,0.37422841787338257,0.03979550302028656,-0.18117402493953705,0.5427794456481934,0.5736002326011658,0.1463434398174286,0.08366501331329346,-0.4747266471385956,0.5037674307823181,-0.0043165236711502075,-0.004315925762057304,0.5271489024162292,0.489168643951416,3.454244613647461,0.0,918.2244262695312,6,918.2244262695312,836.0504150390625,-0.9999997615814209,0.04082489013671875,0.15956361591815948,0.33424699306488037,0.0
154,1,0.3783389925956726,0.07678276300430298,-0.18520252406597137,0.9548075199127197,0.9756295084953308,0.08289012312889099,-0.1275394707918167,-0.29169267416000366,0.32897067070007324,-3.284960985183716e-05,-0.00013977475464344025,0.9586451649665833,0.9460741281509399,5.67112398147583,0.0,747.4196166992188,12,733.8048706054688,747.4196166992188,-0.9999997615814209,,,,
155,0,0.3741903007030487,0.22439101338386536,-0.0708756148815155,0.522445559501648,0.572995662689209,0.1437237411737442,0.013110191561281681,-0.299611896276474,0.3325592875480652,-0.00435238890349865,-0.0043527502566576,0.5029669404029846,0.4636615514755249,3.5280208587646484,0.0,942.0731811523438,6,942.0731811523438,849.9691772460938,-0.9999997615814209,0.008176743984222412,0.2136150300502777,0.31376034021377563,0.0
155,1,0.3782652020454407,0.27189454436302185,-0.07301247119903564,0.9521901607513428,0.9929368495941162,0.09045898169279099,-0.2435348778963089,-0.09850108623504639,0.2778390347957611,-9.823217988014221e-05,-0.0002111736685037613,0.9573004841804504,0.9441816210746765,5.8451247215271,0.0,776.9580688476562,12,762.7941284179688,776.9580688476562,-0.9999997615814209,,,,
156,0,0.37426862120628357,-0.28953590989112854,0.00569115299731493,0.5892103314399719,0.6565304398536682,0.126778244972229,0.414661169052124,-0.3970530927181244,0.587935209274292,-0.004262903705239296,-0.004304064437747002,0.5878499150276184,0.5673586130142212,2.9991536140441895,0.0,893.8885498046875,6,893.8885498046875,852.0770874023438,-0.9999997615814209,0.09267076849937439,0.2593050003051758,0.4088888168334961,0.0
156,1,0.37846118211746216,-0.283979207277298,0.008132903836667538,0.9595137238502502,1.0006883144378662,0.07202884554862976,0.34769895672798157,-0.3651847839355469,0.5093551278114319,9.218789637088776e-05,-5.165114998817444e-05,0.9617598652839661,0.9490430355072021,5.282375335693359,0.0,676.1027221679688,12,663.7853393554688,676.1027221679688,-0.9999997615814209,,,,
157,0,0.3742119371891022,0.07421285659074783,0.15967169404029846,0.5726714134216309,0.5991286635398865,0.2059599906206131,-0.183639794588089,-0.2687667906284332,0.38519954681396484,-0.004319917410612106,-0.004331991076469421,0.561640739440918,0.5167059898376465,3.499636173248291,0.0,900.30078125,6,900.30078125,822.2759399414062,-0.9999997615814209,0.08084088563919067,0.1987544447183609,0.23058860003948212,0.0
157,1,0.3783867657184601,0.10845102369785309,0.17036698758602142,0.9587811827659607,0.9798203110694885,0.07716122269630432,-0.3817197382450104,-0.0937788113951683,0.40057244896888733,2.421252429485321e-05,-0.00011672265827655792,0.9607968926429749,0.9496803879737854,5.374691486358643,0.0,715.4370727539062,12,681.0256958007812,715.4370727539062,-0.9999997615814209,,,,
158,0,0.37429699301719666,0.18604767322540283,0.1341521441936493,0.6509650349617004,0.690192699432373,0.23007845878601074,-0.16465412080287933,0.22217556834220886,0.3597347140312195,-0.0041792672127485275,-0.004278898239135742,0.6463961005210876,0.6012283563613892,4.960552215576172,0.0,771.40380859375,12,755.49658203125,771.40380859375,-0.9999997615814209,0.22176718711853027,0.2966350018978119,0.3802948296070099,0.0
158,1,0.378616064786911,0.2023644596338272,0.1552715003490448,0.9664532542228699,0.9995461702346802,0.054926350712776184,-0.27810966968536377,0.2912200689315796,0.40641239285469055,0.0002865530550479889,6.756186485290527e-05,0.966228187084198,0.9568356871604919,4.706995487213135,0.0,606.0747680664062,12,560.2648315429688,606.0747680664062,-0.9999997615814209,,,,
159,0,0.3742259442806244,0.12156250327825546,0.0023025525733828545,0.5739479660987854,0.5866847634315491,0.32049405574798584,-0.12262561917304993,0.19228960573673248,0.3933557868003845,-0.004281988367438316,-0.004344979301095009,0.5774786472320557,0.511056125164032,3.3020262718200684,0.0,869.3121948242188,6,869.3121948242188,840.174072265625,-0.9999997615814209,0.08661991357803345,0.13685929775238037,0.3313872814178467,0.0
159,1,0.3784021735191345,0.15421734750270844,0.01238684169948101,0.9595780968666077,0.9719704389572144,0.08154387027025223,-0.312567800283432,0.3682139813899994,0.4898260533809662,7.026270031929016e-05,-0.00013440288603305817,0.9606512188911438,0.949789822101593,5.316088676452637,0.0,722.2777099609375,12,671.5932006835938,722.2777099609375,-0.9999997615814209,,,,
160,0,0.3741340637207031,-0.1393013596534729,-0.14269277453422546,0.4050609767436981,0.4514869749546051,0.23222598433494568,-0.06286457180976868,0.09672658145427704,0.25930076837539673,-0.004407711327075958,-0.004431944340467453,0.36936816573143005,0.30383411049842834,6.3089919090271,0.0,1034.16162109375,6,1034.16162109375,949.1162109375,-0.9999997615814209,-0.1720992922782898,0.2225656509399414,0.3479784429073334,0.0
160,1,0.3780022859573364,-0.03941322863101959,-0.14086592197418213,0.9316179156303406,0.9430316090583801,0.1966041475534439,-0.5536910891532898,0.5202718377113342,0.7847992181777954,-0.00031481310725212097,-0.0004906319081783295,0.948903501033783,0.9291335940361023,6.7015509605407715,0.0,940.4393920898438,12,921.0064697265625,940.4393920898438,-0.9999997615814209,,,,
161,0,0.3741069734096527,-0.3574104607105255,-0.11732816696166992,0.33593782782554626,0.5043434500694275,0.13995854556560516,0.7071106433868408,0.08416024595499039,0.7257250547409058,-0.004449237138032913,-0.004469424486160278,0.2783275246620178,0.22870738804340363,6.919287204742432,0.0,1123.1783447265625,6,1123.1783447265625,1023.0851440429688,-0.9999997615814209,-0.2930273711681366,0.3816729784011841,0.43295612931251526,0.0
161,1,0.37784865498542786,-0.21861808001995087,-0.11478269845247269,0.9126615524291992,0.9454734325408936,0.26149284839630127,0.058360505849123,0.7126137018203735,0.7613164186477661,-0.00046382658183574677,-0.0006341729313135147,0.9455307722091675,0.9221625328063965,7.28578519821167,0.0,1017.2808837890625,12,1016.7372436523438,1017.2808837890625,-0.9999997615814209,,,,
162,0,0.37410634756088257,0.10455616563558578,-0.027115609496831894,0.38490840792655945,0.3997771143913269,0.21743327379226685,0.36361464858055115,-0.36056646704673767,0.5563281774520874,-0.004441054537892342,-0.0044636838138103485,0.3412773609161377,0.2815192937850952,5.327057838439941,0.0,1056.2010498046875,6,1056.2010498046875,972.8407592773438,-0.9999997615814209,-0.2069818377494812,0.25536707043647766,0.30795368552207947,0.0
162,1,0.3779469430446625,0.21834686398506165,-0.021095838397741318,0.9285687208175659,0.9541280269622803,0.19696085155010223,-0.18349355459213257,0.03974858671426773,0.2721092104911804,-0.000376066192984581,-0.0005544871091842651,0.9485273957252502,0.9281266927719116,6.863006591796875,0.0,970.2535400390625,12,949.99169921875,970.2535400390625,-0.9999997615814209,,,,
163,0,0.3742857575416565,-0.25626659393310547,-0.2938254177570343,0.5844559669494629,0.7025629281997681,0.24841809272766113,-0.19650162756443024,0.1326717585325241,0.3434039056301117,-0.004227215424180031,-0.004275467246770859,0.5874086618423462,0.531992495059967,2.9618372917175293,0.0,839.6910400390625,6,839.6910400390625,810.2625732421875,-0.9999997615814209,0.11630389094352722,0.37449097633361816,0.3735586106777191,0.0
163,1,0.37845683097839355,-0.23407745361328125,-0.2950514853000641,0.9562994241714478,1.0277918577194214,0.07088971138000488,-0.3405662178993225,0.28687506914138794,0.45089688897132874,0.0001267809420824051,-3.5667791962623596e-05,0.962317705154419,0.9509571194648743,5.169455528259277,0.0,691.3092041015625,12,659.369140625,691.3092041015625,-0.9999997615814209,,,,
164,0,0.3741151690483093,-0.3598873019218445,-0.103550024330616,0.36648958921432495,0.523980975151062,0.4657544791698456,0.2450936734676361,-0.6316472887992859,0.8221778869628906,-0.004419608041644096,-0.004471072927117348,0.35223570466041565,0.23777054250240326,7.097036838531494,0.0,1068.4207763671875,6,1068.4207763671875,1015.64892578125,-0.9999997615814209,-0.24207770824432373,0.3687098026275635,0.3913218080997467,0.0
164,1,0.3779120445251465,-0.24150657653808594,-0.09576104581356049,0.921008825302124,0.956949770450592,0.26922914385795593,-0.31818315386772156,-0.03287485986948013,0.4180976152420044,-0.0003553982824087143,-0.0006155520677566528,0.94786536693573,0.9236022233963013,6.894415378570557,0.0,1005.4898071289062,12,950.623779296875,1005.4898071289062,-0.9999997615814209,,,,
165,0,0.3741722106933594,0.11029224097728729,-0.27377355098724365,0.4454265534877777,0.5343418121337891,0.32704591751098633,-0.03386931121349335,-0.3333362936973572,0.46820855140686035,-0.004362612962722778,-0.0043897200375795364,0.43202799558639526,0.3497076630592346,6.183244705200195,0.0,976.4490966796875,6,976.4490966796875,910.6019897460938,-0.9999997615814209,-0.10048788785934448,0.28902262449264526,0.1351952850818634,0.0
165,1,0.3781079947948456,0.2000390887260437,-0.27241742610931396,0.9363306760787964,0.9954606890678406,0.17545963823795319,-0.47898754477500916,0.06894811987876892,0.5147513747215271,-0.00019943341612815857,-0.0003838147968053818,0.9528446197509766,0.9362933039665222,6.3221330642700195,0.0,891.2967529296875,12,854.2536010742188,891.2967529296875,-0.9999997615814209,,,,
166,0,0.37420034408569336,-0.08713613450527191,0.11138585954904556,0.5479627847671509,0.5659176111221313,0.19351887702941895,0.06891733407974243,-0.35262227058410645,0.408095121383667,-0.004340553656220436,-0.0043526701629161835,0.541692316532135,0.4951432943344116,3.155758857727051,0.0,946.0493774414062,6,946.0493774414062,860.1403198242188,-0.9999997615814209,0.0300731360912323,0.1437995880842209,0.3036682605743408,0.0
166,1,0.378325879573822,-0.053460586816072464,0.1134728416800499,0.9566009640693665,0.964789867401123,0.08910882472991943,-0.12757620215415955,-0.1729435920715332,0.23264899849891663,-4.304572939872742e-05,-0.00017732754349708557,0.9592276811599731,0.9461907148361206,5.660224914550781,0.0,746.7288818359375,12,721.7891845703125,746.7288818359375,-0.9999997615814209,,,,
167,0,0.3742498755455017,0.17490637302398682,-0.13192445039749146,0.5805054903030396,0.6204699277877808,0.3142469823360443,-0.023976510390639305,-0.31407630443573,0.44493815302848816,-0.00425758957862854,-0.004318339750170708,0.5832008719444275,0.5180962681770325,3.490384340286255,0.0,836.7573852539062,6,836.7573852539062,821.4789428710938,-0.9999997615814209,0.10936760902404785,0.22751101851463318,0.3328165113925934,0.0
167,1,0.3784329891204834,0.20723050832748413,-0.1246982216835022,0.9588882327079773,0.9889189600944519,0.07121246308088303,-0.21042242646217346,-0.15603779256343842,0.27147120237350464,0.00010169483721256256,-9.425915777683258e-05,0.961423397064209,0.951086163520813,5.1824951171875,0.0,710.1685791015625,12,661.2672119140625,710.1685791015625,-0.9999997615814209,,,,
168,0,0.37414848804473877,-0.36027127504348755,-0.04685809090733528,0.4370715022087097,0.5683507323265076,0.20756542682647705,0.06550769507884979,-0.0959332212805748,0.23786097764968872,-0.004395380616188049,-0.00441284105181694,0.4070359766483307,0.3489524722099304,4.81701135635376,0.0,1031.10888671875,6,1031.10888671875,942.5496826171875,-0.9999997615814209,-0.13568587601184845,0.31823471188545227,0.26102274656295776,0.0
168,1,0.3780669569969177,-0.28566786646842957,-0.043493371456861496,0.9364186525344849,0.9799886345863342,0.15356779098510742,-0.3127959072589874,0.23849433660507202,0.42226046323776245,-0.0002545863389968872,-0.00041793473064899445,0.9498480558395386,0.9333340525627136,6.486355781555176,0.0,896.2548217773438,12,874.0275268554688,896.2548217773438,-0.9999997615814209,,,,
169,0,0.37416407465934753,0.16285406053066254,0.12510640919208527,0.5234482884407043,0.5622910261154175,0.2645489573478699,-0.43274906277656555,-0.5263866782188416,0.7309862375259399,-0.004360934719443321,-0.004383940249681473,0.51313316822052,0.45220428705215454,3.556206464767456,0.0,933.3820190429688,6,933.3820190429688,865.0982666015625,-0.9999997615814209,0.007016241550445557,0.18875154852867126,0.38861557841300964,0.0
169,1,0.37824782729148865,0.21193155646324158,0.1342715173959732,0.953356921672821,0.9858160018920898,0.08763477951288223,-0.7025400996208191,-0.3308652937412262,0.7814821004867554,-8.581392467021942e-05,-0.000255512073636055,0.9572169184684753,0.9442652463912964,5.742487907409668,0.0,790.2395629882812,12,748.3283081054688,790.2395629882812,-0.9999997615814209,,,,
170,0,0.3742353320121765,0.06983990967273712,0.12141860276460648,0.5901328921318054,0.6065285801887512,0.23442544043064117,-0.01726888120174408,-0.40296047925949097,0.46650901436805725,-0.004277456551790237,-0.004330521449446678,0.5911309719085693,0.5402226448059082,3.7907142639160156,0.0,861.11962890625,6,861.11962890625,827.2810668945312,-0.9999997615814209,0.10988342761993408,0.1745970994234085,0.24558866024017334,0.0
170,1,0.37844398617744446,0.09383440762758255,0.13332264125347137,0.961685061454773,0.9754065871238708,0.06828882545232773,-0.1667753905057907,-0.282353937625885,0.334964394569397,9.581819176673889e-05,-8.691661059856415e-05,0.9627349972724915,0.950946033000946,5.196572780609131,0.0,693.7586669921875,12,653.8526611328125,693.7586669921875,-0.9999997615814209,,,,
171,0,0.3741261661052704,0.25349295139312744,0.2900916337966919,0.44110924005508423,0.585652768611908,0.12891452014446259,-0.25530701875686646,-0.30492159724235535,0.4180643558502197,-0.004402933642268181,-0.004419015720486641,0.38979172706604004,0.35389408469200134,5.003526210784912,0.0,979.1005249023438,6,979.1005249023438,899.2545166015625,-0.9999997615814209,-0.10315084457397461,0.40025344491004944,0.35736334323883057,0.0
171,1,0.37806010246276855,0.3557608127593994,0.3045560121536255,0.934606671333313,1.0453753471374512,0.14405634999275208,-0.7575485110282898,-0.012338556349277496,0.7712225317955017,-0.00025468505918979645,-0.0004125479608774185,0.9518147110939026,0.936604917049408,6.282352924346924,0.0,887.0493774414062,12,869.45751953125,887.0493774414062,-0.9999997615814209,,,,
172,0,0.37424468994140625,0.3604549765586853,0.17117534577846527,0.6217212677001953,0.7387598752975464,0.03909411281347275,-0.5444924235343933,-0.3316253125667572,0.6387297511100769,-0.00425482913851738,-0.004282437264919281,0.596398115158081,0.5882816314697266,4.5835957527160645,0.0,796.6747436523438,6,796.6747436523438,750.7145385742188,-0.9999997615814209,0.1862592101097107,0.3899768590927124,0.3375672399997711,0.0
172,1,0.3785017728805542,0.38576698303222656,0.18509118258953094,0.9615325331687927,1.0524351596832275,0.04884383827447891,-0.7023945450782776,-0.25740164518356323,0.7496662139892578,0.00015150196850299835,3.135763108730316e-05,0.9650627970695496,0.9559067487716675,4.820650577545166,0.0,628.1047973632812,12,616.4392700195312,628.1047973632812,-0.9999997615814209,,,,
173,0,0.3742724657058716,-0.07009691745042801,-0.10990665853023529,0.6015318632125854,0.6154946088790894,0.053656890988349915,-0.04192725569009781,-0.19696010649204254,0.20839923620224,-0.004255427047610283,-0.004283510148525238,0.5873268246650696,0.5756087303161621,2.90338134765625,0.0,853.5324096679688,6,853.5324096679688,802.1177368164062,-0.9999997615814209,0.13161039352416992,0.1698247790336609,0.1835329383611679,0.0
173,1,0.37848731875419617,-0.04813574627041817,-0.11434876173734665,0.9619314670562744,0.9698994159698486,0.06556501984596252,-0.18207114934921265,-0.1173459067940712,0.22631555795669556,0.00010457821190357208,-6.513670086860657e-06,0.9635045528411865,0.9531477689743042,5.168878555297852,0.0,656.9102783203125,6,656.9102783203125,654.6464233398438,-0.9999997615814209,,,,
174,0,0.37413838505744934,0.2654580771923065,0.04709760099649429,0.48875871300697327,0.5581856966018677,0.13348962366580963,-0.5240066051483154,-0.23614349961280823,0.5900560617446899,-0.0043952446430921555,-0.00439952127635479,0.4564010202884674,0.41853225231170654,3.759599208831787,0.0,958.5211791992188,6,958.5211791992188,871.096435546875,-0.9999997615814209,-0.038562893867492676,0.24046026170253754,0.4026419520378113,0.0
174,1,0.3781536817550659,0.3293299674987793,0.05100971460342407,0.9474066495895386,1.0043104887008667,0.1008906215429306,-0.8612053394317627,-0.023795459419488907,0.8674213886260986,-0.00018665939569473267,-0.0003144703805446625,0.9546675086021423,0.942034125328064,6.057828426361084,0.0,824.9985961914062,12,809.5069580078125,824.9985961914062,-0.9999997615814209,,,,
175,0,0.3741726279258728,-0.2036115974187851,-0.07248036563396454,0.48216137290000916,0.5283849835395813,0.37155067920684814,-0.15824978053569794,-0.2271168828010559,0.46333029866218567,-0.004361344501376152,-0.004392199218273163,0.47878777980804443,0.3925887644290924,3.9000120162963867,0.0,973.900146484375,6,973.900146484375,907.1998291015625,-0.9999997615814209,-0.060799211263656616,0.18537895381450653,0.25811436772346497,0.0
175,1,0.37818005681037903,-0.14036177098751068,-0.06547742336988449,0.9454394578933716,0.9580420255661011,0.13268058001995087,-0.4865381121635437,0.0885433629155159,0.5120189189910889,-0.00014011934399604797,-0.0003356076776981354,0.9546294808387756,0.939264178276062,6.064361572265625,0.0,851.4118041992188,12,798.4254150390625,851.4118041992188,-0.9999997615814209,,,,
176,0,0.3743676245212555,-0.23836439847946167,-0.28254976868629456,0.655346691608429,0.7524169087409973,-0.04185043275356293,-0.2624163329601288,0.2852601110935211,0.3898552656173706,-0.004156334325671196,-0.004168422892689705,0.6373652219772339,0.6463709473609924,2.6154892444610596,0.0,759.170166015625,6,759.170166015625,699.9734497070312,-0.9999997615814209,0.24780142307281494,0.41356006264686584,0.4154072701931,0.0
176,1,0.378663033246994,-0.23093223571777344,-0.2894653081893921,0.9639617204666138,1.032638430595398,0.045875851064920425,-0.33541780710220337,0.3264765441417694,0.47031545639038086,0.0002738628536462784,0.00020865537226200104,0.9673676490783691,0.9586420059204102,4.603291034698486,0.0,581.093505859375,6,581.093505859375,563.2691650390625,-0.9999997615814209,,,,
177,0,0.37406980991363525,-0.23886892199516296,0.18730218708515167,0.3554266095161438,0.46740618348121643,0.4584586024284363,0.11689236015081406,-0.1939190775156021,0.5113244652748108,-0.004461102187633514,-0.004518350586295128,0.33062586188316345,0.22022689878940582,6.030096530914307,0.0,1091.5804443359375,6,1091.5804443359375,1026.3609619140625,-0.9999997615814209,-0.26470908522605896,0.36256879568099976,0.1774764060974121,0.0
177,1,0.377858430147171,-0.11710100620985031,0.20810578763484955,0.9216501116752625,0.9520816802978516,0.22263473272323608,-0.4725387394428253,0.2855227589607239,0.5953001976013184,-0.00040920451283454895,-0.0006844978779554367,0.944900631904602,0.9221755862236023,7.022650241851807,0.0,1030.5667724609375,12,963.3941650390625,1030.5667724609375,-0.9999997615814209,,,,
178,0,0.3741995692253113,-0.3260876536369324,0.010052324272692204,0.524894118309021,0.6180194616317749,0.37548884749412537,0.056640926748514175,-0.40526849031448364,0.5553761124610901,-0.00433102622628212,-0.004367390647530556,0.5364171862602234,0.4467817544937134,3.951634645462036,0.0,954.624267578125,6,954.624267578125,894.659423828125,-0.9999997615814209,-0.006511867046356201,0.2776425778865814,0.1870323270559311,0.0
178,1,0.3782788813114166,-0.29352813959121704,0.019173426553606987,0.9514607191085815,0.9958935379981995,0.10737593472003937,-0.13379453122615814,-0.1493985652923584,0.22748735547065735,-4.1961669921875e-05,-0.00024129636585712433,0.9564522504806519,0.9420596361160278,5.7455949783325195,0.0,793.4397583007812,12,734.5137329101562,793.4397583007812,-0.9999997615814209,,,,
179,0,0.3741162121295929,-0.04068250581622124,0.27606576681137085,0.4101346433162689,0.496062308549881,0.43086403608322144,0.03162305802106857,-0.521842360496521,0.6774682998657227,-0.00440516322851181,-0.00446353480219841,0.3921068012714386,0.28580883145332336,6.292267322540283,0.0,1009.3063354492188,6,1009.3063354492188,961.2352294921875,-0.9999997615814209,-0.16321490705013275,0.31308603286743164,0.2847328186035156,0.0
179,1,0.37800443172454834,0.06359336525201797,0.3004716634750366,0.9310786724090576,0.9804258346557617,0.1888754516839981,-0.4799412190914154,-0.12665578722953796,0.5310924649238586,-0.0002707298845052719,-0.0005402825772762299,0.9482402801513672,0.9292879104614258,6.582681179046631,0.0,957.0248413085938,12,887.9986572265625,957.0248413085938,-0.9999997615814209,,,,
180,0,0.3742048740386963,0.14368362724781036,0.135544091463089,0.5704008936882019,0.6036342978477478,0.17654633522033691,-0.24235019087791443,-0.4279690980911255,0.5225512385368347,-0.0043250322341918945,-0.004336737096309662,0.5548751950263977,0.5170266628265381,3.7468786239624023,0.0,896.933837890625,6,896.933837890625,823.2939453125,-0.9999997615814209,0.07935076951980591,0.20640262961387634,0.3134731650352478,0.0
180,1,0.37837454676628113,0.1782415360212326,0.1451326310634613,0.9585368037223816,0.9857110977172852,0.07241706550121307,-0.4425535500049591,-0.26539865136146545,0.5210895538330078,1.2701377272605896e-05,-0.00012255460023880005,0.9599042534828186,0.9494638442993164,5.393440246582031,0.0,715.9906005859375,12,686.6738891601562,715.9906005859375,-0.9999997615814209,,,,
181,0,0.37410515546798706,0.19508475065231323,0.0815964788198471,0.41653773188591003,0.46713992953300476,0.23656518757343292,0.20792429149150848,-0.3472917377948761,0.4688359498977661,-0.004435420036315918,-0.004457879811525345,0.3804803490638733,0.3185490071773529,4.419285297393799,0.0,1032.9263916015625,6,1032.9263916015625,951.3084716796875,-0.9999997615814209,-0.1604304313659668,0.284760057926178,0.28186219930648804,0.0
181,1,0.37799888849258423,0.288523405790329,0.08945158123970032,0.935848593711853,0.983392059803009,0.15042896568775177,-0.25149205327033997,-0.02848576381802559,0.294429212808609,-0.00032224878668785095,-0.0005008690059185028,0.9497967958450317,0.9333817362785339,6.615482330322266,0.0,933.8804931640625,12,903.8318481445312,933.8804931640625,-0.9999997615814209,,,,
182,0,0.37434133887290955,-0.09925922751426697,0.14446787536144257,0.6681891083717346,0.6907966732978821,0.11275095492601395,0.11617262661457062,-0.2759113013744354,0.3198998272418976,-0.004165710881352425,-0.004229513928294182,0.668677806854248,0.6496644616127014,3.275765895843506,0.0,762.9722900390625,6,762.9722900390625,749.541748046875,-0.9999997615814209,0.24439358711242676,0.29640108346939087,0.23831115663051605,0.0
182,1,0.37868767976760864,-0.09475817531347275,0.15587171912193298,0.9691899418830872,0.9862070083618164,0.053777001798152924,0.058084093034267426,-0.25023871660232544,0.26245981454849243,0.00031176023185253143,0.0001537967473268509,0.9689463973045349,0.9589982032775879,4.491949558258057,0.0,568.5462646484375,12,549.2600708007812,568.5462646484375,-0.9999997615814209,,,,
183,0,0.3743542432785034,-0.2615738809108734,-0.03673037886619568,0.6634773015975952,0.7141233086585999,0.05831669270992279,-0.16830545663833618,0.2903953492641449,0.3406714200973511,-0.004157966002821922,-0.004199916496872902,0.6568355560302734,0.6435449123382568,2.552683115005493,0.0,754.8447875976562,6,754.8447875976562,718.041748046875,-0.9999997615814209,0.25159579515457153,0.35185423493385315,0.34646210074424744,0.0
183,1,0.37867358326911926,-0.25528132915496826,-0.039129409939050674,0.9669684767723083,1.0008634328842163,0.048373088240623474,-0.23559725284576416,0.3401280343532562,0.41657304763793945,0.00029292888939380646,0.0001778583973646164,0.9678966999053955,0.9584307670593262,4.486971855163574,0.0,564.4453735351562,12,562.8646850585938,564.4453735351562,-0.9999997615814209,,,,
184,0,0.37415653467178345,0.17298221588134766,-0.3309417963027954,0.4145887494087219,0.55796879529953,0.41028091311454773,-0.07269739359617233,-0.4457310140132904,0.6101569533348083,-0.004371713846921921,-0.004410175606608391,0.40421825647354126,0.3026723265647888,7.173266410827637,0.0,985.4593505859375,6,985.4593505859375,931.85986328125,-0.9999997615814209,-0.1415470838546753,0.37881672382354736,0.3076847493648529,0.0
184,1,0.37803342938423157,0.2825123965740204,-0.327435702085495,0.9280201196670532,1.0238401889801025,0.2180623561143875,-0.6055362224578857,0.05824931338429451,0.6462339162826538,-0.00024329498410224915,-0.000459522008895874,0.9526806473731995,0.9319091439247131,6.488300323486328,0.0,934.8588256835938,12,887.8773803710938,934.8588256835938,-0.9999997615814209,,,,
185,0,0.3742768466472626,-0.2949230968952179,-0.25511205196380615,0.5856276750564575,0.7035776972770691,0.025434602051973343,-0.2413759082555771,0.008146136999130249,0.2428489327430725,-0.004256846383213997,-0.004263425245881081,0.5681131482124329,0.5604767799377441,2.9854135513305664,0.0,873.2684326171875,6,873.2684326171875,799.0855102539062,-0.9999997615814209,0.11079752445220947,0.3631731867790222,0.3616638779640198,0.0
185,1,0.3784484267234802,-0.2786213159561157,-0.2616085708141327,0.9570304751396179,1.030522346496582,0.06256328523159027,-0.3598306477069855,0.09951254725456238,0.37854325771331787,7.920898497104645e-05,-5.129724740982056e-06,0.9616743326187134,0.951068639755249,5.314431667327881,0.0,677.3154907226562,6,677.3154907226562,669.8601684570312,-0.9999997615814209,,,,
186,0,0.3741568326950073,-0.15025700628757477,-0.26848480105400085,0.40969374775886536,0.5123574733734131,0.15914642810821533,-0.0035493464674800634,-0.4084283113479614,0.438353568315506,-0.004390427842736244,-0.004400512203574181,0.36737990379333496,0.3174002766609192,6.685810565948486,0.0,1020.3082275390625,6,1020.3082275390625,935.3726196289062,-0.9999997615814209,-0.15861909091472626,0.28970393538475037,0.24528226256370544,0.0
186,1,0.3780270218849182,-0.05092097073793411,-0.2693084180355072,0.9297480583190918,0.9693045616149902,0.19935160875320435,-0.48875343799591064,0.012456757016479969,0.5279926061630249,-0.0002936422824859619,-0.0004437267780303955,0.9492778182029724,0.929297685623169,6.6583251953125,0.0,923.6483764648438,12,917.7539672851562,923.6483764648438,-0.9999997615814209,,,,
187,0,0.37418749928474426,-0.3576546907424927,0.266107976436615,0.5019487142562866,0.671329140663147,0.47102972865104675,-0.11035850644111633,-0.004709653556346893,0.4838080108165741,-0.004334079101681709,-0.004387333989143372,0.5118433237075806,0.4019142687320709,6.062245845794678,0.0,963.1320190429688,6,963.1320190429688,901.2066040039062,-0.9999997615814209,-0.03598731756210327,0.4004199206829071,0.37442007660865784,0.0
187,1,0.3782320022583008,-0.29802176356315613,0.29471108317375183,0.942548930644989,1.031537652015686,0.14220337569713593,-0.4226115047931671,0.35189464688301086,0.568024754524231,-5.193054676055908e-05,-0.0003072209656238556,0.9545563459396362,0.9394881129264832,5.921189308166504,0.0,832.6296997070312,12,747.7548828125,832.6296997070312,-0.9999997615814209,,,,
188,0,0.37426120042800903,0.19215890765190125,0.09256722033023834,0.6297913193702698,0.664929211139679,0.08867058157920837,-0.5580793023109436,-0.09890711307525635,0.5736702680587769,-0.004229815676808357,-0.00429152138531208,0.6054477095603943,0.5913802981376648,4.26313591003418,0.0,787.2786254882812,6,787.2786254882812,773.6876220703125,-0.9999997615814209,0.18951889872550964,0.25518134236335754,0.2873280346393585,0.0
188,1,0.37853655219078064,0.21429948508739471,0.10489652305841446,0.9646617770195007,0.9937302470207214,0.05131762847304344,-0.7014932632446289,-0.0458432212471962,0.7048602104187012,0.00018674694001674652,2.9167160391807556e-05,0.9657889008522034,0.956098198890686,4.785810470581055,0.0,622.6505126953125,12,605.7554931640625,622.6505126953125,-0.9999997615814209,,,,
189,0,0.37429487705230713,0.17100249230861664,0.17415425181388855,0.6435558199882507,0.6882845759391785,0.1767440140247345,0.14012007415294647,-0.33167368173599243,0.4010978639125824,-0.004198107868432999,-0.004278900101780891,0.6443296074867249,0.6115905046463013,4.470534801483154,0.0,778.70556640625,6,778.70556640625,778.5830688476562,-0.9999997615814209,0.20546501874923706,0.30473172664642334,0.38060930371284485,0.0
189,1,0.37860262393951416,0.18478421866893768,0.1920420527458191,0.9661968946456909,1.0022783279418945,0.05336802825331688,0.041255515068769455,-0.27514559030532837,0.28329360485076904,0.000254286453127861,6.113946437835693e-05,0.9670647978782654,0.9572842121124268,4.756941795349121,0.0,612.0276489257812,12,576.658447265625,612.0276489257812,-0.9999997615814209,,,,
190,0,0.37406229972839355,0.04880589246749878,0.19085247814655304,0.34535905718803406,0.3975922167301178,0.20967164635658264,0.42691439390182495,-0.3834168314933777,0.6109226942062378,-0.004484780132770538,-0.004511797800660133,0.2888060212135315,0.22918850183486938,5.593848705291748,0.0,1104.0303955078125,6,1104.0303955078125,1014.1522216796875,-0.9999997615814209,-0.275490939617157,0.3603081703186035,0.38245338201522827,0.0
190,1,0.3778320550918579,0.17764942348003387,0.20100966095924377,0.9214924573898315,0.9597460627555847,0.20544911921024323,-0.1860000491142273,0.002150293905287981,0.2771461606025696,-0.00047903135418891907,-0.0006739795207977295,0.9443895220756531,0.9218571186065674,7.162459850311279,0.0,1024.5567626953125,12,1003.7933349609375,1024.5567626953125,-0.9999997615814209,,,,
191,0,0.3742263913154602,0.09387493133544922,0.016206765547394753,0.5677413940429688,0.575678288936615,0.3812357485294342,0.16946092247962952,-0.4160628318786621,0.5892079472541809,-0.004282020032405853,-0.004351934418082237,0.5782947540283203,0.49490195512771606,4.663811206817627,0.0,870.6607666015625,6,870.6607666015625,853.5941162109375,-0.9999997615814209,0.07579293847084045,0.12209931015968323,0.425169974565506,0.0
191,1,0.37839725613594055,0.12405195087194443,0.03174566477537155,0.9585818648338318,0.9670966267585754,0.07902699708938599,-0.007008409593254328,-0.23443032801151276,0.24749134480953217,7.225759327411652e-05,-0.00015570037066936493,0.9597547054290771,0.9480032920837402,5.404933452606201,0.0,738.440673828125,12,672.631103515625,738.440673828125,-0.9999997615814209,,,,
192,0,0.3741840720176697,-0.33705899119377136,0.2441859245300293,0.4971168041229248,0.6483522653579712,0.4524991512298584,0.09308398514986038,-0.13822175562381744,0.48220884799957275,-0.0043415650725364685,-0.004393167793750763,0.5080510377883911,0.4009023606777191,6.514385223388672,0.0,972.3252563476562,6,972.3252563476562,908.8711547851562,-0.9999997615814209,-0.04594096541404724,0.36771464347839355,0.16870205104351044,0.0
192,1,0.37822064757347107,-0.28052088618278503,0.2697114050388336,0.9428403377532959,1.0199922323226929,0.14013808965682983,-0.20471812784671783,0.18796053528785706,0.31125128269195557,-7.071532309055328e-05,-0.000319579616189003,0.9537686705589294,0.9377155900001526,5.9597697257995605,0.0,838.1279296875,12,758.3163452148438,838.1279296875,-0.9999997615814209,,,,
193,0,0.3741128146648407,-0.17204077541828156,0.296787828207016,0.38794341683387756,0.51786208152771,0.5769228935241699,0.30764371156692505,0.06178685650229454,0.6567360758781433,-0.0044064875692129135,-0.004487760365009308,0.379635214805603,0.24940668046474457,7.144763946533203,0.0,1045.1319580078125,6,1045.1319580078125,1001.780029296875,-0.9999997615814209,-0.20989125967025757,0.3664581775665283,0.40293994545936584,0.0
193,1,0.3779670000076294,-0.0433301143348217,0.3314593732357025,0.921447217464447,0.9802079796791077,0.23688140511512756,-0.3067764341831207,0.6456878781318665,0.7530852556228638,-0.0002845264971256256,-0.0006080567836761475,0.949306070804596,0.928111732006073,6.826529502868652,0.0,994.01904296875,12,898.7562866210938,994.01904296875,-0.9999997615814209,,,,
194,0,0.37423428893089294,0.16900572180747986,0.012099586427211761,0.5893458724021912,0.6132192611694336,0.04482845589518547,-0.04966529831290245,-0.2001718431711197,0.21105685830116272,-0.004292011260986328,-0.004316540434956551,0.5712488293647766,0.5586439371109009,2.9576358795166016,0.0,872.4996337890625,6,872.4996337890625,811.3108520507812,-0.9999997615814209,0.11046132445335388,0.18527795374393463,0.28074756264686584,0.0
194,1,0.3784306049346924,0.1924700289964676,0.009216961450874805,0.9614953994750977,0.9806135892868042,0.062095075845718384,-0.1980614811182022,-0.11782585084438324,0.2386777698993683,5.048513412475586e-05,-6.00963830947876e-05,0.9623894691467285,0.9511125087738037,5.288882732391357,0.0,675.4146728515625,6,675.4146728515625,673.9747924804688,-0.9999997615814209,,,,
195,0,0.3741677403450012,-0.27899065613746643,-0.05970030277967453,0.4558548927307129,0.537776529788971,0.156815767288208,0.3848456144332886,-0.49468857049942017,0.646075963973999,-0.00438457727432251,-0.004391098394989967,0.42602890729904175,0.3805675208568573,4.758776664733887,0.0,1023.6226196289062,6,1023.6226196289062,931.63134765625,-0.9999997615814209,-0.11054068803787231,0.23453880846500397,0.37171655893325806,0.0
195,1,0.3781227469444275,-0.2146964818239212,-0.06021330505609512,0.9407092928886414,0.966775119304657,0.14492546021938324,0.05326586589217186,-0.21417175233364105,0.2640268802642822,-0.00022262707352638245,-0.0003614984452724457,0.9516004323959351,0.9353268146514893,6.390313625335693,0.0,866.9528198242188,12,854.5625,866.9528198242188,-0.9999997615814209,,,,
196,0,0.37406620383262634,0.2633124589920044,-0.2119831144809723,0.3138512969017029,0.4612731635570526,0.37482595443725586,-0.26927950978279114,-0.4617411196231842,0.6528482437133789,-0.004458606243133545,-0.004506055265665054,0.26931995153427124,0.16937194764614105,8.344388961791992,0.0,1053.8541259765625,6,1053.8541259765625,1002.0001220703125,-0.9999997615814209,-0.2913660407066345,0.44147351384162903,0.391888290643692,0.0
196,1,0.3777686357498169,0.44169139862060547,-0.20238295197486877,0.9072521924972534,1.0291533470153809,0.3119673728942871,-1.1087188720703125,0.33553019165992737,1.1996506452560425,-0.0004800260066986084,-0.0007263477891683578,0.9475774168968201,0.9232304692268372,7.20321798324585,0.0,1067.3822021484375,12,1028.908203125,1067.3822021484375,-0.9999997615814209,,,,
197,0,0.3742736577987671,-0.23692798614501953,-0.04701247811317444,0.5918628573417664,0.6392548084259033,0.19850075244903564,0.328366219997406,0.09585972130298615,0.39549463987350464,-0.004243467003107071,-0.004306573420763016,0.5971341729164124,0.5536498427391052,2.9340927600860596,0.0,872.6162719726562,6,872.6162719726562,845.0081787109375,-0.9999997615814209,0.10363197326660156,0.22677487134933472,0.2782368063926697,0.0
197,1,0.3784697949886322,-0.2270948439836502,-0.04703570157289505,0.9605550169944763,0.9881550669670105,0.06315796077251434,0.24291297793388367,0.18446014821529388,0.3114822506904602,0.00011617131531238556,-5.6335702538490295e-05,0.962447464466095,0.9505913257598877,5.206670761108398,0.0,680.4655151367188,12,655.7836303710938,680.4655151367188,-0.9999997615814209,,,,
198,0,0.37434089183807373,-0.29342779517173767,-0.01907520554959774,0.6571376919746399,0.7199261784553528,0.18901948630809784,-0.25717321038246155,-0.36096304655075073,0.4818306267261505,-0.004155740141868591,-0.004231959581375122,0.6659048795700073,0.6321209073066711,3.6649274826049805,0.0,759.4112548828125,12,749.2042846679688,759.4112548828125,-0.9999997615814209,0.23463386297225952,0.3659198582172394,0.44774940609931946,0.0
198,1,0.37865692377090454,-0.2916002869606018,-0.009677235037088394,0.9664636254310608,1.00954270362854,0.057428665459156036,-0.30635541677474976,-0.33890172839164734,0.4604411721229553,0.00030983053147792816,0.0001293867826461792,0.967491090297699,0.957836389541626,4.541890621185303,0.0,586.7271118164062,12,557.4984741210938,586.7271118164062,-0.9999997615814209,,,,
199,0,0.3741966485977173,-0.20348410308361053,0.1254044473171234,0.5390176773071289,0.589637279510498,0.2192767709493637,0.08561696112155914,0.1634809523820877,0.2865982949733734,-0.004343071952462196,-0.004360750317573547,0.5360880494117737,0.48232898116111755,3.2053232192993164,0.0,964.07568359375,6,964.07568359375,871.7022094726562,-0.9999997615814209,0.01186719536781311,0.21749193966388702,0.38394075632095337,0.0
199,1,0.3783028721809387,-0.16764846444129944,0.12903913855552673,0.9542157053947449,0.9773866534233093,0.0939129889011383,-0.11765698343515396,0.3882236182689667,0.41638970375061035,-5.613081157207489e-05,-0.0002012159675359726,0.9577492475509644,0.9454439878463745,5.738216400146484,0.0,760.3350830078125,12,729.8972778320312,760.3350830078125,-0.9999997615814209,,,,
