trial_id,target_lateral,target_height,ball_init_pos_x,ball_init_pos_y,ball_init_pos_z,ball_init_vel_x,ball_init_vel_y,ball_init_vel_z,save,goal_conceded,fall,failure_mode,min_ball_body_dist,closest_body,reaction_time,max_base_lateral_disp,max_foot_lateral_disp,max_hand_lateral_disp,max_base_ang_vel,max_torque_abs,ball_hit_body,episode_length
lat-1.2_h0.05_t1,-1.2,0.05,7.0,-0.9680060581885949,0.05,-12.125924870061732,-0.3713542545679706,3.0642715697677874,False,True,False,no_reaction,999.0,,nan,0.04426092047735137,0.0,0.0,1.9448592929395,58.398184248020264,,149
lat-1.2_h0.05_t2,-1.2,0.05,7.0,-0.8338238542250648,0.05,-14.443049618958208,-0.7418528866239438,2.421091873349445,False,True,False,insufficient_reach,999.0,,0.62,0.838040768164897,0.0,0.0,4.198103224885136,92.55293401324352,,149
lat-1.2_h0.05_t3,-1.2,0.05,7.0,-0.8675573591995782,0.05,-18.394427338273626,-0.8062133605198243,2.022580166712547,False,True,False,no_reaction,999.0,,nan,0.044260920477353874,0.0,0.0,1.9448592929395048,58.39818424802048,,149
lat-1.2_h0.05_t4,-1.2,0.05,7.0,-1.1752435683677622,0.05,-14.218654707572963,-0.048537958381285315,2.501759472498656,False,True,False,insufficient_reach,999.0,,0.66,0.08920872732178083,0.0,0.0,1.9763377450996107,44.781843438893404,,149
lat-1.2_h0.05_t5,-1.2,0.05,7.0,-1.4078553514647818,0.05,-9.346417980674014,0.2709583773581553,3.7626830691679634,False,True,False,no_reaction,999.0,,nan,0.04426092047735434,0.0,0.0,1.9448592929394908,58.39818424802053,,149
lat-1.2_h0.05_t6,-1.2,0.05,7.0,-1.1857655615863885,0.05,-8.26517138970889,-0.016340658115536894,4.27277285437964,False,True,False,insufficient_reach,999.0,,0.9,0.5421868315449694,0.0,0.0,2.7642438344952773,86.62033713986852,,149
lat-1.2_h0.05_t7,-1.2,0.05,7.0,-1.6349484070147204,0.05,-9.398311501058163,0.5689118338106242,3.750004499145933,False,True,False,insufficient_reach,999.0,,0.78,0.19105491998774066,0.0,0.0,2.9672638981484383,73.2118974511848,,149
lat-1.2_h0.05_t8,-1.2,0.05,7.0,-1.602327885993616,0.05,-8.19434141151829,0.454588051729141,4.341113395506745,False,True,False,no_reaction,999.0,,nan,0.044260920477353825,0.0,0.0,1.9448592929395074,58.398184248020456,,149
lat-1.2_h0.05_t9,-1.2,0.05,7.0,-1.6656114788847816,0.05,-15.526695390073401,0.9839156951953779,2.3211585251481845,False,True,False,insufficient_reach,999.0,,0.58,0.4844983517373758,0.0,0.0,2.844897003636125,88.87796776396297,,149
lat-1.2_h0.05_t10,-1.2,0.05,7.0,-1.1799319788221891,0.05,-9.098098922746747,-0.025163241040587342,3.911803082853769,False,True,False,no_reaction,999.0,,nan,0.04426092047735094,0.0,0.0,1.9448592929395032,58.398184248020364,,149
lat-1.2_h0.05_t11,-1.2,0.05,7.0,-0.7605010584358108,0.05,-7.626748651183699,-0.44766854482149565,4.815487559511096,False,True,False,no_reaction,999.0,,nan,0.04426092047735406,0.0,0.0,1.9448592929395032,58.398184248020904,,149
lat-1.2_h0.05_t12,-1.2,0.05,7.0,-1.5040171375808549,0.05,-7.495606233605515,0.31896895368727135,4.675075873673033,False,True,False,no_reaction,999.0,,nan,0.044260920477353596,0.0,0.0,1.9448592929394892,58.39818424802076,,149
lat-1.2_h0.05_t13,-1.2,0.05,7.0,-0.8712624908480706,0.05,-11.4270399274533,-0.519163297697087,3.1058772635561462,False,True,False,no_reaction,999.0,,nan,0.04426092047735029,0.0,0.0,1.9448592929394992,58.39818424802067,,149
lat-1.2_h0.05_t14,-1.2,0.05,7.0,-0.8978030192459603,0.05,-9.881873895329697,-0.4164686192484293,3.559154572734726,False,True,False,insufficient_reach,999.0,,1.3,0.09452504087011016,0.0,0.0,2.8536714758367854,74.41258172744611,,149
lat-1.2_h0.05_t15,-1.2,0.05,7.0,-1.6944778828763976,0.05,-8.338893857340674,0.5727453296958869,4.234716356040063,False,True,False,insufficient_reach,999.0,,0.88,0.42665966870994687,0.0,0.0,3.189886817118501,91.35863843628236,,149
lat-1.2_h0.05_t16,-1.2,0.05,7.0,-1.6259553482659097,0.05,-8.939093298149848,0.5086615244828231,4.107468095544626,False,True,False,no_reaction,999.0,,nan,0.04426092047735105,0.0,0.0,1.9448592929394992,58.39818424802024,,149
lat-1.2_h0.05_t17,-1.2,0.05,7.0,-1.3691019751473508,0.05,-8.074905176433704,0.184234628863225,4.502113382351872,False,True,False,no_reaction,999.0,,nan,0.04426092047735229,0.0,0.0,1.9448592929394986,58.39818424802046,,149
lat-1.2_h0.05_t18,-1.2,0.05,7.0,-1.062442528644787,0.05,-12.543568708749639,-0.23114629719429744,2.9190145167247166,False,True,False,insufficient_reach,999.0,,0.7000000000000001,0.756687494140587,0.0,0.0,4.907031533308675,100.49599546161535,,149
lat-1.2_h0.05_t19,-1.2,0.05,7.0,-0.9392149513831025,0.05,-15.806081403917377,-0.5527958222605946,2.3139658657964217,False,True,False,insufficient_reach,999.0,,0.6,0.6303011090019816,0.0,0.0,2.7379177472361027,110.39201500932194,,149
lat-1.2_h0.05_t20,-1.2,0.05,7.0,-1.2724589816414502,0.05,-10.572462729153512,0.10406626156630572,3.4152404401004026,False,True,False,insufficient_reach,999.0,,0.84,0.05875933133811577,0.0,0.0,1.8319270629075748,56.2934658253178,,149
lat-1.2_h0.05_t21,-1.2,0.05,7.0,-1.3856440189236734,0.05,-17.710569832265506,0.44321520771547246,2.054496093476059,False,True,False,insufficient_reach,999.0,,0.54,0.6488498478813497,0.0,0.0,3.042933855119659,106.75033854864492,,149
lat-1.2_h0.05_t22,-1.2,0.05,7.0,-0.9444488614569513,0.05,-13.292429560050467,-0.4649974646069567,2.695667030385139,False,True,False,insufficient_reach,999.0,,0.68,0.7420100834065163,0.0,0.0,4.170990294205216,114.0722715171415,,149
lat-1.2_h0.05_t23,-1.2,0.05,7.0,-0.7703023476574269,0.05,-12.513025591040698,-0.7487967231512275,2.81473852592522,False,True,False,insufficient_reach,999.0,,0.74,0.1237466609807438,0.0,0.0,2.053234360499992,68.18882067224206,,149
lat-1.2_h0.05_t24,-1.2,0.05,7.0,-1.513429941113964,0.05,-8.128755282350653,0.3396228971705912,4.5267085169224535,False,True,False,no_reaction,999.0,,nan,0.044260920477351,0.0,0.0,1.9448592929394994,58.39818424802047,,149
lat-1.2_h0.05_t25,-1.2,0.05,7.0,-0.7931715584542459,0.05,-15.378988432890793,-0.8596430172425898,2.3213048506840814,False,True,False,no_reaction,999.0,,nan,0.0442609204773527,0.0,0.0,1.9448592929394914,58.39818424802048,,149
lat-1.2_h0.05_t26,-1.2,0.05,7.0,-1.3952187418419708,0.05,-18.17652310370072,0.4876661991977437,1.9635314694972148,False,True,False,insufficient_reach,999.0,,0.54,0.6338901762641764,0.0,0.0,2.959866567276256,93.57888425117655,,149
lat-1.2_h0.05_t27,-1.2,0.05,7.0,-1.4305876662014785,0.05,-10.777594090088387,0.33375067222202653,3.388854605709488,False,True,False,no_reaction,999.0,,nan,0.044260920477354186,0.0,0.0,1.944859292939514,58.39818424802059,,149
lat-1.2_h0.05_t28,-1.2,0.05,7.0,-1.296163828941959,0.05,-13.889755288799089,0.18101135924594722,2.605823098203546,False,True,False,insufficient_reach,999.0,,0.68,0.2841994604617213,0.0,0.0,3.001635471158333,102.84305517923605,,149
lat-1.2_h0.05_t29,-1.2,0.05,7.0,-0.9877294100755579,0.05,-13.588403139890104,-0.38726630415232993,2.6885562529340037,False,True,False,insufficient_reach,999.0,,0.64,0.1798265261586787,0.0,0.0,2.7820035566512327,70.60865925476044,,149
lat-1.2_h0.05_t30,-1.2,0.05,7.0,-1.2889629866817687,0.05,-13.548889121560777,0.1588430155185474,2.7471365250121638,False,True,False,insufficient_reach,999.0,,0.66,0.6806062072114863,0.0,0.0,4.403084890819352,94.3412489845873,,149
lat-1.2_h0.2_t1,-1.2,0.2,7.0,-1.1690654166828636,0.05,-9.531449809258463,-0.03962868954264571,4.021053224201425,False,True,False,no_reaction,999.0,,nan,0.04426092047735344,0.0,0.0,1.944859292939512,58.3981842480205,,149
lat-1.2_h0.2_t2,-1.2,0.2,7.0,-1.4623624560076003,0.05,-9.312814256693233,0.3266134126582591,4.126828996204625,False,True,False,insufficient_reach,999.0,,0.8200000000000001,0.39289896385627554,0.0,0.0,2.4621158798131355,86.05408718524211,,149
lat-1.2_h0.2_t3,-1.2,0.2,7.0,-1.1642253159252416,0.05,-9.51619436519206,-0.04590125932896098,4.015335869423099,False,True,False,insufficient_reach,999.0,,0.8200000000000001,0.6552565364034677,0.0,0.0,3.0696596177945055,95.38976103767233,,149
lat-1.2_h0.2_t4,-1.2,0.2,7.0,-1.659224858445236,0.05,-12.141176876894491,0.7751048634344657,3.1592339452762794,False,True,False,insufficient_reach,999.0,,0.72,0.7109408478512197,0.0,0.0,4.7096472738718145,101.90321328803341,,149
lat-1.2_h0.2_t5,-1.2,0.2,7.0,-1.473504224802062,0.05,-17.94364710021385,0.6671604469626816,2.3767138533199255,False,True,False,insufficient_reach,999.0,,0.54,0.6683586975724233,0.0,0.0,3.071523498805517,93.67144255895562,,149
lat-1.2_h0.2_t6,-1.2,0.2,7.0,-0.7632700112632654,0.05,-8.953722266871182,-0.5361527349235466,4.179577663111084,False,True,False,no_reaction,999.0,,nan,0.0442609204773519,0.0,0.0,1.9448592929395034,58.39818424802053,,149
lat-1.2_h0.2_t7,-1.2,0.2,7.0,-0.8226606466190189,0.05,-16.15595702405199,-0.8061357843757172,2.6164077987194374,False,True,False,insufficient_reach,999.0,,0.58,0.6713435797311256,0.0,0.0,2.644671361469165,108.50493272969472,,149
lat-1.2_h0.2_t8,-1.2,0.2,7.0,-1.1703494216439934,0.05,-8.28633528485638,-0.03330278412132882,4.5355611638249105,False,True,False,no_reaction,999.0,,nan,0.04426092047735138,0.0,0.0,1.9448592929394999,58.39818424802017,,149
lat-1.2_h0.2_t9,-1.2,0.2,7.0,-1.0668985427267321,0.05,-8.046437197707158,-0.14184938626445448,4.762364540510547,False,True,False,no_reaction,999.0,,nan,0.04426092047735218,0.0,0.0,1.9448592929395065,58.398184248020584,,149
lat-1.2_h0.2_t10,-1.2,0.2,7.0,-0.8129135757348827,0.05,-9.033982010231746,-0.4632584293289764,4.278005004094487,False,True,False,no_reaction,999.0,,nan,0.04426092047735281,0.0,0.0,1.944859292939511,58.39818424802039,,149
lat-1.2_h0.2_t11,-1.2,0.2,7.0,-0.8014458114729207,0.05,-15.940221388194276,-0.8847244455051031,2.5425991325118766,False,True,False,insufficient_reach,999.0,,0.6,0.67110626207144,0.0,0.0,2.890841900928155,108.55825659478216,,149
lat-1.2_h0.2_t12,-1.2,0.2,7.0,-1.6949384161537813,0.05,-16.125029741447126,1.0738918465703367,2.586093013692122,False,True,False,insufficient_reach,999.0,,0.58,0.6047024251710322,0.0,0.0,2.9618773596950922,89.54968992269029,,149
lat-1.2_h0.2_t13,-1.2,0.2,7.0,-1.4757306905394403,0.05,-9.110099957615937,0.3382629550813808,4.1822656866748185,False,True,False,insufficient_reach,999.0,,1.06,0.10322834769664718,0.0,0.0,2.409150571063602,55.98031927255318,,149
lat-1.2_h0.2_t14,-1.2,0.2,7.0,-1.0503671009527853,0.05,-12.555016424178858,-0.2513825424596954,3.171650581957214,False,True,False,insufficient_reach,999.0,,0.7000000000000001,0.7597090842466546,0.0,0.0,4.714310454365471,102.58833699702168,,149
lat-1.2_h0.2_t15,-1.2,0.2,7.0,-1.0636673818141045,0.05,-10.136681400177588,-0.18790914179527007,3.7654429825617335,False,True,False,insufficient_reach,999.0,,0.78,0.5885580080836866,0.0,0.0,3.2250349020881757,105.66752294248248,,149
lat-1.2_h0.2_t16,-1.2,0.2,7.0,-0.793901212281446,0.05,-7.437562487790693,-0.4113077057411496,4.994805690856392,False,True,False,no_reaction,999.0,,nan,0.04426092047735321,0.0,0.0,1.9448592929395065,58.39818424802024,,149
lat-1.2_h0.2_t17,-1.2,0.2,7.0,-0.8358324349280969,0.05,-9.445840184369048,-0.4626923382212705,4.051121380762103,False,True,False,no_reaction,999.0,,nan,0.04426092047735389,0.0,0.0,1.9448592929395223,58.398184248020705,,149
lat-1.2_h0.2_t18,-1.2,0.2,7.0,-1.6563962282455662,0.09782020431893645,-10.07030629004247,0.6140940272066728,3.7828941619352663,False,True,False,no_reaction,999.0,,nan,0.044260920477355775,0.0,0.0,1.9448592929394966,58.39818424802034,,149
lat-1.2_h0.2_t19,-1.2,0.2,7.0,-0.952281226102586,0.08122873880958131,-13.283893018759041,-0.436327244381669,2.9939475779530786,False,True,False,insufficient_reach,999.0,,0.62,0.46295739433200717,0.0,0.0,3.3484192278069576,85.87804109013878,,149
lat-1.2_h0.2_t20,-1.2,0.2,7.0,-0.7196684162839543,0.05,-10.095066739374742,-0.6564965329196759,3.793800840699812,False,True,False,no_reaction,999.0,,nan,0.04426092047735431,0.0,0.0,1.9448592929395037,58.398184248020605,,149
lat-1.2_h0.2_t21,-1.2,0.2,7.0,-1.2147201257236842,0.05,-14.059440224988798,0.028607953466208123,2.815369939751339,False,True,False,no_reaction,999.0,,nan,0.04426092047734945,0.0,0.0,1.9448592929395192,58.39818424802023,,149
lat-1.2_h0.2_t22,-1.2,0.2,7.0,-1.629583869150456,0.05,-8.345036647288346,0.47387827393508636,4.611985777360391,False,True,False,no_reaction,999.0,,nan,0.044260920477350585,0.0,0.0,1.9448592929395088,58.3981842480204,,149
lat-1.2_h0.2_t23,-1.2,0.2,7.0,-1.4047094115810612,0.05,-11.747760061234894,0.3327590731526917,3.2613253531097945,False,True,False,insufficient_reach,999.0,,0.72,0.8659093444711612,0.0,0.0,4.920495493075194,112.21471651170982,,149
lat-1.2_h0.2_t24,-1.2,0.2,7.0,-1.1471800230920923,0.05,-15.466548145468439,-0.10959119898938244,2.67529746134091,False,True,False,insufficient_reach,999.0,,0.6,0.7242861112544234,0.0,0.0,3.358454027543508,88.40699150030458,,149
lat-1.2_h0.2_t25,-1.2,0.2,7.0,-1.6184058195997597,0.05,-13.374451230538131,0.7556213818585135,2.986910034018435,False,True,False,insufficient_reach,999.0,,0.66,0.6664445126019753,0.0,0.0,3.4913233026076096,108.22077584215484,,149
lat-1.2_h0.2_t26,-1.2,0.2,7.0,-1.3032161727861116,0.05,-13.813322876667199,0.19981279848058628,2.8241283180277894,False,True,False,insufficient_reach,999.0,,0.64,0.16772345870110875,0.0,0.0,2.63985685728726,70.03568239158098,,149
lat-1.2_h0.2_t27,-1.2,0.2,7.0,-1.261525876981913,0.05,-17.73875057735539,0.1476963479335909,2.403359644440815,False,True,False,insufficient_reach,999.0,,0.86,0.07665264312366388,0.0,0.0,2.5480847475612722,62.80933947896996,,149
lat-1.2_h0.2_t28,-1.2,0.2,7.0,-0.8610664979306366,0.05,-15.396624725905937,-0.6874570714829523,2.722531703203277,False,True,False,insufficient_reach,999.0,,0.6,0.6867400879278598,0.0,0.0,2.8328708946862484,113.50440417200764,,149
lat-1.2_h0.2_t29,-1.2,0.2,7.0,-1.1629175728033445,0.05,-17.131156049844453,-0.08760300862866933,2.4306485305987513,False,True,False,insufficient_reach,999.0,,0.6,0.0747181835024446,0.0,0.0,2.709272254229626,48.903333372989884,,149
lat-1.2_h0.2_t30,-1.2,0.2,7.0,-1.2427348383862715,0.05,-13.470028546465045,0.07591558642476107,3.0276157837803384,False,True,False,insufficient_reach,999.0,,0.64,0.10853350851142092,0.0,0.0,1.9406881581690056,50.865161303253764,,149
lat-1.2_h0.4_t1,-1.2,0.4,7.0,-1.5616469075821986,0.05,-11.517646788307987,0.5591218403251537,3.7137297574805386,False,True,False,no_reaction,999.0,,nan,0.044260920477352306,0.0,0.0,1.9448592929395037,58.39818424802044,,149
lat-1.2_h0.4_t2,-1.2,0.4,7.0,-1.3011790985552054,0.07340829503229684,-8.591822719236797,0.12208535303339547,4.4591275054068875,False,True,False,no_reaction,999.0,,nan,0.044260920477353256,0.0,0.0,1.9448592929394952,58.39818424802049,,149
lat-1.2_h0.4_t3,-1.2,0.4,7.0,-1.6191270333828023,0.07132578997604314,-13.06440267582451,0.7613344434866494,3.2973115395290606,False,True,False,insufficient_reach,999.0,,0.66,0.1591586244127953,0.0,0.0,2.6422137085683057,67.05195314421466,,149
lat-1.2_h0.4_t4,-1.2,0.4,7.0,-1.2576477702688955,0.05,-17.37715818755397,0.13254915758040992,2.938016562258137,False,True,False,insufficient_reach,999.0,,0.54,0.8706368636406724,0.0,0.0,2.7222571922154897,107.55264176061776,,149
lat-1.2_h0.4_t5,-1.2,0.4,7.0,-1.0617294061566496,0.1066785029706267,-14.84601931029695,-0.2712679565670366,3.0756312099835035,False,True,False,no_reaction,999.0,,nan,0.044260920477354034,0.0,0.0,1.9448592929395139,58.39818424802095,,149
lat-1.2_h0.4_t6,-1.2,0.4,7.0,-1.652283872308351,0.12641488419763056,-11.286630564311901,0.6838241840767413,3.657828475228712,False,True,False,insufficient_reach,999.0,,0.66,1.0411506746484909,0.0,0.0,4.1196631604846745,90.70592764133781,,149
lat-1.2_h0.4_t7,-1.2,0.4,7.0,-1.608200934186558,0.05,-15.401310080959519,0.8646515177998463,3.0570148148658864,False,True,False,insufficient_reach,999.0,,0.6,0.6106298971077986,0.0,0.0,2.4602944464653382,105.44482461739844,,149
lat-1.2_h0.4_t8,-1.2,0.4,7.0,-1.6828388981682498,0.20534576920156444,-7.277127836458311,0.48884864840216,5.041776519071908,False,True,False,insufficient_reach,999.0,,0.88,0.3411389864151613,0.0,0.0,3.0164020886696794,89.41432169191722,,149
lat-1.2_h0.4_t9,-1.2,0.4,7.0,-1.0502263173572366,0.05,-12.06407849631902,-0.24642641045186287,3.5570374278591834,False,True,False,insufficient_reach,999.0,,0.7000000000000001,0.9008617978141092,0.0,0.0,4.513840107650031,102.912893931485,,149
lat-1.2_h0.4_t10,-1.2,0.4,7.0,-1.6846954597096153,0.27337452323179323,-7.757921615366092,0.5200549124684166,4.707363425195996,False,True,False,insufficient_reach,999.0,,0.84,0.8232732373587404,0.0,0.0,3.343299250167075,93.55913389457582,,149
lat-1.2_h0.4_t11,-1.2,0.4,7.0,-1.0841488356100861,0.2775566418243029,-10.284286442108176,-0.16009801927726872,3.718595790015964,False,True,False,insufficient_reach,999.0,,0.7000000000000001,0.3552027692435829,0.0,0.0,2.612421729016326,88.35499384121057,,149
lat-1.2_h0.4_t12,-1.2,0.4,7.0,-0.8990507053176002,0.17086733695319273,-8.060464790886225,-0.3270052850337814,4.763137278510592,False,True,False,no_reaction,999.0,,nan,0.04426092047735595,0.0,0.0,1.9448592929395105,58.398184248021614,,149
lat-1.2_h0.4_t13,-1.2,0.4,7.0,-0.8793605242560446,0.15037586804062913,-15.731709818033908,-0.672058967318267,2.863387650591977,False,True,False,insufficient_reach,999.0,,0.56,0.5339072460942113,0.0,0.0,2.786498937361988,79.45807052881194,,149
lat-1.2_h0.4_t14,-1.2,0.4,7.0,-1.4260388726788662,0.05,-9.107883926702979,0.28580286259558474,4.321858618243671,False,True,False,insufficient_reach,999.0,,0.8200000000000001,0.781597278969341,0.0,0.0,3.107309432808711,112.36908850566935,,149
lat-1.2_h0.4_t15,-1.2,0.4,7.0,-1.3634457851112733,0.16228905415229689,-17.50003319236119,0.386051782743716,2.638131336722382,False,True,False,insufficient_reach,999.0,,0.58,0.18240711694824702,0.0,0.0,2.163289760929941,71.88844248870531,,149
lat-1.2_h0.4_t16,-1.2,0.4,7.0,-1.4393054717640967,0.09841498171736252,-8.98714222919621,0.29581567156135974,4.3407910956145574,False,True,False,insufficient_reach,999.0,,0.84,0.06489997133936995,0.0,0.0,1.8319270629075755,56.780741106791886,,149
lat-1.2_h0.4_t17,-1.2,0.4,7.0,-1.6608136733243537,0.06717841268623154,-12.427421486004409,0.7566702598175423,3.5336579351275534,False,True,False,no_reaction,999.0,,nan,0.044260920477353714,0.0,0.0,1.9448592929395094,58.39818424802047,,149
lat-1.2_h0.4_t18,-1.2,0.4,7.0,-1.1314797162500416,0.13036983010323389,-10.032800116637185,-0.09402012880672367,3.9446543744658866,False,True,False,insufficient_reach,999.0,,0.74,0.25029509293231916,0.0,0.0,2.36215248584439,90.38458872302154,,149
lat-1.2_h0.4_t19,-1.2,0.4,7.0,-1.1194559876560901,0.24684664288388886,-15.159039989646654,-0.16899218188975268,2.6591272366254204,False,True,False,insufficient_reach,999.0,,0.56,0.6927149526151243,0.0,0.0,2.945620140145654,71.22950322091373,,149
lat-1.2_h0.4_t20,-1.2,0.4,7.0,-0.9600912395526254,0.05,-13.69752595517364,-0.44169230549238003,3.3085701409761867,False,True,False,insufficient_reach,999.0,,0.74,0.23313632592206449,0.0,0.0,2.831515505162528,77.26184741115175,,149
lat-1.2_h0.4_t21,-1.2,0.4,7.0,-1.3103819137807964,0.05,-10.19749715311515,0.15318131050257697,4.020234480237975,False,True,False,insufficient_reach,999.0,,0.72,0.18536609429146314,0.0,0.0,3.5718948316392836,75.40019074344139,,149
lat-1.2_h0.4_t22,-1.2,0.4,7.0,-0.8528568559044102,0.05,-17.5409060251451,-0.8034025264378065,2.9294214516699193,False,True,False,insufficient_reach,999.0,,0.54,0.7890273426338064,0.0,0.0,3.0480141241805083,99.90775334538743,,149
lat-1.2_h0.4_t23,-1.2,0.4,7.0,-1.2069743422281949,0.05,-9.107563682568298,0.008652365108848233,4.387943635038281,False,True,False,insufficient_reach,999.0,,0.8200000000000001,0.8235193850382327,0.0,0.0,3.330744874538555,118.68731644619017,,149
lat-1.2_h0.4_t24,-1.2,0.4,7.0,-1.4872721049757711,0.27847781715267617,-9.687714907406333,0.3772626091201265,3.894573716405814,False,True,False,no_reaction,999.0,,nan,0.044260920477353576,0.0,0.0,1.9448592929394952,58.398184248021494,,149
lat-1.2_h0.4_t25,-1.2,0.4,7.0,-0.7257517914655898,0.2983724968121317,-16.162802459310647,-1.0131803615869837,2.513042569142409,False,True,False,insufficient_reach,999.0,,0.54,0.51202942057772,0.0,0.0,2.660358005984639,88.10627952507514,,149
lat-1.2_h0.4_t26,-1.2,0.4,7.0,-0.9941685161213054,0.287460777589654,-8.754180862900567,-0.2443912016368629,4.264717552577488,False,True,False,insufficient_reach,999.0,,0.78,0.8123325280101079,0.0,0.0,3.3318390954320267,98.38911544995428,,149
lat-1.2_h0.4_t27,-1.2,0.4,7.0,-0.8615192362360149,0.07043659001877647,-8.350271944824547,-0.37518166260052754,4.790482097054443,False,True,False,insufficient_reach,999.0,,0.78,0.18474417096238688,0.0,0.0,3.2319100562699528,80.78545142448336,,149
lat-1.2_h0.4_t28,-1.2,0.4,7.0,-1.5533951783079745,0.10533046747695718,-11.82767298226269,0.5539187853985837,3.5912166791210303,False,True,False,insufficient_reach,999.0,,1.16,0.09293784151493015,0.0,0.0,2.3472401920351906,54.802746058794334,,149
lat-1.2_h0.4_t29,-1.2,0.4,7.0,-0.8196400313615831,0.05,-10.058410438019518,-0.5079707224590072,4.140206828490597,False,True,False,no_reaction,999.0,,nan,0.044260920477351084,0.0,0.0,1.9448592929395017,58.39818424802046,,149
lat-1.2_h0.4_t30,-1.2,0.4,7.0,-0.9918188044168001,0.09266679518564616,-9.634205867598846,-0.2756880291422774,4.110920579354145,False,True,False,no_reaction,999.0,,nan,0.04426092047734925,0.0,0.0,1.9448592929395117,58.39818424802041,,149
lat-1.2_h0.8_t1,-1.2,0.8,7.0,-1.3697474709809014,0.47378073779530855,-8.77754285598721,0.2062418363455922,4.433417110780724,False,True,False,insufficient_reach,999.0,,1.2,0.1038410473263514,0.0,0.0,2.301524106861075,57.76961323948837,,149
lat-1.2_h0.8_t2,-1.2,0.8,7.0,-0.9590261390893317,0.6068779412434286,-11.484205332732207,-0.37469428997328563,3.454798463213883,False,True,False,insufficient_reach,999.0,,0.64,0.7207511185040406,0.0,0.0,3.455837929961563,89.12732060625198,,149
lat-1.2_h0.8_t3,-1.2,0.8,7.0,-1.46249352870753,0.46008915714880994,-8.789465386014129,0.3100828804238496,4.553750646170049,False,True,False,insufficient_reach,999.0,,0.72,0.18105010693476845,0.0,0.0,2.7306118598289877,75.62227208514504,,149
lat-1.2_h0.8_t4,-1.2,0.8,7.0,-1.263664168393444,0.6208436996106936,-16.37450598665691,0.14155935760829003,2.604309044661157,False,True,False,insufficient_reach,999.0,,0.5,0.5603174424972401,0.0,0.0,2.9719293808057485,69.29515621053497,,149
lat-1.2_h0.8_t5,-1.2,0.8,7.0,-1.1722988909137002,0.6971859184477202,-17.716936747066605,-0.06504196452289819,2.3304261950241085,False,True,False,insufficient_reach,999.0,,0.48,0.5869518051509948,0.0,0.0,3.3899022257015328,85.29342688000587,,149
lat-1.2_h0.8_t6,-1.2,0.8,7.0,-1.1769021558298511,0.551759455254105,-10.357122862403937,-0.031540963648811336,3.9309748379893636,False,True,False,insufficient_reach,999.0,,0.7000000000000001,0.3083379347408312,0.0,0.0,3.1100492554328176,82.06445279240837,,149
lat-1.2_h0.8_t7,-1.2,0.8,7.0,-1.1156856880768997,0.6604632041963956,-11.020525504459169,-0.12533257599408898,3.5071347270349627,False,True,False,insufficient_reach,999.0,,0.66,0.8050871530046894,0.0,0.0,3.3120194692018514,85.82278012762092,,149
lat-1.2_h0.8_t8,-1.2,0.8,7.0,-0.8097362161090836,0.48226270111428515,-13.323074215116149,-0.6863857607716516,3.347702738196139,False,True,False,insufficient_reach,999.0,,0.58,0.37986459140300866,0.0,0.0,3.0422966222662198,67.73615269809953,,149
lat-1.2_h0.8_t9,-1.2,0.8,7.0,-1.2363015950600178,0.4413408912104211,-12.700734365222774,0.06408855065549389,3.4115265537368735,False,True,False,insufficient_reach,999.0,,0.68,0.10476363651703066,0.0,0.0,1.8319270629075775,60.51571078645102,,149
lat-1.2_h0.8_t10,-1.2,0.8,7.0,-0.7137892555203971,0.579264685607898,-16.98724726125103,-1.0885946019249857,2.684985216038332,False,True,False,insufficient_reach,999.0,,0.5,0.3871326939960527,0.0,0.0,2.7398897226114225,66.44451907422427,,149
lat-1.2_h0.8_t11,-1.2,0.8,7.0,-1.0152688274461208,0.3650467757379565,-12.816604305352445,-0.3153934549364943,3.6155399446925727,False,True,False,insufficient_reach,999.0,,0.58,0.8353791735146612,0.0,0.0,3.6281926581815704,87.91991481568391,,149
lat-1.2_h0.8_t12,-1.2,0.8,7.0,-0.97428049161164,0.5453660783743159,-8.47757192938998,-0.25261764236898987,4.66770478201093,False,True,False,insufficient_reach,999.0,,0.78,0.6384613640169968,0.0,0.0,3.431510269201959,100.15895988441727,,149
lat-1.2_h0.8_t13,-1.2,0.8,7.0,-1.6547813298938105,0.3105467897989008,-7.849875774031205,0.47390970464462806,5.2170598314865755,False,True,False,no_reaction,999.0,,nan,0.04426092047735438,0.0,0.0,1.9448592929395079,58.39818424802091,,149
lat-1.2_h0.8_t14,-1.2,0.8,7.0,-1.5495831088964718,0.537652286140854,-8.567487214467537,0.3944155344727288,4.643451053809945,False,True,False,no_reaction,999.0,,nan,0.044260920477352736,0.0,0.0,1.9448592929395034,58.39818424802027,,149
lat-1.2_h0.8_t15,-1.2,0.8,7.0,-0.8616712952888621,0.4874772639179881,-7.659320625578795,-0.34454827002247557,5.134725977797847,False,True,False,no_reaction,999.0,,nan,0.044260920477355116,0.0,0.0,1.9448592929395145,58.398184248020776,,149
lat-1.2_h0.8_t16,-1.2,0.8,7.0,-0.8352776237449467,0.6251604036520311,-12.637639395821937,-0.6466201555621821,3.076611980912534,False,True,False,insufficient_reach,999.0,,0.62,0.7183232096591137,0.0,0.0,3.189097427766593,85.7530024431701,,149
lat-1.2_h0.8_t17,-1.2,0.8,7.0,-0.9310125848194895,0.6779062919529713,-7.392633431210546,-0.2695313017894707,5.0174427903349725,False,True,False,insufficient_reach,999.0,,1.3,0.06229098737305888,0.0,0.0,1.8343498962689049,57.75561964929341,,149
lat-1.2_h0.8_t18,-1.2,0.8,7.0,-1.570840584848505,0.6816204109034889,-13.357318942083428,0.6762118761925955,2.905805558890284,False,True,False,insufficient_reach,999.0,,0.58,0.8196416787855002,0.0,0.0,3.219155577489526,85.35709267918209,,149
lat-1.2_h0.8_t19,-1.2,0.8,7.0,-1.0818717595421041,0.4432650872131362,-13.842234767864243,-0.21990206390416467,3.298976975846113,False,True,False,insufficient_reach,999.0,,0.56,0.8330543837880198,0.0,0.0,3.601794166209556,92.96152476482948,,149
lat-1.2_h0.8_t20,-1.2,0.8,7.0,-0.9276816082643606,0.5080654004447973,-9.166460684690101,-0.33914995287897615,4.302020226087259,False,True,False,insufficient_reach,999.0,,0.74,0.9317922112990616,0.0,0.0,4.566627743739774,91.22876321153397,,149
lat-1.2_h0.8_t21,-1.2,0.8,7.0,-0.8233463973416549,0.4613931464849588,-10.094410873058482,-0.5151564527109201,4.049381000973038,False,True,False,no_reaction,999.0,,nan,0.04426092047735519,0.0,0.0,1.9448592929395048,58.3981842480204,,149
lat-1.2_h0.8_t22,-1.2,0.8,7.0,-1.0796904486465353,0.5816319072396894,-17.920233163677487,-0.2883257004215848,2.5700335578854805,False,True,False,insufficient_reach,999.0,,0.48,0.4935715892382434,0.0,0.0,2.998015598653422,73.81076082063241,,149
lat-1.2_h0.8_t23,-1.2,0.8,7.0,-1.349412441193403,0.5359670747418532,-14.750798579525227,0.31009826584768646,2.911328766912879,False,True,False,insufficient_reach,999.0,,0.52,0.7376594154783683,0.0,0.0,3.1751007101290645,85.74102842974636,,149
lat-1.2_h0.8_t24,-1.2,0.8,7.0,-1.3517445329766997,0.5055957956639243,-11.399623962183256,0.22905355395691218,3.6938824933035255,False,True,False,insufficient_reach,999.0,,0.7000000000000001,0.24935035363489405,0.0,0.0,3.270404053611046,87.70287499138786,,149
lat-1.2_h0.8_t25,-1.2,0.8,7.0,-0.8376362912532548,0.6798082494630568,-11.617408901523698,-0.5680343747441252,3.317435682959371,False,True,False,insufficient_reach,999.0,,0.64,0.8644096299852432,0.0,0.0,3.156723789347363,87.28664652920467,,149
lat-1.2_h0.8_t26,-1.2,0.8,7.0,-1.4417556117010415,0.4836543024953045,-7.684542453160045,0.2528949845409819,5.019869338430267,False,True,False,insufficient_reach,999.0,,0.84,0.8723125781439631,0.0,0.0,3.036230250131249,92.38841321883282,,149
lat-1.2_h0.8_t27,-1.2,0.8,7.0,-1.0665991456832742,0.3960582475112772,-10.44376103217719,-0.19178614671692315,3.9925092041217103,False,True,False,insufficient_reach,999.0,,0.68,0.5679937543154424,0.0,0.0,3.04636476941454,92.26329441248323,,149
lat-1.2_h0.8_t28,-1.2,0.8,7.0,-1.5480973064877057,0.35553086905976405,-15.008600844111648,0.7292625368044469,3.272454165089884,False,True,False,insufficient_reach,999.0,,0.52,0.7777622063492498,0.0,0.0,3.34157655163314,88.69471153175711,,149
lat-1.2_h0.8_t29,-1.2,0.8,7.0,-0.8032115900939881,0.48958465610514895,-14.284881048150728,-0.7793489465128239,3.106973032251407,False,True,False,insufficient_reach,999.0,,0.56,0.5825506045140484,0.0,0.0,3.5110949144323786,81.07704945848097,,149
lat-1.2_h0.8_t30,-1.2,0.8,7.0,-0.8782093631555508,0.4380330511289547,-9.474897274462538,-0.4227627749089257,4.2090415631054645,False,True,False,no_reaction,999.0,,nan,0.04426092047735517,0.0,0.0,1.9448592929395068,58.39818424802086,,149
lat-1.2_h1.2_t1,-1.2,1.2,7.0,-1.165576496267477,0.8423965937087944,-17.596421275586064,-0.08214009976598212,2.9089012860963956,False,True,False,insufficient_reach,999.0,,0.46,0.5747230849892165,0.0,0.0,3.239893512423837,98.5972500449903,,149
lat-1.2_h1.2_t2,-1.2,1.2,7.0,-1.3784172353199708,0.7369162344914983,-15.222764559538033,0.3738451432010692,3.311225442439088,False,True,False,insufficient_reach,999.0,,0.62,0.16025851638420407,0.0,0.0,1.8319270629075788,68.05989300650609,,149
lat-1.2_h1.2_t3,-1.2,1.2,7.0,-1.5430223172838062,0.8509143860968289,-9.05142430723339,0.42209256750984187,4.415703940155386,False,True,False,no_reaction,999.0,,nan,0.04426092047735524,0.0,0.0,1.9448592929395099,58.39818424802058,,149
lat-1.2_h1.2_t4,-1.2,1.2,7.0,-1.1027219177445695,1.094502798346726,-7.755058039007585,-0.10562445666291453,4.631958927324866,False,True,False,no_reaction,999.0,,nan,0.044260920477354485,0.0,0.0,1.944859292939502,58.39818424802072,,149
lat-1.2_h1.2_t5,-1.2,1.2,7.0,-0.9400445910624143,0.9125063015894135,-7.562729231836981,-0.2723685924308445,4.982676765406874,False,True,False,insufficient_reach,999.0,,0.9400000000000001,0.10677623062137333,0.0,0.0,2.1244460655609907,60.94404300429868,,149
lat-1.2_h1.2_t6,-1.2,1.2,7.0,-1.5668830714125217,0.9748662021613324,-16.40098430292778,0.8387723608162234,2.6601741466767193,False,True,False,insufficient_reach,999.0,,0.48,0.610252339868168,0.0,0.0,3.3179760735272117,98.13252477361554,,149
lat-1.2_h1.2_t7,-1.2,1.2,7.0,-0.8327850189252767,0.8416586683172501,-8.373134212830598,-0.4321346879428826,4.5898128424252675,False,True,False,insufficient_reach,999.0,,0.8200000000000001,0.11720233605282862,0.0,0.0,2.142519790245856,61.04506660072104,,149
lat-1.2_h1.2_t8,-1.2,1.2,7.0,-1.517716121524042,0.9255860368075345,-16.133842572327854,0.6863282901729545,2.863417207730071,False,True,False,insufficient_reach,999.0,,0.48,0.6175946787887128,0.0,0.0,3.274655644593342,98.0570581887194,,149
lat-1.2_h1.2_t9,-1.2,1.2,7.0,-1.4667835884501987,0.837170745711304,-16.245425976682377,0.5882476200332065,3.024552983170316,False,True,False,insufficient_reach,999.0,,0.48,0.5903278099303901,0.0,0.0,3.230902389520684,99.34304896365057,,149
lat-1.2_h1.2_t10,-1.2,1.2,7.0,-1.2204178982457496,0.9336797938856676,-12.110364648773118,0.033304753619475234,3.441481458700182,False,True,False,insufficient_reach,999.0,,0.6,0.689659170321092,0.0,0.0,3.228315726004519,86.68548330562446,,149
lat-1.2_h1.2_t11,-1.2,1.2,7.0,-1.1355414574773586,0.8515090503805156,-10.063723429295381,-0.0877410327077367,4.077801718710029,False,True,False,insufficient_reach,999.0,,0.7000000000000001,0.8085100574733523,0.0,0.0,4.568193145214133,97.31346985593932,,149
lat-1.2_h1.2_t12,-1.2,1.2,7.0,-1.4556468445353454,0.899299079139576,-7.8781322577685335,0.27202595192735496,4.9296288999515685,False,True,False,insufficient_reach,999.0,,0.8200000000000001,0.5688597545120856,0.0,0.0,3.1187266541755263,99.69305867456009,,149
lat-1.2_h1.2_t13,-1.2,1.2,7.0,-1.4746672022874718,0.846142727869623,-7.398099888308651,0.28604757822549415,5.0783737934323305,False,True,False,insufficient_reach,999.0,,0.9,0.14103141152960696,0.0,0.0,2.3732068981533265,100.46702099436101,,149
lat-1.2_h1.2_t14,-1.2,1.2,7.0,-0.8941351132588565,0.72226139574279,-7.846258394021535,-0.33593418398773045,4.990660604454881,False,True,False,no_reaction,999.0,,nan,0.04426092047735332,0.0,0.0,1.944859292939494,58.39818424802055,,149
lat-1.2_h1.2_t15,-1.2,1.2,7.0,-1.0030385376335784,1.0989022139073577,-16.495197029877495,-0.4570069941162713,2.3485390252464637,False,True,False,insufficient_reach,999.0,,0.48,0.592990550693599,0.0,0.0,3.4808534303553933,102.1905331482545,,149
lat-1.2_h1.2_t16,-1.2,1.2,7.0,-1.6946999936023945,1.090026865178057,-10.137751382079506,0.6634933254662353,3.8046596886163715,False,True,False,no_reaction,999.0,,nan,0.044260920477353485,0.0,0.0,1.9448592929394966,58.398184248020286,,149
lat-1.2_h1.2_t17,-1.2,1.2,7.0,-0.9815427291634463,0.9140146928179641,-9.008146225319365,-0.262021594859532,4.4324991532202755,False,True,False,insufficient_reach,999.0,,0.7000000000000001,0.16433140290343826,0.0,0.0,3.1419204271822787,75.43480596056382,,149
lat-1.2_h1.2_t18,-1.2,1.2,7.0,-0.7320059334957657,0.9843809915346993,-7.97491279039156,-0.5181800446693676,4.668689675407219,False,True,False,insufficient_reach,999.0,,0.8,0.998379830370815,0.0,0.0,4.396080802157844,121.14311667077834,,149
lat-1.2_h1.2_t19,-1.2,1.2,7.0,-0.9927699043555555,1.0071118005771353,-8.74955128769263,-0.24619009403239075,4.357927331704032,False,True,False,insufficient_reach,999.0,,0.76,0.6891218356182421,0.0,0.0,4.147731967162735,118.8818959262191,,149
lat-1.2_h1.2_t20,-1.2,1.2,7.0,-1.3793578078404858,0.9375532390231595,-10.752325906104376,0.25489185512068574,3.8244365093057495,False,True,False,insufficient_reach,999.0,,0.66,0.1580019298396682,0.0,0.0,2.6359589470121896,66.34294091430708,,149
lat-1.2_h1.2_t21,-1.2,1.2,7.0,-1.1510780201110227,0.7806921849320942,-10.96451315885717,-0.07273986396686312,3.9223603369894517,False,True,False,insufficient_reach,999.0,,0.64,0.7435781017591643,0.0,0.0,4.059271373808017,88.19600719521326,,149
lat-1.2_h1.2_t22,-1.2,1.2,7.0,-1.6972891005856703,0.7466784256566724,-15.836275536090659,1.0984452829852027,3.221922734333914,False,True,False,insufficient_reach,999.0,,0.78,0.1712129681247752,0.0,0.0,2.367580244851122,67.0049855739181,,149
lat-1.2_h1.2_t23,-1.2,1.2,7.0,-1.593300749886564,1.0402909840065817,-9.817371139995876,0.5150199939996123,3.954893812632701,False,True,False,insufficient_reach,999.0,,0.7000000000000001,0.5659715051573249,0.0,0.0,2.995086369468793,106.45922661259787,,149
lat-1.2_h1.2_t24,-1.2,1.2,7.0,-0.7090705235426094,0.7820007240212948,-11.72894171366066,-0.7610000370523086,3.8122187458770864,False,True,False,insufficient_reach,999.0,,0.62,0.6273683606637008,0.0,0.0,3.3991535950524603,88.35306630775452,,149
lat-1.2_h1.2_t25,-1.2,1.2,7.0,-1.6519053560359123,1.0126057927005658,-7.8052465029661695,0.4727688069938329,4.884586428783397,False,True,False,insufficient_reach,999.0,,0.8200000000000001,0.4250484357990168,0.0,0.0,3.018504742712065,101.31583588779162,,149
lat-1.2_h1.2_t26,-1.2,1.2,7.0,-0.8748673233072027,0.7745619947152576,-8.820132164470289,-0.38237355651556176,4.671065195237935,False,True,False,no_reaction,999.0,,nan,0.044260920477355206,0.0,0.0,1.9448592929395012,58.398184248020485,,149
lat-1.2_h1.2_t27,-1.2,1.2,7.0,-1.3838034177035055,0.9353226703180226,-9.68136279415843,0.23556835283387598,4.1663704042572824,False,True,False,insufficient_reach,999.0,,0.72,0.8899893961680544,0.0,0.0,4.659814889930339,105.01895844527455,,149
lat-1.2_h1.2_t28,-1.2,1.2,7.0,-0.8003325547078268,0.949640617672735,-11.110300745594499,-0.5954794538355165,3.6651045279719736,False,True,False,insufficient_reach,999.0,,0.72,0.10044997801033179,0.0,0.0,2.6666466229652817,59.72878358375688,,149
lat-1.2_h1.2_t29,-1.2,1.2,7.0,-1.3446375481816042,0.8565928440806007,-11.140261931389695,0.21807500170436858,3.770992349458439,False,True,False,insufficient_reach,999.0,,0.64,0.7486155171278124,0.0,0.0,3.1359318946759385,97.5206420911722,,149
lat-1.2_h1.2_t30,-1.2,1.2,7.0,-1.157150689386591,0.872611257254577,-16.39768309870368,-0.09739111234477717,2.902173625527145,False,True,False,insufficient_reach,999.0,,0.48,0.5948715867484715,0.0,0.0,3.384738674646357,99.34348688977707,,149
lat-1.2_h1.6_t1,-1.2,1.6,7.0,-1.5332692400066168,1.4514516461493754,-8.882973774434735,0.3975396871138489,4.289201779142755,False,True,False,insufficient_reach,999.0,,0.72,0.13046820331129694,0.0,0.0,2.6934389376233607,71.80276309002761,,149
lat-1.2_h1.6_t2,-1.2,1.6,7.0,-0.7023073840761567,1.4009612480155291,-8.742786687149481,-0.589071406796107,4.379702698779778,False,True,False,insufficient_reach,999.0,,0.76,0.8328885887363685,0.0,0.0,4.830956861152322,91.98723129416682,,149
lat-1.2_h1.6_t3,-1.2,1.6,7.0,-1.4954554068305366,1.3856256328894458,-8.270334467498149,0.3407227540856161,4.500556333551046,False,True,False,no_reaction,999.0,,nan,0.044260920477354505,0.0,0.0,1.9448592929395006,58.398184248020485,,149
lat-1.2_h1.6_t4,-1.2,1.6,7.0,-1.1635186485154052,1.2515286262227663,-8.386041136987698,-0.0427792645394985,4.591520962931609,False,True,False,no_reaction,999.0,,nan,0.04426092047735399,0.0,0.0,1.9448592929395025,58.398184248020655,,149
lat-1.2_h1.6_t5,-1.2,1.6,7.0,-1.1601393628871632,1.2945429927982433,-9.642429043890614,-0.05228483565568708,4.140113199458507,False,True,False,insufficient_reach,999.0,,0.72,0.5448622224140479,0.0,0.0,3.2820726296544454,112.77188372438455,,149
lat-1.2_h1.6_t6,-1.2,1.6,7.0,-1.101557298794773,1.3262033389291896,-8.232952415466023,-0.11405326402226573,4.550862667411537,False,True,False,insufficient_reach,999.0,,0.8,0.3978826526792019,0.0,0.0,3.031254568450543,116.68500732838007,,149
lat-1.2_h1.6_t7,-1.2,1.6,7.0,-0.7409252054359722,1.2370097028714173,-9.8936332621832,-0.6045090121154967,4.202928508205177,False,True,False,insufficient_reach,999.0,,0.7000000000000001,0.783199177770532,0.0,0.0,4.149631960399137,100.93759275572364,,149
lat-1.2_h1.6_t8,-1.2,1.6,7.0,-1.0850497368473455,1.464740963537186,-11.07372149787042,-0.17572244398700473,3.4154136743853125,False,True,False,no_reaction,999.0,,nan,0.04426092047735524,0.0,0.0,1.9448592929395114,58.39818424802044,,149
lat-1.2_h1.6_t9,-1.2,1.6,7.0,-0.9739044139375992,1.3371851621035287,-15.696791598175304,-0.49100324883695484,2.8293835785192445,False,True,False,insufficient_reach,999.0,,0.5,0.6835545581274771,0.0,0.0,3.0143069178968442,93.90716230281478,,149
lat-1.2_h1.6_t10,-1.2,1.6,7.0,-1.6769773952123623,1.3605468843952986,-7.879148330701823,0.5014215380695825,4.9176073985510085,False,True,False,no_reaction,999.0,,nan,0.044260920477353395,0.0,0.0,1.944859292939507,58.39818424802054,,149
lat-1.2_h1.6_t11,-1.2,1.6,7.0,-1.6226789345112127,1.1416987864207238,-11.421328106068188,0.6766530716784579,3.7976429222388077,False,True,False,insufficient_reach,999.0,,0.68,0.1791094666366875,0.0,0.0,2.0775527340496733,103.16731265591261,,149
lat-1.2_h1.6_t12,-1.2,1.6,7.0,-1.4640939654049188,1.166208204146916,-7.5669026994321005,0.27904764925878384,5.100503691548393,False,True,False,no_reaction,999.0,,nan,0.044260920477354665,0.0,0.0,1.9448592929395099,58.39818424802056,,149
lat-1.2_h1.6_t13,-1.2,1.6,7.0,-1.3885557359543588,1.1909582483508452,-8.051099946287417,0.2089273026168167,4.879970025269793,False,True,False,no_reaction,999.0,,nan,0.044260920477355824,0.0,0.0,1.9448592929394959,58.39818424802113,,149
lat-1.2_h1.6_t14,-1.2,1.6,7.0,-1.4944201916243625,1.415115955485797,-11.906185854073103,0.469133158550935,3.372893434551858,False,True,False,insufficient_reach,999.0,,0.6,0.7622448696466372,0.0,0.0,3.3734392747355546,90.98166418089045,,149
lat-1.2_h1.6_t15,-1.2,1.6,7.0,-0.836481859387043,1.469184092719394,-15.595113465591648,-0.7758192030385386,2.5774755369942843,False,True,False,insufficient_reach,999.0,,0.5,0.515178159707865,0.0,0.0,2.93861354399241,91.05433513289995,,149
lat-1.2_h1.6_t16,-1.2,1.6,7.0,-1.1129317758634327,1.1131386680973754,-10.979235079871607,-0.12646034507817872,4.08423436015517,False,True,False,insufficient_reach,999.0,,0.66,0.2847045432274291,0.0,0.0,2.5301182580447468,106.92024769829848,,149
lat-1.2_h1.6_t17,-1.2,1.6,7.0,-1.5344866825720263,1.113551664098638,-13.460253627696288,0.6093365427550317,3.5786964858468995,False,True,False,insufficient_reach,999.0,,0.56,0.7922631053190371,0.0,0.0,3.18124659319411,82.36736654251459,,149
lat-1.2_h1.6_t18,-1.2,1.6,7.0,-1.479902785918903,1.1850723137364905,-8.33676731248231,0.32235818973109126,4.736862413303597,False,True,False,insufficient_reach,999.0,,0.78,0.9532884941369386,0.0,0.0,4.505684858676473,93.7422391682781,,149
lat-1.2_h1.6_t19,-1.2,1.6,7.0,-1.142694631109952,1.4442528071562937,-7.438658372129144,-0.0581588624441103,4.991084949315723,False,True,False,no_reaction,999.0,,nan,0.044260920477354096,0.0,0.0,1.9448592929395039,58.39818424802071,,149
lat-1.2_h1.6_t20,-1.2,1.6,7.0,-1.390063073731389,1.2589272461830392,-14.196424930002387,0.37217811787479693,3.1727568080997823,False,True,False,insufficient_reach,999.0,,0.6,0.07079503324783339,0.0,0.0,2.5832728601221486,50.45195276713313,,149
lat-1.2_h1.6_t21,-1.2,1.6,7.0,-1.2317681715586206,1.349990394820421,-8.267925948561004,0.0361055610088617,4.599902544894654,False,True,False,no_reaction,999.0,,nan,0.044260920477353506,0.0,0.0,1.9448592929395088,58.398184248020634,,149
lat-1.2_h1.6_t22,-1.2,1.6,7.0,-1.4059553207790283,1.3856236799159314,-8.197591766681535,0.2283473121347948,4.661694109628226,False,True,False,insufficient_reach,999.0,,0.8,1.051285751809705,0.0,0.0,4.8737496012044605,93.03551724269637,,149
lat-1.2_h1.6_t23,-1.2,1.6,7.0,-1.202988051178751,1.4061425124264963,-10.185671625496726,0.004146192463928241,3.803898563214918,False,True,False,insufficient_reach,999.0,,0.68,0.7254819853510155,0.0,0.0,4.203659506636723,103.09219051416497,,149
lat-1.2_h1.6_t24,-1.2,1.6,7.0,-0.9467537792525491,1.2089207418881198,-11.884018467877198,-0.421642962435038,3.597158194816112,False,True,False,insufficient_reach,999.0,,0.62,0.6796102938755175,0.0,0.0,2.9947901693721692,88.13605804678907,,149
lat-1.2_h1.6_t25,-1.2,1.6,7.0,-0.7210685643840388,1.4359155437826283,-10.476158217992039,-0.668948095463872,3.7409056015372437,False,True,False,no_reaction,999.0,,nan,0.044260920477353964,0.0,0.0,1.9448592929395108,58.39818424802027,,149
lat-1.2_h1.6_t26,-1.2,1.6,7.0,-1.4461114359566958,1.1784452398773813,-11.439155883363437,0.3816919769751902,3.8164837950220623,False,True,False,no_reaction,999.0,,nan,0.044260920477354034,0.0,0.0,1.9448592929395057,58.398184248020584,,149
lat-1.2_h1.6_t27,-1.2,1.6,7.0,-1.1305564822364995,1.4549841930054013,-9.602844671433264,-0.09173160101941641,3.9047881664030886,False,True,False,insufficient_reach,999.0,,0.78,0.2006139506382347,0.0,0.0,2.6099164763682894,104.17065386891875,,149
lat-1.2_h1.6_t28,-1.2,1.6,7.0,-0.7112712180445572,1.3412789608707918,-9.012332628645801,-0.5870701625066793,4.394133498229364,False,True,False,insufficient_reach,999.0,,0.78,0.2151572995078946,0.0,0.0,2.3374899618846428,98.12476440606655,,149
lat-1.2_h1.6_t29,-1.2,1.6,7.0,-1.5589181512222865,1.262556923309409,-7.7457912108221585,0.3671460441864338,5.140255616366145,False,True,False,no_reaction,999.0,,nan,0.04426092047735308,0.0,0.0,1.9448592929394986,58.39818424802049,,149
lat-1.2_h1.6_t30,-1.2,1.6,7.0,-0.9640953868039976,1.4392512381867535,-16.4028269958724,-0.5217339375124449,2.5733372515202153,False,True,False,no_reaction,999.0,,nan,0.04426092047735497,0.0,0.0,1.9448592929395059,58.39818424802051,,149
lat-0.9_h0.05_t1,-0.9,0.05,7.0,-0.6960538648614906,0.05,-8.015694723224875,-0.22027597622119865,4.54137491530099,False,True,False,no_reaction,999.0,,nan,0.04426092047735434,0.0,0.0,1.9448592929394994,58.39818424802057,,149
lat-0.9_h0.05_t2,-0.9,0.05,7.0,-1.0369407878049095,0.05,-12.48929334334226,0.22765809678937726,2.950453217591965,False,True,False,insufficient_reach,999.0,,0.7000000000000001,0.5980523441821819,0.0,0.0,4.7758679178831835,92.9401686325015,,149
lat-0.9_h0.05_t3,-0.9,0.05,7.0,-1.0372421053340546,0.05,-12.331953127840004,0.22605608570379745,2.9779004823855946,False,True,False,insufficient_reach,999.0,,0.66,0.21029937685169975,0.0,0.0,3.7660609248476034,83.63057345771449,,149
lat-0.9_h0.05_t4,-0.9,0.05,7.0,-1.2857620740796032,0.05,-7.606036038296373,0.3917446578106109,4.830092601480275,False,True,False,insufficient_reach,999.0,,0.88,0.153228986376379,0.0,0.0,2.411872295438455,56.72262835895332,,149
lat-0.9_h0.05_t5,-0.9,0.05,7.0,-0.9152216328496539,0.05,-10.53419260861523,0.022298208559864266,3.348345627277896,False,True,False,insufficient_reach,999.0,,0.8,0.4747908020456983,0.0,0.0,4.419586634124765,103.98344223070676,,149
lat-0.9_h0.05_t6,-0.9,0.05,7.0,-1.1819768925059135,0.05,-8.91151968678697,0.34416490562034524,4.018703345852542,False,True,False,insufficient_reach,999.0,,0.88,0.4229465757082376,0.0,0.0,3.84928962634789,94.49218196245857,,149
lat-0.9_h0.05_t7,-0.9,0.05,7.0,-0.7087781423903456,0.05,-15.750575667947173,-0.39890598549032213,2.351288889341848,False,True,False,insufficient_reach,999.0,,0.66,0.2502552268741495,0.0,0.0,2.490154251586211,80.2643943553682,,149
lat-0.9_h0.05_t8,-0.9,0.05,7.0,-0.9019092464889943,0.05,-10.45912303752767,0.002659869670480224,3.520794320281903,False,True,False,no_reaction,999.0,,nan,0.04426092047734957,0.0,0.0,1.9448592929395114,58.39818424802001,,149
lat-0.9_h0.05_t9,-0.9,0.05,7.0,-1.2934212698713257,0.05,-10.680495720307329,0.5632543078619338,3.4260391829828185,False,True,False,no_reaction,999.0,,nan,0.044260920477353735,0.0,0.0,1.9448592929395139,58.39818424802086,,149
lat-0.9_h0.05_t10,-0.9,0.05,7.0,-1.1492693394384021,0.05,-13.334711812093758,0.4452040875247586,2.7463047716905065,False,True,False,insufficient_reach,999.0,,0.68,0.5518449789658356,0.0,0.0,4.160497244810155,86.40843212604415,,149
lat-0.9_h0.05_t11,-0.9,0.05,7.0,-0.9956184984509757,0.05,-10.106572182035212,0.12852352478923518,3.649205354981977,False,True,False,insufficient_reach,999.0,,0.8,0.43969409275766497,0.0,0.0,4.922548090888561,106.06649443283473,,149
lat-0.9_h0.05_t12,-0.9,0.05,7.0,-1.3172013320748737,0.05,-14.944907638672557,0.8347866305152625,2.4513719542491423,False,True,False,no_reaction,999.0,,nan,0.04426092047735309,0.0,0.0,1.944859292939504,58.39818424802064,,149
lat-0.9_h0.05_t13,-0.9,0.05,7.0,-1.044327283535051,0.05,-11.434036677149361,0.22779740995766554,3.1076969921255375,False,True,False,insufficient_reach,999.0,,0.74,0.3478410195434235,0.0,0.0,3.873321795734803,92.38830348705218,,149
lat-0.9_h0.05_t14,-0.9,0.05,7.0,-0.7363288346373519,0.05,-9.918357464621444,-0.22122425042566832,3.628928856393769,False,True,False,no_reaction,999.0,,nan,0.04426092047735274,0.0,0.0,1.944859292939505,58.3981842480205,,149
lat-0.9_h0.05_t15,-0.9,0.05,7.0,-1.137735955700175,0.05,-13.451933424323864,0.4494367359756401,2.5945695341925976,False,True,False,insufficient_reach,999.0,,0.68,0.27940773192821394,0.0,0.0,3.0052045744808997,94.74203111239056,,149
lat-0.9_h0.05_t16,-0.9,0.05,7.0,-1.0657561091830392,0.05,-10.602195541559649,0.23753427669813096,3.4228058655132387,False,True,False,insufficient_reach,999.0,,0.8,0.333455572273256,0.0,0.0,3.290657194212195,90.35532970827937,,149
lat-0.9_h0.05_t17,-0.9,0.05,7.0,-0.9045086837938016,0.05,-16.770130353932267,0.010129991813681004,2.1831304916484857,False,True,False,insufficient_reach,999.0,,0.66,0.08313697107099906,0.0,0.0,2.935178211653699,50.3659234062021,,149
lat-0.9_h0.05_t18,-0.9,0.05,7.0,-0.6005841210310208,0.05,-13.707532192652586,-0.5465376975465231,2.6871611838226914,False,True,False,insufficient_reach,999.0,,0.66,0.5656741956746912,0.0,0.0,4.486224817853504,89.12060653240356,,149
lat-0.9_h0.05_t19,-0.9,0.05,7.0,-1.308417926673366,0.05,-9.654046190059422,0.5415689303284267,3.6990488525957237,False,True,False,insufficient_reach,999.0,,0.8,0.09403037706424425,0.0,0.0,1.8319270629075743,51.560469378185765,,149
lat-0.9_h0.05_t20,-0.9,0.05,7.0,-1.2148670711613803,0.05,-7.548379282969867,0.3245575774976563,4.758548532294622,False,True,False,no_reaction,999.0,,nan,0.04426092047734998,0.0,0.0,1.9448592929395112,58.398184248020186,,149
lat-0.9_h0.05_t21,-0.9,0.05,7.0,-0.7412166332892827,0.05,-8.939554746554705,-0.18917759846065899,4.116937840703339,False,True,False,insufficient_reach,999.0,,0.96,0.10977537543570208,0.0,0.0,2.7234901869627226,60.94796017817306,,149
lat-0.9_h0.05_t22,-0.9,0.05,7.0,-1.1787905581803977,0.05,-13.358860901643633,0.5070755726165397,2.6967729500725843,False,True,False,no_reaction,999.0,,nan,0.044260920477352354,0.0,0.0,1.9448592929395012,58.3981842480208,,149
lat-0.9_h0.05_t23,-0.9,0.05,7.0,-0.4747516825843342,0.05,-17.59159803929577,-1.003758309260961,2.078033105857513,False,True,False,insufficient_reach,999.0,,0.66,0.17494897653152358,0.0,0.0,2.4066096122283103,83.41029933990703,,149
lat-0.9_h0.05_t24,-0.9,0.05,7.0,-0.7025797327531601,0.05,-7.497130127458183,-0.2079655824988851,4.656282059801608,False,True,False,insufficient_reach,999.0,,0.8200000000000001,0.19300796224761063,0.0,0.0,3.8010035296701825,86.84075673610866,,149
lat-0.9_h0.05_t25,-0.9,0.05,7.0,-0.9257857833425363,0.05,-7.7059474293174395,0.02624146781941446,4.819824415521678,False,True,False,insufficient_reach,999.0,,1.46,0.15369200919806716,0.0,0.0,2.414343758855491,74.45868935432745,,149
lat-0.9_h0.05_t26,-0.9,0.05,7.0,-1.3629923652845073,0.05,-12.704923628924503,0.7827953589641442,2.9011126927549014,False,True,False,insufficient_reach,999.0,,0.68,0.5462875419233784,0.0,0.0,4.456418929860328,100.70789125029359,,149
lat-0.9_h0.05_t27,-0.9,0.05,7.0,-0.7037112241218603,0.05,-15.11300041064348,-0.4155665860293651,2.316828344842532,False,True,False,insufficient_reach,999.0,,0.62,0.1130070031973244,0.0,0.0,2.0321332508474312,47.13571654596558,,149
lat-0.9_h0.05_t28,-0.9,0.05,7.0,-0.8605087076246628,0.05,-16.52417363684268,-0.08991359554864024,2.1543437109712875,False,True,False,insufficient_reach,999.0,,0.58,0.6212456185238011,0.0,0.0,2.952027312004774,84.59580479781789,,149
lat-0.9_h0.05_t29,-0.9,0.05,7.0,-0.7841368118176955,0.05,-9.726176855735822,-0.14939778887878177,3.8039983208541175,False,True,False,insufficient_reach,999.0,,0.8200000000000001,0.4896334515043476,0.0,0.0,3.3721302872819203,95.61887801200534,,149
lat-0.9_h0.05_t30,-0.9,0.05,7.0,-0.5252983273158006,0.05,-7.711688952888802,-0.4063747990967718,4.522700985890437,False,True,False,insufficient_reach,999.0,,0.98,0.13155944856352297,0.0,0.0,2.495955480973439,65.75729936683796,,149
lat-0.9_h0.2_t1,-0.9,0.2,7.0,-1.3473161640227715,0.05,-16.07343039107632,1.011986712510715,2.5074502556036964,False,True,False,insufficient_reach,999.0,,0.6,0.09576830797807519,0.0,0.0,2.674264272402883,57.66672055208128,,149
lat-0.9_h0.2_t2,-0.9,0.2,7.0,-1.128313028930996,0.05,-10.743878259001452,0.3319136297806275,3.5920612864425117,False,True,False,no_reaction,999.0,,nan,0.04426092047735436,0.0,0.0,1.944859292939499,58.39818424802031,,149
lat-0.9_h0.2_t3,-0.9,0.2,7.0,-0.6677281928153549,0.05,-12.231616976106391,-0.3859475057020042,3.2011812914811464,False,True,False,insufficient_reach,999.0,,0.76,0.18072167141496936,0.0,0.0,2.3965474302669914,75.62785223634445,,149
lat-0.9_h0.2_t4,-0.9,0.2,7.0,-0.6844466847657581,0.05,-13.016929168592661,-0.3727995016078763,3.095504495267258,False,True,False,insufficient_reach,999.0,,0.68,0.6258001047768079,0.0,0.0,4.100940968916186,90.3096663168917,,149
lat-0.9_h0.2_t5,-0.9,0.2,7.0,-1.2905324013208848,0.05,-7.527503999316704,0.4127361791842881,4.799656249704163,False,True,False,insufficient_reach,999.0,,0.84,0.18658767271312587,0.0,0.0,3.550822231490987,83.15469565011165,,149
lat-0.9_h0.2_t6,-0.9,0.2,7.0,-1.1410173483981865,0.05,-7.700363647952556,0.2474893385063537,4.930759317578263,False,True,False,no_reaction,999.0,,nan,0.04426092047735353,0.0,0.0,1.9448592929395088,58.398184248020684,,149
lat-0.9_h0.2_t7,-0.9,0.2,7.0,-0.49627603282472954,0.09567396392534361,-7.952976936937468,-0.4338694850081735,4.676313511498526,False,True,False,no_reaction,999.0,,nan,0.0442609204773523,0.0,0.0,1.9448592929395097,58.39818424802059,,149
lat-0.9_h0.2_t8,-0.9,0.2,7.0,-0.5621742647167546,0.05,-16.630810321184594,-0.7695489986891658,2.494946999150413,False,True,False,insufficient_reach,999.0,,0.58,0.6037553136131325,0.0,0.0,3.3320176540036215,85.02725688666014,,149
lat-0.9_h0.2_t9,-0.9,0.2,7.0,-1.0159093885087505,0.05,-15.085606822148675,0.24546503383076676,2.633816793085291,False,True,False,insufficient_reach,999.0,,0.62,0.5277722237731314,0.0,0.0,2.7776771517801317,88.14815108656623,,149
lat-0.9_h0.2_t10,-0.9,0.2,7.0,-0.7702220770038469,0.05,-8.373550023618451,-0.14488615622196277,4.560985770283356,False,True,False,insufficient_reach,999.0,,0.88,0.6039635347981266,0.0,0.0,2.9458575106901046,103.76170472531338,,149
lat-0.9_h0.2_t11,-0.9,0.2,7.0,-1.1397666320484727,0.05,-9.708413697320054,0.3161628081547666,3.9175716785928665,False,True,False,no_reaction,999.0,,nan,0.044260920477350196,0.0,0.0,1.9448592929395174,58.39818424802045,,149
lat-0.9_h0.2_t12,-0.9,0.2,7.0,-0.9366192517843801,0.05,-7.56535075879169,0.03669993786450899,5.04454669500721,False,True,False,no_reaction,999.0,,nan,0.04426092047735331,0.0,0.0,1.9448592929395114,58.398184248020286,,149
lat-0.9_h0.2_t13,-0.9,0.2,7.0,-0.5398731835820763,0.05,-17.930905938509152,-0.8555725309689709,2.4209711859119025,False,True,False,insufficient_reach,999.0,,0.54,0.5489525429419607,0.0,0.0,3.3300831258624064,83.05273996391011,,149
lat-0.9_h0.2_t14,-0.9,0.2,7.0,-1.3556233364667634,0.05,-13.01641662015335,0.8081643056782315,3.0313827344833264,False,True,False,insufficient_reach,999.0,,0.68,0.6110100811729644,0.0,0.0,4.185483433314246,86.87564385447233,,149
lat-0.9_h0.2_t15,-0.9,0.2,7.0,-0.6647873454765473,0.05,-12.663884253599399,-0.39370693133940965,3.1814732637989507,False,True,False,insufficient_reach,999.0,,0.7000000000000001,0.18350088426048675,0.0,0.0,3.672168734085083,101.18526747264453,,149
lat-0.9_h0.2_t16,-0.9,0.2,7.0,-1.351216418326827,0.05,-18.47877528655396,1.1195068106089467,2.3491196614623395,False,True,False,insufficient_reach,999.0,,0.9,0.050107047797691796,0.0,0.0,1.8319270629075788,55.606956195216924,,149
lat-0.9_h0.2_t17,-0.9,0.2,7.0,-0.40852466485495187,0.05,-16.206877333585176,-1.0553898518672071,2.606275548007541,False,True,False,no_reaction,999.0,,nan,0.04426092047735183,0.0,0.0,1.944859292939511,58.398184248020435,,149
lat-0.9_h0.2_t18,-0.9,0.2,7.0,-1.0521907920978069,0.05,-9.944262992880498,0.20145855544589936,3.904014662320056,False,True,False,insufficient_reach,999.0,,0.9400000000000001,0.10530311276706923,0.0,0.0,2.6466510892544077,58.53070776312395,,149
lat-0.9_h0.2_t19,-0.9,0.2,7.0,-0.6025739783930719,0.05,-13.457848482298454,-0.5309122031777385,3.0156176056410966,False,True,False,insufficient_reach,999.0,,0.62,0.09776179708122733,0.0,0.0,1.8319270629075743,52.97025118488165,,149
lat-0.9_h0.2_t20,-0.9,0.2,7.0,-0.562986671636328,0.05,-8.099056551000912,-0.36616897631504347,4.677423611565611,False,True,False,insufficient_reach,999.0,,0.9,0.6044340691804996,0.0,0.0,2.959926572084972,95.45630498173281,,149
lat-0.9_h0.2_t21,-0.9,0.2,7.0,-1.2413948947069264,0.052348303679571384,-9.694865052158272,0.44269914470570076,3.9740385970478194,False,True,False,no_reaction,999.0,,nan,0.044260920477353985,0.0,0.0,1.944859292939501,58.398184248020264,,149
lat-0.9_h0.2_t22,-0.9,0.2,7.0,-1.271130132526555,0.05,-17.992905536927065,0.8888314728324549,2.407314571059202,False,True,False,insufficient_reach,999.0,,0.54,0.5123988415280706,0.0,0.0,3.669456484187349,82.36112232414972,,149
lat-0.9_h0.2_t23,-0.9,0.2,7.0,-0.5678658220422581,0.05,-15.125176159482656,-0.669010384977921,2.7372579915445883,False,True,False,insufficient_reach,999.0,,0.62,0.5756274537624516,0.0,0.0,3.111053366702608,88.52104454111665,,149
lat-0.9_h0.2_t24,-0.9,0.2,7.0,-0.41881382197257655,0.05,-12.946814465752393,-0.8409069174363556,3.0688888469786955,False,True,False,insufficient_reach,999.0,,0.68,0.5607468019385193,0.0,0.0,4.597227203480662,90.53492759107948,,149
lat-0.9_h0.2_t25,-0.9,0.2,7.0,-0.6201546048488564,0.05,-9.44382415993848,-0.3585906818351059,4.020087064963081,False,True,False,insufficient_reach,999.0,,0.86,0.281142176189437,0.0,0.0,3.029473192274534,88.27204367597797,,149
lat-0.9_h0.2_t26,-0.9,0.2,7.0,-1.058127833961314,0.05,-10.46069947871731,0.21817959804619538,3.7619126204170796,False,True,False,insufficient_reach,999.0,,0.78,0.47101784890600634,0.0,0.0,4.322146384415566,107.41645139138491,,149
lat-0.9_h0.2_t27,-0.9,0.2,7.0,-0.7121142776991867,0.05,-16.399823447931613,-0.40711450933287546,2.588709104357865,False,True,False,insufficient_reach,999.0,,0.58,0.6182253360691257,0.0,0.0,2.9292171090260957,86.50015218921475,,149
lat-0.9_h0.2_t28,-0.9,0.2,7.0,-0.9264261115649115,0.05,-8.641742923998235,0.030635752713856056,4.404901554823326,False,True,False,no_reaction,999.0,,nan,0.04426092047735192,0.0,0.0,1.944859292939518,58.39818424802038,,149
lat-0.9_h0.2_t29,-0.9,0.2,7.0,-0.7239477428132456,0.05,-8.332968592107186,-0.19315649771249058,4.63522949274322,False,True,False,insufficient_reach,999.0,,0.9,0.5325874134721205,0.0,0.0,2.873214998847112,100.28703315650455,,149
lat-0.9_h0.2_t30,-0.9,0.2,7.0,-1.3343738554259872,0.05,-9.637119466679433,0.5740844810181408,3.9095525367240436,False,True,False,insufficient_reach,999.0,,0.8,0.09524299913499351,0.0,0.0,1.8458933636686439,49.700255403024215,,149
lat-0.9_h0.4_t1,-0.9,0.4,7.0,-1.3989705201543665,0.05,-8.10780474750774,0.5598412873835773,4.7643835977875835,False,True,False,no_reaction,999.0,,nan,0.044260920477349794,0.0,0.0,1.9448592929394957,58.398184248020385,,149
lat-0.9_h0.4_t2,-0.9,0.4,7.0,-0.545790225538434,0.11080963848474487,-7.398332961855059,-0.36645593249441255,5.040274189408952,False,True,False,no_reaction,999.0,,nan,0.04426092047735556,0.0,0.0,1.9448592929395037,58.39818424802063,,149
lat-0.9_h0.4_t3,-0.9,0.4,7.0,-0.6271772199831955,0.05,-12.987311456815076,-0.4711764446772969,3.444580708173762,False,True,False,no_reaction,999.0,,nan,0.04426092047735411,0.0,0.0,1.9448592929395079,58.39818424802087,,149
lat-0.9_h0.4_t4,-0.9,0.4,7.0,-1.3686976862524838,0.19250802678947426,-8.233438281917783,0.5089933713805077,4.742014701887745,False,True,False,insufficient_reach,999.0,,0.84,0.060299434181662254,0.0,0.0,1.8319270629075775,56.29679915681749,,149
lat-0.9_h0.4_t5,-0.9,0.4,7.0,-0.6399059215619028,0.07691950495236413,-8.291915034252682,-0.28443734877929683,4.83852967318709,False,True,False,insufficient_reach,999.0,,0.86,0.5613273464066945,0.0,0.0,2.7797500916300146,106.43957331988996,,149
lat-0.9_h0.4_t6,-0.9,0.4,7.0,-0.6541629879690357,0.05,-12.595605029034479,-0.41495285586382497,3.4967173818523243,False,True,False,insufficient_reach,999.0,,0.62,0.17480197025107833,0.0,0.0,3.235810412675558,82.81793528116687,,149
lat-0.9_h0.4_t7,-0.9,0.4,7.0,-0.9284675398974873,0.1172931223159833,-8.904440254354864,0.03434150185960042,4.407061765026935,False,True,False,insufficient_reach,999.0,,1.1,0.12845681808932075,0.0,0.0,2.655726324127484,58.5436361577722,,149
lat-0.9_h0.4_t8,-0.9,0.4,7.0,-1.2463419618388873,0.0814774538421131,-13.683068417225417,0.6632098822708148,3.1714312871498533,False,True,False,insufficient_reach,999.0,,0.62,0.21253705392027913,0.0,0.0,2.578628622335176,86.44759035188257,,149
lat-0.9_h0.4_t9,-0.9,0.4,7.0,-1.1058320266565222,0.26473441398396447,-18.256844592181633,0.501152761528844,2.3439075607995283,False,True,False,insufficient_reach,999.0,,0.56,0.17629886830421831,0.0,0.0,2.802675962243621,67.84700030978236,,149
lat-0.9_h0.4_t10,-0.9,0.4,7.0,-1.3987681648335741,0.1393309060489708,-14.338749182086294,0.9755373291735439,3.017646411602342,False,True,False,insufficient_reach,999.0,,0.6,0.36959380942686565,0.0,0.0,3.6039478340156013,84.21714254937109,,149
lat-0.9_h0.4_t11,-0.9,0.4,7.0,-1.1744598575562646,0.05,-13.452841980748456,0.5003607333222635,3.328586120648485,False,True,False,insufficient_reach,999.0,,0.64,0.0988070182846937,0.0,0.0,1.9122458940996176,52.95781043232934,,149
lat-0.9_h0.4_t12,-0.9,0.4,7.0,-0.9667532510283444,0.29374056296116163,-12.417204981655768,0.11208573486394847,3.0996194199722464,False,True,False,insufficient_reach,999.0,,0.66,0.5224940404309931,0.0,0.0,2.4676858385972307,71.61215813287576,,149
lat-0.9_h0.4_t13,-0.9,0.4,7.0,-1.0044549161200313,0.289879940748276,-10.961514442480057,0.1538909860614808,3.491550978901697,False,True,False,insufficient_reach,999.0,,0.7000000000000001,0.41793923244442976,0.0,0.0,2.5804680158568676,85.90381456782885,,149
lat-0.9_h0.4_t14,-0.9,0.4,7.0,-0.6201490111066502,0.05,-9.216843782423224,-0.3425394268333524,4.435733962614262,False,True,False,no_reaction,999.0,,nan,0.04426092047735273,0.0,0.0,1.944859292939506,58.39818424802051,,149
lat-0.9_h0.4_t15,-0.9,0.4,7.0,-0.4133374067328536,0.05,-15.597572216479774,-1.0512022272754693,3.026817444678015,False,True,False,insufficient_reach,999.0,,0.62,0.10498923900103069,0.0,0.0,1.8319270629075735,45.56368802071191,,149
lat-0.9_h0.4_t16,-0.9,0.4,7.0,-0.8403513165130859,0.05,-9.665710061770483,-0.07737604232459783,4.235250977147757,False,True,False,insufficient_reach,999.0,,0.8200000000000001,0.7476762699274736,0.0,0.0,5.809175105299095,86.63717670146511,,149
lat-0.9_h0.4_t17,-0.9,0.4,7.0,-1.0493730687908194,0.05,-10.053000223752429,0.21019898164174078,3.9781481764506226,False,True,False,no_reaction,999.0,,nan,0.04426092047735203,0.0,0.0,1.9448592929394863,58.39818424802031,,149
lat-0.9_h0.4_t18,-0.9,0.4,7.0,-0.8324591517384419,0.17578598765490633,-11.229825813156708,-0.1058378571466739,3.4814930338720047,False,True,False,insufficient_reach,999.0,,0.7000000000000001,0.4420871383910853,0.0,0.0,2.6822863484759187,75.58835938682446,,149
lat-0.9_h0.4_t19,-0.9,0.4,7.0,-1.2954321596655998,0.15457209981745473,-13.812492581960349,0.7603146537019646,3.022937092821424,False,True,False,insufficient_reach,999.0,,0.58,0.14158335136069214,0.0,0.0,2.022899667769183,50.33292537112562,,149
lat-0.9_h0.4_t20,-0.9,0.4,7.0,-1.3480287163485276,0.11651853412042823,-18.06438871079578,1.0694042543869815,2.731602789589187,False,True,False,insufficient_reach,999.0,,0.54,0.1892682215407038,0.0,0.0,3.1635709862812487,67.31808753091256,,149
lat-0.9_h0.4_t21,-0.9,0.4,7.0,-0.5982719169302082,0.05,-8.08280208763925,-0.32704762830388034,4.90463241963044,False,True,False,no_reaction,999.0,,nan,0.04426092047735548,0.0,0.0,1.9448592929395019,58.398184248020634,,149
lat-0.9_h0.4_t22,-0.9,0.4,7.0,-0.8524076238462638,0.22691910798499754,-16.844302731400933,-0.1062166450784118,2.5840598548962905,False,True,False,insufficient_reach,999.0,,0.56,0.21964745385681597,0.0,0.0,2.0021142861782417,74.20610195372315,,149
lat-0.9_h0.4_t23,-0.9,0.4,7.0,-0.6684104782446681,0.05,-9.3661934938577,-0.29458820621064313,4.301258730316411,False,True,False,insufficient_reach,999.0,,0.74,0.23426746074718985,0.0,0.0,3.873654038243409,83.98614742419544,,149
lat-0.9_h0.4_t24,-0.9,0.4,7.0,-0.5282164334077983,0.05,-13.095514772990926,-0.6781130317322924,3.3276058071524126,False,True,False,insufficient_reach,999.0,,0.7000000000000001,0.3342457081734982,0.0,0.0,2.8833714929227168,87.6216211872048,,149
lat-0.9_h0.4_t25,-0.9,0.4,7.0,-0.6103014928575209,0.1634831102003505,-11.94255341289957,-0.4811168863262171,3.3462798138764747,False,True,False,insufficient_reach,999.0,,0.68,0.48073100598585966,0.0,0.0,2.4048146190273534,72.70809623219817,,149
lat-0.9_h0.4_t26,-0.9,0.4,7.0,-1.1715452586687012,0.2985335664226968,-10.17378127762959,0.37034716866637185,3.7348199884813904,False,True,False,insufficient_reach,999.0,,0.74,0.06623232224520573,0.0,0.0,1.8319270629075775,57.696346034075376,,149
lat-0.9_h0.4_t27,-0.9,0.4,7.0,-0.7197717575687087,0.05,-9.111380701375776,-0.22808059846726342,4.318836908283413,False,True,False,insufficient_reach,999.0,,0.86,0.06723650055950513,0.0,0.0,1.831927062907572,55.080755097623076,,149
lat-0.9_h0.4_t28,-0.9,0.4,7.0,-0.5317274945916195,0.19086762790652323,-13.218865520628777,-0.6640209924651841,3.097440982380102,False,True,False,insufficient_reach,999.0,,0.56,0.17386790447025285,0.0,0.0,1.8319270629075775,69.75152811321664,,149
lat-0.9_h0.4_t29,-0.9,0.4,7.0,-1.0289612370153973,0.29505982549442317,-11.098751539533483,0.1967984496834554,3.3743685206452767,False,True,False,insufficient_reach,999.0,,0.6,0.22255655986421477,0.0,0.0,2.4996227968673908,83.34134563948892,,149
lat-0.9_h0.4_t30,-0.9,0.4,7.0,-0.9613845808104096,0.19010306416605466,-8.029978218191552,0.06670649881849229,4.741768265330486,False,True,False,insufficient_reach,999.0,,0.84,0.2856121264760326,0.0,0.0,3.056805895235471,94.3071069678051,,149
lat-0.9_h0.8_t1,-0.9,0.8,7.0,-0.9782790731265446,0.41073111889402064,-8.170898452883355,0.0847126661082128,4.9537466643815735,False,True,False,no_reaction,999.0,,nan,0.04426092047735413,0.0,0.0,1.944859292939512,58.39818424802171,,149
lat-0.9_h0.8_t2,-0.9,0.8,7.0,-0.7770334164365172,0.5526240880370082,-7.605229200260268,-0.12979126700877464,4.908190677788419,False,True,False,insufficient_reach,999.0,,0.86,0.5231875644048881,0.0,0.0,2.6451160510930958,96.0078757683581,,149
lat-0.9_h0.8_t3,-0.9,0.8,7.0,-0.490967479334359,0.3718732435480968,-15.57168531935592,-0.8540359936201575,3.2431073391396135,False,True,False,insufficient_reach,999.0,,0.54,0.3273060554776524,0.0,0.0,3.4585529764652363,78.69537499244402,,149
lat-0.9_h0.8_t4,-0.9,0.8,7.0,-0.5456149066304209,0.4969111425792139,-7.3160534895883504,-0.36057359768122255,5.12919735507082,False,True,False,no_reaction,999.0,,nan,0.04426092047735611,0.0,0.0,1.9448592929395012,58.39818424802058,,149
lat-0.9_h0.8_t5,-0.9,0.8,7.0,-0.8851826460703098,0.44369334775990626,-7.938265594597374,-0.016063043938650965,4.910878193247218,False,True,False,insufficient_reach,999.0,,0.84,0.48931323413999933,0.0,0.0,2.6144743615724315,96.69528119207956,,149
lat-0.9_h0.8_t6,-0.9,0.8,7.0,-0.4305876776647125,0.403253373080451,-14.646317970373959,-0.9423786872637748,3.23974788259961,False,True,False,insufficient_reach,999.0,,0.56,0.25811630762755855,0.0,0.0,2.3305912931333674,78.50657056949414,,149
lat-0.9_h0.8_t7,-0.9,0.8,7.0,-1.2691263392816503,0.6879284180314179,-12.580339360294374,0.6202615219604749,3.1073538653796615,False,True,False,no_reaction,999.0,,nan,0.04426092047735594,0.0,0.0,1.944859292939505,58.398184248020826,,149
lat-0.9_h0.8_t8,-0.9,0.8,7.0,-1.2302420949124593,0.5079095794224071,-13.176420638657866,0.609718674013375,3.195976595332909,False,True,False,insufficient_reach,999.0,,0.58,0.4291449755404594,0.0,0.0,2.5328903694488947,73.23425701860599,,149
lat-0.9_h0.8_t9,-0.9,0.8,7.0,-1.15128572741237,0.546857994641612,-8.152456289901119,0.28003713454734197,4.683509548394667,False,True,False,no_reaction,999.0,,nan,0.0442609204773535,0.0,0.0,1.9448592929395045,58.398184248022126,,149
lat-0.9_h0.8_t10,-0.9,0.8,7.0,-1.363328573066457,0.5945608060262562,-14.36115254036235,0.9262400699723953,2.8642977919563215,False,True,False,insufficient_reach,999.0,,0.56,0.3599456025942886,0.0,0.0,3.6076278060923834,75.02647259224246,,149
lat-0.9_h0.8_t11,-0.9,0.8,7.0,-0.5943298470499468,0.5341417457587009,-10.98469789125281,-0.44637812313000447,3.747078432979486,False,True,False,insufficient_reach,999.0,,0.68,0.5018012114349089,0.0,0.0,2.960949201526866,80.42402755110595,,149
lat-0.9_h0.8_t12,-0.9,0.8,7.0,-1.1302503884830104,0.32283474243572596,-13.66933182069746,0.439824851692566,3.4792729158643305,False,True,False,insufficient_reach,999.0,,0.56,0.35906313436791476,0.0,0.0,2.719729441400808,80.1483730906229,,149
lat-0.9_h0.8_t13,-0.9,0.8,7.0,-1.2778900859899731,0.4808796113133741,-7.401187671512619,0.39283207651081453,5.050169144126719,False,True,False,no_reaction,999.0,,nan,0.044260920477352625,0.0,0.0,1.9448592929395037,58.39818424802054,,149
lat-0.9_h0.8_t14,-0.9,0.8,7.0,-1.3584271409496078,0.35933728038483553,-12.470233047965028,0.7773987914814209,3.6397213784535847,False,True,False,insufficient_reach,999.0,,0.62,0.35998247201607586,0.0,0.0,3.3434205427504247,85.31363913639083,,149
lat-0.9_h0.8_t15,-0.9,0.8,7.0,-0.44818821457676106,0.5556479751262001,-7.254293519096177,-0.46146978603868405,5.051919656248968,False,True,False,insufficient_reach,999.0,,0.9,0.41834152623884935,0.0,0.0,2.821996651098769,84.35130374313064,,149
lat-0.9_h0.8_t16,-0.9,0.8,7.0,-0.9111534197430798,0.5667457030184417,-10.935371291871574,0.016576533607989264,3.6469686483450703,False,True,False,insufficient_reach,999.0,,0.6,0.18428037375428835,0.0,0.0,2.9835129033418823,81.71761734314927,,149
lat-0.9_h0.8_t17,-0.9,0.8,7.0,-0.6953192372633533,0.38074138084917936,-17.354641085559845,-0.4896854601192737,3.053261350457245,False,True,False,insufficient_reach,999.0,,0.5,0.26276696746958716,0.0,0.0,2.2879086186402495,85.37656340853935,,149
lat-0.9_h0.8_t18,-0.9,0.8,7.0,-0.7273978817748737,0.47750008772182845,-7.278344656967244,-0.17577535061194055,5.144880117316689,False,True,False,insufficient_reach,999.0,,0.84,0.12466325988835923,0.0,0.0,2.2112339244697274,57.2120334659649,,149
lat-0.9_h0.8_t19,-0.9,0.8,7.0,-0.5618847103518898,0.6778456877896093,-14.707607960157743,-0.6678294535069871,2.7246252955332637,False,True,False,insufficient_reach,999.0,,0.54,0.14737032581732706,0.0,0.0,1.8319270629075775,64.8468245015222,,149
lat-0.9_h0.8_t20,-0.9,0.8,7.0,-0.5310950155212818,0.5282438986555319,-10.609869788136303,-0.5282864354134744,3.8143507473767575,False,True,False,no_reaction,999.0,,nan,0.04426092047735577,0.0,0.0,1.9448592929395025,58.39818424802036,,149
lat-0.9_h0.8_t21,-0.9,0.8,7.0,-0.7234866142227535,0.3862700609590869,-7.766537085817251,-0.18414255599993132,5.133393971257381,False,True,False,insufficient_reach,999.0,,0.86,0.06127083174712908,0.0,0.0,1.8319270629075775,57.685713268967845,,149
lat-0.9_h0.8_t22,-0.9,0.8,7.0,-1.2934069696920094,0.5631381218412144,-11.66965099267171,0.6182546649813425,3.493380787082699,False,True,False,insufficient_reach,999.0,,0.64,0.5498389002344415,0.0,0.0,2.665766516190002,83.27923139196996,,149
lat-0.9_h0.8_t23,-0.9,0.8,7.0,-0.40666306264137153,0.600971105046229,-12.749434641885331,-0.8349374630698766,3.2350444644115646,False,True,False,insufficient_reach,999.0,,0.6,0.3685159251577259,0.0,0.0,2.896000952581296,76.78713195039211,,149
lat-0.9_h0.8_t24,-0.9,0.8,7.0,-0.7494883522082842,0.606076345822314,-12.481530110208492,-0.2625761786993275,3.149912614612829,False,True,False,insufficient_reach,999.0,,0.62,0.4123452695995291,0.0,0.0,2.692971007476481,75.55692739819291,,149
lat-0.9_h0.8_t25,-0.9,0.8,7.0,-0.5221088409586725,0.42687828670615946,-11.390328870559598,-0.5700546332512385,3.8144010663782124,False,True,False,insufficient_reach,999.0,,0.66,0.4646048588514352,0.0,0.0,2.851367470596975,82.61818611419743,,149
lat-0.9_h0.8_t26,-0.9,0.8,7.0,-0.7509253412056069,0.4313524911540324,-11.590015666201015,-0.23836562200261596,3.6570590393093227,False,True,False,insufficient_reach,999.0,,0.66,0.4052485372011818,0.0,0.0,2.9242866018887614,83.67279428848425,,149
lat-0.9_h0.8_t27,-0.9,0.8,7.0,-1.0195802957672022,0.5193998886605907,-9.637979238565539,0.15613061612777163,4.1231019538219575,False,True,False,insufficient_reach,999.0,,0.76,0.2275554195347115,0.0,0.0,3.2439583971451653,91.62956259530736,,149
lat-0.9_h0.8_t28,-0.9,0.8,7.0,-1.3853329429537362,0.5348246830804604,-10.066108871731355,0.6672049047177878,3.932502696297267,False,True,False,insufficient_reach,999.0,,0.7000000000000001,0.1535314550123219,0.0,0.0,2.128140233242557,70.98209363274599,,149
lat-0.9_h0.8_t29,-0.9,0.8,7.0,-0.8995546908692585,0.5169454659918953,-9.521627186716344,-0.0005668787926549215,4.2134296695304805,False,True,False,insufficient_reach,999.0,,0.64,0.22655906155659575,0.0,0.0,3.7615204123656163,88.53631218383597,,149
lat-0.9_h0.8_t30,-0.9,0.8,7.0,-0.5862337116804136,0.34356733673869255,-8.32006472528555,-0.3454432944299108,4.957726429912094,False,True,False,insufficient_reach,999.0,,0.8,0.5049049951284236,0.0,0.0,4.657688989501539,95.91628949734933,,149
lat-0.9_h1.2_t1,-0.9,1.2,7.0,-0.9233045249588409,0.85774612952734,-10.08839988767487,0.03254938852297466,3.9898792069666293,False,True,False,insufficient_reach,999.0,,0.68,0.6490573736244385,0.0,0.0,4.9237960927475655,107.80272027805796,,149
lat-0.9_h1.2_t2,-0.9,1.2,7.0,-0.8787658675146657,1.028957367526823,-8.793210523531089,-0.025036547357516026,4.361726620435879,False,True,False,no_reaction,999.0,,nan,0.044260920477356226,0.0,0.0,1.9448592929395077,58.39818424802105,,149
lat-0.9_h1.2_t3,-0.9,1.2,7.0,-0.44533996996669256,0.9618772325725392,-7.607060524104355,-0.48469742040054614,4.854884647338018,False,True,False,insufficient_reach,999.0,,0.74,0.27393328007604634,0.0,0.0,4.102783841725934,87.17973152826374,,149
lat-0.9_h1.2_t4,-0.9,1.2,7.0,-1.205441676814699,0.7665326430972568,-14.161100064895976,0.5893230000272321,3.3785619465241274,False,True,False,insufficient_reach,999.0,,0.54,0.46723656940495345,0.0,0.0,3.211175078354676,72.88587253747434,,149
lat-0.9_h1.2_t5,-0.9,1.2,7.0,-0.47039412257801083,0.912904085335616,-10.415408451429492,-0.6018146320064219,3.9036174842434797,False,True,False,insufficient_reach,999.0,,0.64,0.1860779153222864,0.0,0.0,3.2762122990940274,76.25068306951914,,149
lat-0.9_h1.2_t6,-0.9,1.2,7.0,-1.000094793195844,1.0906900954650314,-16.437231415909874,0.22058204167202944,2.466659988287282,False,True,False,insufficient_reach,999.0,,0.5,0.24053932199856054,0.0,0.0,3.0305323655096905,81.92731894752839,,149
lat-0.9_h1.2_t7,-0.9,1.2,7.0,-0.5405842067194109,1.0199124381696085,-10.037456916731127,-0.5037442518839574,3.7520659532592426,False,True,False,insufficient_reach,999.0,,0.7000000000000001,0.4279002455888174,0.0,0.0,4.678203880199751,100.37144458416297,,149
lat-0.9_h1.2_t8,-0.9,1.2,7.0,-1.2147715534525902,1.0671009956685509,-12.988795223668252,0.545373467102994,3.06126493559231,False,True,False,insufficient_reach,999.0,,0.56,0.5496272944130219,0.0,0.0,3.193293145545058,78.5253770934916,,149
lat-0.9_h1.2_t9,-0.9,1.2,7.0,-1.0264903169616124,0.9105996776615123,-16.60213667498635,0.279707603012852,2.8581056046998987,False,True,False,insufficient_reach,999.0,,0.76,0.08135135638595702,0.0,0.0,1.8319270629075775,49.532879900240985,,149
lat-0.9_h1.2_t10,-0.9,1.2,7.0,-0.8848248296662684,0.9374154276492588,-18.475868629024607,-0.037791445350629976,2.623531551742833,False,True,False,insufficient_reach,999.0,,0.48,0.3538804137536418,0.0,0.0,3.14052835331671,71.7735975568405,,149
lat-0.9_h1.2_t11,-0.9,1.2,7.0,-1.0392274808894002,1.0623564419151041,-9.121471087294154,0.17669279401730512,4.039643849913314,False,True,False,insufficient_reach,999.0,,0.66,0.17085647438427604,0.0,0.0,3.3909743782244535,82.49703228701813,,149
lat-0.9_h1.2_t12,-0.9,1.2,7.0,-1.0979394981652049,0.9927832270342537,-9.847407957016863,0.2696788679488683,3.8825013743433314,False,True,False,no_reaction,999.0,,nan,0.04426092047735421,0.0,0.0,1.9448592929395039,58.39818424802066,,149
lat-0.9_h1.2_t13,-0.9,1.2,7.0,-0.633343864799594,0.759881587182783,-9.347599306651214,-0.3321349447368014,4.486194594861328,False,True,False,insufficient_reach,999.0,,0.68,0.09618078923713402,0.0,0.0,1.9253855266534208,56.53929721980882,,149
lat-0.9_h1.2_t14,-0.9,1.2,7.0,-0.5307403753489475,0.8891567862532728,-14.67621073174707,-0.7508477481046959,3.044295899039265,False,True,False,insufficient_reach,999.0,,0.52,0.48019639101889344,0.0,0.0,3.1076119018511377,73.48824870305613,,149
lat-0.9_h1.2_t15,-0.9,1.2,7.0,-1.16975383157213,0.7824744658073705,-14.309997703617226,0.5319879295604242,3.310578484974845,False,True,False,insufficient_reach,999.0,,0.54,0.41970150475838885,0.0,0.0,2.8038656347764164,72.45175121623271,,149
lat-0.9_h1.2_t16,-0.9,1.2,7.0,-1.3415453858914461,0.7567097574108407,-13.38314766054731,0.7968259072798586,3.5179838910806263,False,True,False,insufficient_reach,999.0,,0.56,0.500634003379683,0.0,0.0,2.953750480144137,74.74240991284566,,149
lat-0.9_h1.2_t17,-0.9,1.2,7.0,-0.9572830332204729,0.8783163658308915,-9.809607597918516,0.07554854460374677,4.143366121102208,False,True,False,insufficient_reach,999.0,,0.72,0.26743590631691005,0.0,0.0,2.9002562761616524,98.09775809675146,,149
lat-0.9_h1.2_t18,-0.9,1.2,7.0,-0.5812929428807673,0.9412877640853488,-17.755007134824822,-0.7782973715927608,2.6403487169109474,False,True,False,insufficient_reach,999.0,,0.48,0.3304973018782704,0.0,0.0,3.062261152723757,70.48992758124464,,149
lat-0.9_h1.2_t19,-0.9,1.2,7.0,-1.1351045527632666,0.9581159350102867,-7.936174398360512,0.2492323177498085,4.883378684277629,False,True,False,insufficient_reach,999.0,,0.8200000000000001,0.6539214392070686,0.0,0.0,4.779223046605323,111.60834381067079,,149
lat-0.9_h1.2_t20,-0.9,1.2,7.0,-1.0564395252242962,0.9468623133582587,-11.367774494147262,0.24416483925011476,3.537783669376726,False,True,False,insufficient_reach,999.0,,0.66,0.25717302658936214,0.0,0.0,2.340723288665508,98.35375887736737,,149
lat-0.9_h1.2_t21,-0.9,1.2,7.0,-1.3300683942905658,0.9560672895312663,-8.268995170801539,0.47832259775986763,4.681475403285775,False,True,False,insufficient_reach,999.0,,0.84,0.24503386114039652,0.0,0.0,2.6603537108092237,105.15894029885418,,149
lat-0.9_h1.2_t22,-0.9,1.2,7.0,-1.169170810845988,0.8827434579521474,-9.845430774607689,0.35619342583781427,4.126470910323302,False,True,False,insufficient_reach,999.0,,0.7000000000000001,0.7216097286422503,0.0,0.0,4.7310822483518455,106.05686791090167,,149
lat-0.9_h1.2_t23,-0.9,1.2,7.0,-1.037055728154008,1.0981921962817027,-16.896573997822934,0.31769743083015184,2.3520254740103734,False,True,False,no_reaction,999.0,,nan,0.0442609204773538,0.0,0.0,1.9448592929395048,58.39818424802052,,149
lat-0.9_h1.2_t24,-0.9,1.2,7.0,-1.3112326058922315,1.0846662943819252,-12.314153703755911,0.6852258150907596,3.135872631378903,False,True,False,no_reaction,999.0,,nan,0.04426092047735332,0.0,0.0,1.9448592929394999,58.39818424802026,,149
lat-0.9_h1.2_t25,-0.9,1.2,7.0,-0.9905221469947961,0.8690756453584757,-8.424453383465174,0.10613420246839009,4.57148548831063,False,True,False,insufficient_reach,999.0,,0.74,0.09621739160995788,0.0,0.0,1.8319270629075788,57.085313267408715,,149
lat-0.9_h1.2_t26,-0.9,1.2,7.0,-0.41876362565569614,0.8899546174024874,-18.092504434395003,-1.2008633108352686,2.73931781664402,False,True,False,insufficient_reach,999.0,,0.48,0.3246675703550495,0.0,0.0,2.8682461032113418,69.31734419931138,,149
lat-0.9_h1.2_t27,-0.9,1.2,7.0,-1.3799736440741754,0.9948720900028971,-16.077821778315357,1.0171144041964824,2.7493442707561613,False,True,False,insufficient_reach,999.0,,0.5,0.510770402421942,0.0,0.0,3.2765733349218675,82.19233467089639,,149
lat-0.9_h1.2_t28,-0.9,1.2,7.0,-1.30707085562061,0.8028189065728318,-13.613805384746442,0.7452861685254326,3.4062612008239688,False,True,False,insufficient_reach,999.0,,0.54,0.52972717905203,0.0,0.0,3.246851666406627,78.34752441799424,,149
lat-0.9_h1.2_t29,-0.9,1.2,7.0,-0.8931615681795174,0.763721608247592,-8.05849891079809,-0.007442691149017716,4.981600402017213,False,True,False,insufficient_reach,999.0,,0.74,0.22625394427117468,0.0,0.0,3.924413030006373,81.66621045084015,,149
lat-0.9_h1.2_t30,-0.9,1.2,7.0,-1.0583254981030792,0.8523638102043948,-15.329028635504436,0.3364408385638911,3.046966138950333,False,True,False,insufficient_reach,999.0,,1.3,0.11146677521041264,0.0,0.0,2.853471211450025,61.5356243682097,,149
lat-0.9_h1.6_t1,-0.9,1.6,7.0,-0.5747138917671032,1.2118814153885917,-13.534068460670454,-0.5985760690383115,3.3797372547731377,False,True,False,insufficient_reach,999.0,,0.56,0.656058773063529,0.0,0.0,3.209756174018371,83.80705112911167,,149
lat-0.9_h1.6_t2,-0.9,1.6,7.0,-0.6137240432429055,1.3298349529271067,-7.771500633898981,-0.30982179440729596,4.824615578103127,False,True,False,insufficient_reach,999.0,,0.84,0.38799229129743046,0.0,0.0,4.284909893010993,112.9149636766672,,149
lat-0.9_h1.6_t3,-0.9,1.6,7.0,-1.0028212225707889,1.3158930475039772,-11.582539106074448,0.1620186976391323,3.560515287368744,False,True,False,insufficient_reach,999.0,,0.62,0.5150456098277897,0.0,0.0,3.2150882789029223,88.31052694974662,,149
lat-0.9_h1.6_t4,-0.9,1.6,7.0,-0.6785779326712683,1.1565112197102023,-9.155360171582979,-0.2752012712366282,4.497679862516384,False,True,False,no_reaction,999.0,,nan,0.044260920477353846,0.0,0.0,1.9448592929395094,58.398184248020634,,149
lat-0.9_h1.6_t5,-0.9,1.6,7.0,-1.3771061750238798,1.1615164598672125,-8.147363024150003,0.5353279008879052,4.863529225668344,False,True,False,insufficient_reach,999.0,,0.74,0.1470566925687434,0.0,0.0,3.199279501560771,75.21442237935932,,149
lat-0.9_h1.6_t6,-0.9,1.6,7.0,-0.4672692595237452,1.33006534019865,-7.5806324140849215,-0.44410254903924323,5.056429580102881,False,True,False,no_reaction,999.0,,nan,0.04426092047735372,0.0,0.0,1.9448592929395037,58.398184248020975,,149
lat-0.9_h1.6_t7,-0.9,1.6,7.0,-1.2608019753824702,1.4593046509170824,-12.585387048348187,0.6133619811415246,3.1244821516582904,False,True,False,no_reaction,999.0,,nan,0.04426092047735588,0.0,0.0,1.9448592929395025,58.39818424802075,,149
lat-0.9_h1.6_t8,-0.9,1.6,7.0,-0.5747992325844319,1.366522754334016,-12.830070578685513,-0.5507034315722055,3.2918714870306713,False,True,False,insufficient_reach,999.0,,0.58,0.6516252951984557,0.0,0.0,3.1869307206621817,85.7446266687677,,149
lat-0.9_h1.6_t9,-0.9,1.6,7.0,-1.16744864163462,1.1319861577437207,-10.704063452081956,0.389333101169466,4.050744678055769,False,True,False,no_reaction,999.0,,nan,0.0442609204773547,0.0,0.0,1.9448592929395148,58.39818424802132,,149
lat-0.9_h1.6_t10,-0.9,1.6,7.0,-0.9604883113670899,1.1422658737046976,-12.5246128211355,0.10303078633987471,3.6593413292851658,False,True,False,no_reaction,999.0,,nan,0.04426092047735373,0.0,0.0,1.9448592929395028,58.39818424802072,,149
lat-0.9_h1.6_t11,-0.9,1.6,7.0,-1.0352017808554705,1.2545843364636589,-18.02495840594668,0.3292683970603768,2.8552753698505318,False,True,False,insufficient_reach,999.0,,0.48,0.4618972609770283,0.0,0.0,3.031365788929305,77.8528569458214,,149
lat-0.9_h1.6_t12,-0.9,1.6,7.0,-0.9153984129811353,1.4017014177375453,-13.990108224419316,0.029895798096577986,2.911409622044966,False,True,False,insufficient_reach,999.0,,0.56,0.1306936463303831,0.0,0.0,2.1433779897873535,56.169195776115956,,149
lat-0.9_h1.6_t13,-0.9,1.6,7.0,-1.2293352414500016,1.1298519257348327,-12.646963714032585,0.5693772874590047,3.649940049468752,False,True,False,no_reaction,999.0,,nan,0.044260920477354214,0.0,0.0,1.9448592929395,58.398184248020684,,149
lat-0.9_h1.6_t14,-0.9,1.6,7.0,-0.7083819444306807,1.3472206697148745,-12.854910782817912,-0.3426447394223901,3.195046347940803,False,True,False,insufficient_reach,999.0,,0.58,0.6595320248197655,0.0,0.0,3.1672621876158784,84.92900623315768,,149
lat-0.9_h1.6_t15,-0.9,1.6,7.0,-1.1791973702143608,1.1695010382649178,-13.429795367485974,0.5195947671687224,3.4368084363140228,False,True,False,no_reaction,999.0,,nan,0.0496932944504093,0.0,0.0,1.8319270629075775,55.329856382234176,,149
lat-0.9_h1.6_t16,-0.9,1.6,7.0,-0.6079063662394568,1.26191937163408,-8.210916016031133,-0.3214024762603951,4.8297145825312064,False,True,False,no_reaction,999.0,,nan,0.044260920477353166,0.0,0.0,1.9448592929395072,58.3981842480206,,149
lat-0.9_h1.6_t17,-0.9,1.6,7.0,-0.9183651534651377,1.1707548580575418,-12.020000889566484,0.029981880642466985,3.705277891063232,False,True,False,insufficient_reach,999.0,,0.6,0.14075523732278755,0.0,0.0,2.685521405308717,61.298485730780676,,149
lat-0.9_h1.6_t18,-0.9,1.6,7.0,-1.2661962637205113,1.2674322486495742,-7.384584609464559,0.37432152431308646,5.138475810265376,False,True,False,insufficient_reach,999.0,,1.3,0.066525607451224,0.0,0.0,2.217427992176285,61.92473974114319,,149
lat-0.9_h1.6_t19,-0.9,1.6,7.0,-1.210305151825323,1.3475792772030886,-9.930064408518007,0.41413283466890755,4.012142594455542,False,True,False,insufficient_reach,999.0,,0.68,0.11279010338675106,0.0,0.0,2.247115852699758,57.63262170579881,,149
lat-0.9_h1.6_t20,-0.9,1.6,7.0,-1.2011437222247041,1.1258466719376345,-8.233175037762893,0.3343878910302188,4.943851357964972,False,True,False,insufficient_reach,999.0,,0.8,0.3589614114720094,0.0,0.0,3.12793117684546,107.00415344576427,,149
lat-0.9_h1.6_t21,-0.9,1.6,7.0,-0.753909876537492,1.2997335339914473,-11.612718952057122,-0.23455288311971423,3.5371438928380576,False,True,False,no_reaction,999.0,,nan,0.044260920477353256,0.0,0.0,1.944859292939505,58.3981842480207,,149
lat-0.9_h1.6_t22,-0.9,1.6,7.0,-0.5353396078595823,1.197391187361947,-14.633249290828056,-0.744900121875722,3.2236250087169283,False,True,False,insufficient_reach,999.0,,0.52,0.5533666251861619,0.0,0.0,3.1210173281079157,79.75023630951453,,149
lat-0.9_h1.6_t23,-0.9,1.6,7.0,-0.5404347683530543,1.25695748861139,-8.356209481745811,-0.40564140764177403,4.734850083732859,False,True,False,insufficient_reach,999.0,,0.88,0.25383796190991176,0.0,0.0,2.2805133021183006,82.25405738315652,,149
lat-0.9_h1.6_t24,-0.9,1.6,7.0,-0.7413078537925565,1.4771324565653048,-14.901580429294022,-0.33068648531520844,2.609880069527943,False,True,False,insufficient_reach,999.0,,0.56,0.090023866967899,0.0,0.0,2.827880446677658,56.759678293910284,,149
lat-0.9_h1.6_t25,-0.9,1.6,7.0,-0.46968111516217637,1.201223373120314,-16.237931992468713,-0.9651649056950059,3.081313396284807,False,True,False,insufficient_reach,999.0,,0.58,0.13966230507157615,0.0,0.0,3.2438113363807926,59.99952974161066,,149
lat-0.9_h1.6_t26,-0.9,1.6,7.0,-1.0136510901516846,1.280049772967904,-8.209022270543919,0.12697320552758604,4.7478186611162005,False,True,False,insufficient_reach,999.0,,0.9400000000000001,0.07709744067234711,0.0,0.0,2.125605221715746,57.491832406295195,,149
lat-0.9_h1.6_t27,-0.9,1.6,7.0,-0.5175405595439002,1.1422773919625095,-7.846014086450353,-0.4096457662029429,5.069736324085089,False,True,False,insufficient_reach,999.0,,0.84,0.765425914348806,0.0,0.0,4.337759336792729,86.28139377680937,,149
lat-0.9_h1.6_t28,-0.9,1.6,7.0,-1.361978151762545,1.3984829029927355,-10.697150278976931,0.6936985394203693,3.5691473435800707,False,True,False,insufficient_reach,999.0,,0.66,0.5652342193500609,0.0,0.0,3.6607087783095786,95.13877833230347,,149
lat-0.9_h1.6_t29,-0.9,1.6,7.0,-1.3644291329644518,1.3034317157790314,-8.116259624126963,0.5269948375952167,4.659190798756462,False,True,False,no_reaction,999.0,,nan,0.04426092047735448,0.0,0.0,1.9448592929395059,58.398184248020314,,149
lat-0.9_h1.6_t30,-0.9,1.6,7.0,-0.42925004232932984,1.4769261558692772,-11.216998421739548,-0.6951743807306776,3.5032576648318274,False,True,False,no_reaction,999.0,,nan,0.044260920477353916,0.0,0.0,1.944859292939497,58.39818424802061,,149
lat-0.6_h0.05_t1,-0.6,0.05,7.0,-0.5503839562810755,0.05,-11.92039167023619,-0.08095228233032346,3.0062981232360286,False,True,False,insufficient_reach,999.0,,0.84,0.07554775145582865,0.0,0.0,2.218079119791035,83.16001372903577,,149
lat-0.6_h0.05_t2,-0.6,0.05,7.0,-0.1321399651549695,0.05,-17.30891282736073,-1.1340220166908943,2.0236410203139767,False,True,False,insufficient_reach,999.0,,0.58,0.5193803773691543,0.0,0.0,3.5916984352646284,84.16422824968406,,149
lat-0.6_h0.05_t3,-0.6,0.05,7.0,-0.8943127378044449,0.05,-9.41015398859253,0.3798573100677037,3.8003848831380975,False,True,False,insufficient_reach,999.0,,0.9,0.10694259111749005,0.0,0.0,2.3210117486461144,77.0277284389273,,149
lat-0.6_h0.05_t4,-0.6,0.05,7.0,-0.5696978667508417,0.05,-8.58247163831713,-0.03504026902212962,4.24174721641701,False,True,False,insufficient_reach,999.0,,1.34,0.09623109117949122,0.0,0.0,1.9806942289871705,70.02886599813637,,149
lat-0.6_h0.05_t5,-0.6,0.05,7.0,-0.12002967064114933,0.05,-8.241783443989277,-0.5458994120121449,4.312615866039413,False,True,False,no_reaction,999.0,,nan,0.044260920477351105,0.0,0.0,1.9448592929395139,58.398184248020776,,149
lat-0.6_h0.05_t6,-0.6,0.05,7.0,-0.9433615630261917,0.05,-10.39811450477347,0.4819374231018222,3.4946206414180883,False,True,False,insufficient_reach,999.0,,0.8200000000000001,0.12967773836967342,0.0,0.0,4.270446650562538,85.43009154630057,,149
lat-0.6_h0.05_t7,-0.6,0.05,7.0,-0.7240071100586886,0.05,-9.41552821558149,0.16335662653184235,3.7234784272390886,False,True,False,no_reaction,999.0,,nan,0.04426092047735009,0.0,0.0,1.9448592929395159,58.39818424802046,,149
lat-0.6_h0.05_t8,-0.6,0.05,7.0,-0.171682467151423,0.05,-14.525785459477593,-0.8597123529701842,2.4437214277123824,False,True,False,insufficient_reach,999.0,,0.66,0.396091096575213,0.0,0.0,2.696551231837922,84.67907318168744,,149
lat-0.6_h0.05_t9,-0.6,0.05,7.0,-0.4285450651053567,0.05,-18.635104299027212,-0.4206152228093576,1.999419921231428,False,True,False,insufficient_reach,999.0,,0.56,0.24339126739046793,0.0,0.0,2.4545423923793304,82.66269649972706,,149
lat-0.6_h0.05_t10,-0.6,0.05,7.0,-0.4639292362701749,0.05,-13.28148657917002,-0.24514649893255333,2.722564258518821,False,True,False,insufficient_reach,999.0,,0.7000000000000001,0.42429325778561966,0.0,0.0,3.5783083427489832,85.89922443671068,,149
lat-0.6_h0.05_t11,-0.6,0.05,7.0,-0.9194054018246991,0.05,-8.692160422033812,0.37625127109281603,4.16392877929619,False,True,False,no_reaction,999.0,,nan,0.04426092047735143,0.0,0.0,1.9448592929395034,58.398184248020755,,149
lat-0.6_h0.05_t12,-0.6,0.05,7.0,-0.5604437795044949,0.05,-8.49226473990123,-0.046432262781509026,4.178630329593145,False,True,False,no_reaction,999.0,,nan,0.0442609204773521,0.0,0.0,1.9448592929395023,58.39818424802052,,149
lat-0.6_h0.05_t13,-0.6,0.05,7.0,-0.13487025787300344,0.05,-8.809322135481192,-0.5733997690552239,3.9788320614290154,False,True,False,no_reaction,999.0,,nan,0.044260920477352986,0.0,0.0,1.9448592929395083,58.398184248020584,,149
lat-0.6_h0.05_t14,-0.6,0.05,7.0,-0.3418149889234626,0.05,-12.068622355586763,-0.42644886052035863,2.9696350408467276,False,True,False,no_reaction,999.0,,nan,0.04426092047735416,0.0,0.0,1.9448592929395057,58.3981842480207,,149
lat-0.6_h0.05_t15,-0.6,0.05,7.0,-1.0062430793544435,0.05,-15.479784768340904,0.876357876858332,2.2737540870596447,False,True,False,insufficient_reach,999.0,,0.66,0.28243829760522526,0.0,0.0,3.4024877909790217,83.41892615092003,,149
lat-0.6_h0.05_t16,-0.6,0.05,7.0,-1.0906683801729067,0.05,-14.778515206150455,0.9891650501952524,2.4330908216713083,False,True,False,insufficient_reach,999.0,,0.68,0.40157317943769316,0.0,0.0,3.020972153028395,82.25225052210698,,149
lat-0.6_h0.05_t17,-0.6,0.05,7.0,-0.6985056841387117,0.05,-7.184895837669771,0.09899213437665685,4.880896686821177,False,True,False,no_reaction,999.0,,nan,0.04426092047735258,0.0,0.0,1.944859292939517,58.39818424802056,,149
lat-0.6_h0.05_t18,-0.6,0.05,7.0,-0.48401454973982094,0.05,-10.185561383649489,-0.15822290000709718,3.595615005796629,False,True,False,insufficient_reach,999.0,,0.76,0.09217574636064721,0.0,0.0,2.2899513636909887,59.69542645320131,,149
lat-0.6_h0.05_t19,-0.6,0.05,7.0,-1.0947703864570872,0.05,-8.476760400831138,0.5685218422539705,4.268699221740524,False,True,False,insufficient_reach,999.0,,0.8,0.18714623340047867,0.0,0.0,3.484345131109913,83.80326298903978,,149
lat-0.6_h0.05_t20,-0.6,0.05,7.0,-0.14192651988061977,0.05,-8.49763757763421,-0.5405377777417343,4.156694522578016,False,True,False,insufficient_reach,999.0,,0.76,0.19804400491506988,0.0,0.0,3.6089383382809443,91.43208076886798,,149
lat-0.6_h0.05_t21,-0.6,0.05,7.0,-0.2233492381717994,0.05,-14.821817912337185,-0.7697230567478301,2.400177532128385,False,True,False,insufficient_reach,999.0,,0.64,0.3171062881555449,0.0,0.0,2.476986721493765,84.21723305407778,,149
lat-0.6_h0.05_t22,-0.6,0.05,7.0,-0.21380421953492545,0.05,-11.149746472641253,-0.5771296837847666,3.282261086899219,False,True,False,insufficient_reach,999.0,,0.76,0.2141316940988987,0.0,0.0,2.885401650574653,82.1557095244889,,149
lat-0.6_h0.05_t23,-0.6,0.05,7.0,-1.0967817363957213,0.05,-11.50110932864243,0.7671438682930714,3.1763460776174997,False,True,False,no_reaction,999.0,,nan,0.044260920477353125,0.0,0.0,1.9448592929395039,58.39818424802026,,149
lat-0.6_h0.05_t24,-0.6,0.05,7.0,-0.5117977330516095,0.05,-8.153274740120304,-0.10062796978653295,4.2993227459484595,False,True,False,insufficient_reach,999.0,,1.04,0.11990650567459393,0.0,0.0,2.383150853858177,69.39263949594746,,149
lat-0.6_h0.05_t25,-0.6,0.05,7.0,-0.5385154120404763,0.05,-16.83706359251572,-0.14008403964755173,2.1528641285633756,False,True,False,insufficient_reach,999.0,,0.56,0.15128614624027878,0.0,0.0,1.9596413985949586,62.11198275889959,,149
lat-0.6_h0.05_t26,-0.6,0.05,7.0,-0.8301792798717856,0.05,-9.30968308276111,0.28562448767807663,3.9528451392571844,False,True,False,no_reaction,999.0,,nan,0.04426092047735271,0.0,0.0,1.9448592929395128,58.39818424802083,,149
lat-0.6_h0.05_t27,-0.6,0.05,7.0,-0.7657616813039392,0.05,-15.97650561737288,0.37146726138432024,2.188782515492337,False,True,False,insufficient_reach,999.0,,0.58,0.128614870006905,0.0,0.0,2.787706650996199,59.79725773052531,,149
lat-0.6_h0.05_t28,-0.6,0.05,7.0,-0.6598010020445094,0.05,-8.427503389212001,0.06848731860178814,4.2828938410308925,False,True,False,no_reaction,999.0,,nan,0.044260920477353305,0.0,0.0,1.9448592929395125,58.398184248020776,,149
lat-0.6_h0.05_t29,-0.6,0.05,7.0,-0.8793880472887887,0.05,-10.817950504926616,0.42305138031016837,3.239318994649715,False,True,False,insufficient_reach,999.0,,0.74,0.10561029142843373,0.0,0.0,2.3152676934070997,60.996376918333155,,149
lat-0.6_h0.05_t30,-0.6,0.05,7.0,-0.45743480046480844,0.05,-7.574066300634285,-0.1427066922450424,4.900136726029451,False,True,False,no_reaction,999.0,,nan,0.04426092047735492,0.0,0.0,1.9448592929394828,58.398184248021145,,149
lat-0.6_h0.2_t1,-0.6,0.2,7.0,-0.6900951103037117,0.05,-8.215793294820989,0.1033922926881153,4.446311287021983,False,True,False,insufficient_reach,999.0,,1.46,0.14017762255052602,0.0,0.0,2.464250563295368,70.07681173075574,,149
lat-0.6_h0.2_t2,-0.6,0.2,7.0,-0.9155237468663606,0.05,-9.949740583051387,0.4245913433599319,3.8468708333070745,False,True,False,insufficient_reach,999.0,,0.84,0.28450946672013966,0.0,0.0,3.529048695488897,74.33044088134844,,149
lat-0.6_h0.2_t3,-0.6,0.2,7.0,-0.2683029563242265,0.05,-17.107980535377894,-0.7978894915144322,2.3999184098408493,False,True,False,insufficient_reach,999.0,,0.56,0.11111206669639394,0.0,0.0,2.943740731479661,57.47321614191313,,149
lat-0.6_h0.2_t4,-0.6,0.2,7.0,-0.8407032411342262,0.05,-13.069540211887661,0.41555344224736557,3.100111461144819,False,True,False,insufficient_reach,999.0,,0.7000000000000001,0.48263181444660347,0.0,0.0,3.8294135664192215,88.56896624313286,,149
lat-0.6_h0.2_t5,-0.6,0.2,7.0,-0.29735669020428956,0.05,-7.946716156023461,-0.334353333069445,4.605527019821886,False,True,False,insufficient_reach,999.0,,1.04,0.18768861076517016,0.0,0.0,2.6717080159728543,71.17985457695097,,149
lat-0.6_h0.2_t6,-0.6,0.2,7.0,-0.3720606930262348,0.05,-14.872900391243927,-0.4747865283691493,2.667274288426075,False,True,False,insufficient_reach,999.0,,0.62,0.11710364542948754,0.0,0.0,2.572276219864428,58.630332207864754,,149
lat-0.6_h0.2_t7,-0.6,0.2,7.0,-0.9410918323306464,0.05,-8.932448786302837,0.4071741936656365,4.288003378190849,False,True,False,no_reaction,999.0,,nan,0.04426092047735387,0.0,0.0,1.944859292939505,58.398184248020804,,149
lat-0.6_h0.2_t8,-0.6,0.2,7.0,-0.14338537891654202,0.05,-8.7309107365985,-0.5366727510143581,4.349596341527736,False,True,False,insufficient_reach,999.0,,0.8200000000000001,0.08032712855765892,0.0,0.0,1.9596420106560861,64.7398528523486,,149
lat-0.6_h0.2_t9,-0.6,0.2,7.0,-0.8530212009280002,0.06250183220841471,-12.70103165303595,0.44443309138697934,3.0339928272358625,False,True,False,insufficient_reach,999.0,,0.72,0.07765474066229068,0.0,0.0,2.1598182533194143,86.4829331735568,,149
lat-0.6_h0.2_t10,-0.6,0.2,7.0,-0.65026015754946,0.05,-13.281427124403926,0.08924511642038697,3.0286975366316446,False,True,False,insufficient_reach,999.0,,0.7000000000000001,0.5401747629794751,0.0,0.0,4.133733427130635,87.34367088788922,,149
lat-0.6_h0.2_t11,-0.6,0.2,7.0,-1.0373467965446455,0.0625749813377644,-10.276343442178307,0.6315087666242936,3.5953574630580127,False,True,False,insufficient_reach,999.0,,0.68,0.23193639335116656,0.0,0.0,3.771139634146397,95.63559365987552,,149
lat-0.6_h0.2_t12,-0.6,0.2,7.0,-0.7526566737411573,0.05993333827490904,-10.154316958569952,0.21218453333955317,3.7235991644091144,False,True,False,no_reaction,999.0,,nan,0.04426092047735251,0.0,0.0,1.94485929293951,58.398184248020655,,149
lat-0.6_h0.2_t13,-0.6,0.2,7.0,-0.21786438571793987,0.05,-9.827255528743189,-0.5241970154534897,3.7814709539590776,False,True,False,insufficient_reach,999.0,,0.92,0.07670640728683738,0.0,0.0,2.114558672831004,75.97948729719225,,149
lat-0.6_h0.2_t14,-0.6,0.2,7.0,-0.605518868704907,0.0918203361527028,-8.494128475048873,0.006324424509492751,4.404209398196208,False,True,False,insufficient_reach,999.0,,0.88,0.22538173676846937,0.0,0.0,2.630942282993575,84.50079644209274,,149
lat-0.6_h0.2_t15,-0.6,0.2,7.0,-0.7617368946676516,0.05,-8.616515273579372,0.1936752075786574,4.27575392519194,False,True,False,insufficient_reach,999.0,,0.76,0.26304333148668924,0.0,0.0,4.372740721687511,95.77566266173906,,149
lat-0.6_h0.2_t16,-0.6,0.2,7.0,-0.9487531712650654,0.05,-11.738564889209785,0.5720042387217706,3.236618344406843,False,True,False,insufficient_reach,999.0,,0.76,0.05284974308631266,0.0,0.0,2.03220052733431,55.95979858324007,,149
lat-0.6_h0.2_t17,-0.6,0.2,7.0,-0.5766090886256335,0.05,-8.107268863965876,-0.02569386157300192,4.630131295524563,False,True,False,no_reaction,999.0,,nan,0.044260920477355914,0.0,0.0,1.9448592929394963,58.39818424802061,,149
lat-0.6_h0.2_t18,-0.6,0.2,7.0,-0.3921649027702313,0.05,-8.55695320245012,-0.24929584227944163,4.269165793344254,False,True,False,insufficient_reach,999.0,,0.8,0.11642820629736121,0.0,0.0,2.089104248688391,59.628631281083244,,149
lat-0.6_h0.2_t19,-0.6,0.2,7.0,-0.9342254598367242,0.07827925880011294,-10.877868909428795,0.495163218524827,3.4911110523628133,False,True,False,no_reaction,999.0,,nan,0.044260920477354415,0.0,0.0,1.9448592929395074,58.39818424802052,,149
lat-0.6_h0.2_t20,-0.6,0.2,7.0,-0.6882344584154915,0.05,-9.147772870492107,0.11009855606548886,4.118102056805993,False,True,False,insufficient_reach,999.0,,0.74,0.244682708645392,0.0,0.0,4.34179934404194,93.99036330600543,,149
lat-0.6_h0.2_t21,-0.6,0.2,7.0,-0.2935963827671605,0.05,-16.819522456717987,-0.7005691205497386,2.488233613215854,False,True,False,insufficient_reach,999.0,,0.58,0.11287838040525797,0.0,0.0,2.812088985223595,52.55843000728338,,149
lat-0.6_h0.2_t22,-0.6,0.2,7.0,-0.8413791651119612,0.05,-8.25987053296387,0.27688497885913405,4.4480810811771745,False,True,False,insufficient_reach,999.0,,1.36,0.099907174853489,0.0,0.0,1.9414485889346795,67.77643916406812,,149
lat-0.6_h0.2_t23,-0.6,0.2,7.0,-0.8951187258492874,0.05113203126081639,-8.61739376463305,0.3455516816033529,4.363427756022955,False,True,False,no_reaction,999.0,,nan,0.04426092047735314,0.0,0.0,1.9448592929395083,58.398184248020335,,149
lat-0.6_h0.2_t24,-0.6,0.2,7.0,-0.6487606558190119,0.09399586245635005,-7.827203509068185,0.052865844318820514,4.63904099359199,False,True,False,insufficient_reach,999.0,,0.76,0.19939529428274036,0.0,0.0,3.401391060779153,88.5098581081197,,149
lat-0.6_h0.2_t25,-0.6,0.2,7.0,-0.6360686231876672,0.06368808234462409,-17.133304200763906,0.08664084545350702,2.3693901112826086,False,True,False,insufficient_reach,999.0,,0.58,0.3150757578705017,0.0,0.0,3.13260379828912,80.11865484607208,,149
lat-0.6_h0.2_t26,-0.6,0.2,7.0,-0.44321989527570593,0.05,-10.23739053672524,-0.2243923122176857,3.641750464427076,False,True,False,insufficient_reach,999.0,,0.86,0.1915884116155383,0.0,0.0,2.957943030066225,76.82048360764648,,149
lat-0.6_h0.2_t27,-0.6,0.2,7.0,-0.8962335408723109,0.05,-8.761874855731278,0.34232123830342404,4.417962516829996,False,True,False,no_reaction,999.0,,nan,0.044260920477354124,0.0,0.0,1.9448592929395037,58.39818424802057,,149
lat-0.6_h0.2_t28,-0.6,0.2,7.0,-0.4654175824496962,0.05,-8.437467097177155,-0.15368330848255624,4.4666596187658225,False,True,False,no_reaction,999.0,,nan,0.04426092047735214,0.0,0.0,1.9448592929395077,58.39818424802027,,149
lat-0.6_h0.2_t29,-0.6,0.2,7.0,-0.942045177164652,0.05,-7.761954656994912,0.360406428266515,4.813162187969531,False,True,False,insufficient_reach,999.0,,1.0,0.19193612594694748,0.0,0.0,2.9248584741536043,80.8718919175704,,149
lat-0.6_h0.2_t30,-0.6,0.2,7.0,-0.19385674523423357,0.05,-12.759088611568169,-0.6883118926990867,3.1484423415219416,False,True,False,insufficient_reach,999.0,,0.7000000000000001,0.5479520937434562,0.0,0.0,3.853385492590673,88.41230716817498,,149
lat-0.6_h0.4_t1,-0.6,0.4,7.0,-0.9157751607619738,0.2575958840031482,-14.865003541368797,0.6518530448903079,2.6700781133722966,False,True,False,insufficient_reach,999.0,,0.86,0.20125116053275519,0.0,0.0,4.169757009138531,69.64712216701712,,149
lat-0.6_h0.4_t2,-0.6,0.4,7.0,-0.48470197493019795,0.05,-14.900711263585787,-0.23469735356683366,3.122092868986629,False,True,False,insufficient_reach,999.0,,0.64,0.6067648767577505,0.0,0.0,4.884733105873138,88.54248580802265,,149
lat-0.6_h0.4_t3,-0.6,0.4,7.0,-0.13287338474082955,0.0671043917100399,-8.334753000101063,-0.5295246803267448,4.704368503755232,False,True,False,no_reaction,999.0,,nan,0.04426092047735418,0.0,0.0,1.9448592929394952,58.398184248020506,,149
lat-0.6_h0.4_t4,-0.6,0.4,7.0,-0.934045104704215,0.25277110332185765,-9.262962369467882,0.41716424686253095,4.111551845999581,False,True,False,no_reaction,999.0,,nan,0.04426092047735397,0.0,0.0,1.9448592929394983,58.398184248020655,,149
lat-0.6_h0.4_t5,-0.6,0.4,7.0,-0.5402443163616174,0.11095984884907056,-14.288621745423278,-0.12015055779848673,3.020625000497518,False,True,False,insufficient_reach,999.0,,0.9400000000000001,0.13137629266762424,0.0,0.0,4.417798313223423,66.45761567313589,,149
lat-0.6_h0.4_t6,-0.6,0.4,7.0,-0.36850350965963763,0.05,-7.642954946218668,-0.2478138339140745,4.956699673940196,False,True,False,insufficient_reach,999.0,,0.8200000000000001,0.29973736643113047,0.0,0.0,3.772682726339143,92.83849839022024,,149
lat-0.6_h0.4_t7,-0.6,0.4,7.0,-0.38975720137668846,0.05,-8.267984965785054,-0.23584677013667626,4.765127925961639,False,True,False,insufficient_reach,999.0,,0.92,0.2290115314600203,0.0,0.0,2.347355502757448,88.02205297544998,,149
lat-0.6_h0.4_t8,-0.6,0.4,7.0,-0.7422017346745582,0.09768497890011998,-8.20803942379198,0.15924364947916417,4.718622818837961,False,True,False,insufficient_reach,999.0,,0.8,0.13944529130311475,0.0,0.0,2.5007343849806705,67.7920362102453,,149
lat-0.6_h0.4_t9,-0.6,0.4,7.0,-0.3879859796692192,0.23039128508323276,-11.95572110276619,-0.35269549735143957,3.2306695201814306,False,True,False,insufficient_reach,999.0,,0.92,0.11990684230524773,0.0,0.0,3.2499809687650156,80.70624724258751,,149
lat-0.6_h0.4_t10,-0.6,0.4,7.0,-0.7520585884178334,0.0801403915621651,-13.18379006889574,0.27955827961517926,3.256008384988197,False,True,False,insufficient_reach,999.0,,0.66,0.2965522989117195,0.0,0.0,2.9229496508988198,79.38203046884021,,149
lat-0.6_h0.4_t11,-0.6,0.4,7.0,-0.7476250533903456,0.236579021233904,-9.372165911637941,0.18670442770025739,4.085009200257142,False,True,False,no_reaction,999.0,,nan,0.044260920477355956,0.0,0.0,1.9448592929394983,58.398184248020584,,149
lat-0.6_h0.4_t12,-0.6,0.4,7.0,-0.9737352584354972,0.17047102483017362,-7.5112397613861885,0.37848027977911297,5.075948955829391,False,True,False,insufficient_reach,999.0,,0.92,0.36678572961315997,0.0,0.0,3.452810692968645,87.2325841745253,,149
lat-0.6_h0.4_t13,-0.6,0.4,7.0,-0.9251185628240406,0.2422949035623146,-8.788929459000991,0.4004927783121227,4.176127768777814,False,True,False,insufficient_reach,999.0,,0.86,0.35489011932283077,0.0,0.0,2.635818659240662,92.58744795010718,,149
lat-0.6_h0.4_t14,-0.6,0.4,7.0,-0.4571180899412923,0.17766022940393245,-8.024207543489725,-0.158366218520485,4.67184706791853,False,True,False,insufficient_reach,999.0,,0.78,0.16074466210914812,0.0,0.0,2.325613926704274,66.14317431696594,,149
lat-0.6_h0.4_t15,-0.6,0.4,7.0,-1.0668106454375739,0.05,-12.35680755556337,0.8004484340177416,3.4606804848313883,False,True,False,insufficient_reach,999.0,,0.62,0.1810057439526661,0.0,0.0,3.3728864539487153,86.02368696255272,,149
lat-0.6_h0.4_t16,-0.6,0.4,7.0,-0.3339352234646974,0.21537893730131952,-7.825271155924287,-0.2762923194200484,4.915148985976415,False,True,False,insufficient_reach,999.0,,0.72,0.23540149283628772,0.0,0.0,3.662137514159939,98.49829144918296,,149
lat-0.6_h0.4_t17,-0.6,0.4,7.0,-0.42926768809416593,0.124176252392176,-13.581402802989805,-0.3069774759332656,3.2239565787205993,False,True,False,insufficient_reach,999.0,,0.88,0.23133747260868873,0.0,0.0,4.217911292120426,75.31235974878393,,149
lat-0.6_h0.4_t18,-0.6,0.4,7.0,-0.23543639047733,0.11865928807511542,-10.969490516681017,-0.5455633461893652,3.6987061368337946,False,True,False,insufficient_reach,999.0,,1.34,0.08709493950467925,0.0,0.0,2.1987690387584578,61.679884324276074,,149
lat-0.6_h0.4_t19,-0.6,0.4,7.0,-0.6774515716880554,0.05,-7.2563675020147596,0.07854490123149543,5.191664071454482,False,True,False,no_reaction,999.0,,nan,0.0442609204773529,0.0,0.0,1.9448592929394963,58.39818424802056,,149
lat-0.6_h0.4_t20,-0.6,0.4,7.0,-0.2416583232008791,0.05,-7.614292101695445,-0.37686618304381825,5.031992575610363,False,True,False,insufficient_reach,999.0,,0.98,0.19877289283230462,0.0,0.0,2.763677894253428,82.22682506718385,,149
lat-0.6_h0.4_t21,-0.6,0.4,7.0,-1.0819934443995454,0.2851241428296104,-8.801800303356112,0.5654696971099225,4.315681043416597,False,True,False,insufficient_reach,999.0,,1.36,0.09477641913762387,0.0,0.0,2.5010321496990944,77.79822278213261,,149
lat-0.6_h0.4_t22,-0.6,0.4,7.0,-0.81847880158507,0.24910153582645123,-12.89300653467801,0.37484525216590064,3.1177797783761703,False,True,False,insufficient_reach,999.0,,0.56,0.16005184909389805,0.0,0.0,1.8319270629075775,64.71069625645,,149
lat-0.6_h0.4_t23,-0.6,0.4,7.0,-1.0034655298045592,0.05,-8.964054216150739,0.49070766751606937,4.458629013684876,False,True,False,insufficient_reach,999.0,,0.9,0.1465399583511228,0.0,0.0,2.6046416534524552,73.62163717045843,,149
lat-0.6_h0.4_t24,-0.6,0.4,7.0,-0.5016425157022412,0.05,-10.64296206521199,-0.144375674175602,3.855337461238482,False,True,False,insufficient_reach,999.0,,0.8200000000000001,0.08170878921684252,0.0,0.0,1.9961482395023755,59.34517130356073,,149
lat-0.6_h0.4_t25,-0.6,0.4,7.0,-0.19710500480801274,0.2409055497564726,-8.421725204555116,-0.4762825548364858,4.337291181520476,False,True,False,no_reaction,999.0,,nan,0.04426092047735495,0.0,0.0,1.9448592929395059,58.39818424802081,,149
lat-0.6_h0.4_t26,-0.6,0.4,7.0,-0.9146698204712855,0.05,-9.98256700979522,0.4162668445324417,4.170855112697113,False,True,False,no_reaction,999.0,,nan,0.04426092047735184,0.0,0.0,1.9448592929394974,58.39818424802057,,149
lat-0.6_h0.4_t27,-0.6,0.4,7.0,-0.5171931649165104,0.298175006476524,-8.117889652849383,-0.09444781468254607,4.416583418838727,False,True,False,insufficient_reach,999.0,,0.72,0.09857983632970779,0.0,0.0,2.0681591244246706,56.645933455095616,,149
lat-0.6_h0.4_t28,-0.6,0.4,7.0,-0.26862648561429014,0.13959140327088426,-10.00441361229666,-0.46484592807107883,3.8619120404946274,False,True,False,insufficient_reach,999.0,,0.66,0.165791052997604,0.0,0.0,2.4857958055065805,72.22486681328974,,149
lat-0.6_h0.4_t29,-0.6,0.4,7.0,-0.43079973706192154,0.23171471972670227,-16.556159287547448,-0.37079757669384883,2.607014407373519,False,True,False,insufficient_reach,999.0,,0.86,0.12515353500212456,0.0,0.0,2.6118025456416087,64.0436144621792,,149
lat-0.6_h0.4_t30,-0.6,0.4,7.0,-1.0177929362882183,0.26427063177405585,-17.941438714762192,1.0065233872110082,2.362984389780745,False,True,False,insufficient_reach,999.0,,0.84,0.13250768808986918,0.0,0.0,2.8825635034287234,60.54463690042045,,149
lat-0.6_h0.8_t1,-0.6,0.8,7.0,-0.9351753246532379,0.368232764622836,-15.067757326406138,0.6946433484811135,3.261560387949996,False,True,False,insufficient_reach,999.0,,0.58,0.20330234740970854,0.0,0.0,2.7741503108647243,70.27931643214939,,149
lat-0.6_h0.8_t2,-0.6,0.8,7.0,-0.4603944388223181,0.5705705449353569,-11.233496718180804,-0.2092573623585406,3.6162553696796613,False,True,False,no_reaction,999.0,,nan,0.04426092047735579,0.0,0.0,1.94485929293949,58.39818424802048,,149
lat-0.6_h0.8_t3,-0.6,0.8,7.0,-0.12923379352521702,0.4050702570394607,-13.863510213528896,-0.8709656150524179,3.3818652306969583,False,True,False,insufficient_reach,999.0,,0.6,0.1772603158618214,0.0,0.0,3.702569982384418,69.01551894514313,,149
lat-0.6_h0.8_t4,-0.6,0.8,7.0,-0.8310410541735289,0.46278876385370554,-11.103547047136521,0.33790861362837366,3.846923854490608,False,True,False,no_reaction,999.0,,nan,0.04426092047735451,0.0,0.0,1.9448592929394974,58.39818424802047,,149
lat-0.6_h0.8_t5,-0.6,0.8,7.0,-0.49592832292878075,0.6629520658851389,-17.722057394584862,-0.25904417793685686,2.3117217776297236,False,True,False,insufficient_reach,999.0,,0.54,0.18568259678654125,0.0,0.0,2.45225220818428,63.1692302858472,,149
lat-0.6_h0.8_t6,-0.6,0.8,7.0,-0.6270286539044898,0.5490078782918981,-10.744196417513523,0.0396439512972972,3.7122954025281025,False,True,False,insufficient_reach,999.0,,0.7000000000000001,0.2923169288926166,0.0,0.0,3.580176680011299,75.76419107999602,,149
lat-0.6_h0.8_t7,-0.6,0.8,7.0,-0.5091325587289585,0.5148029953405433,-10.975847443240536,-0.13593124850400884,3.7055332348498218,False,True,False,insufficient_reach,999.0,,0.68,0.2770721095947499,0.0,0.0,3.556665883086018,75.99055870523247,,149
lat-0.6_h0.8_t8,-0.6,0.8,7.0,-0.25607538738827595,0.41396320861238434,-17.492882384490652,-0.8003866038274025,3.006059948379332,False,True,False,insufficient_reach,999.0,,1.32,0.17936568547918041,0.0,0.0,2.476122170926886,75.14771623507899,,149
lat-0.6_h0.8_t9,-0.6,0.8,7.0,-0.7032031529136835,0.3177551088683418,-10.871669214882411,0.15563196936443388,3.9798516130484303,False,True,False,insufficient_reach,999.0,,0.7000000000000001,0.28942548797406253,0.0,0.0,3.3072594437190057,77.52832759821182,,149
lat-0.6_h0.8_t10,-0.6,0.8,7.0,-0.28179333125175243,0.5126397858417724,-8.137309473051936,-0.3575318447390389,4.6883689117167915,False,True,False,insufficient_reach,999.0,,0.86,0.12308501153746337,0.0,0.0,1.9345249702799874,74.98110023717582,,149
lat-0.6_h0.8_t11,-0.6,0.8,7.0,-0.4245797924529108,0.3179414272094274,-9.55180873132018,-0.23550517746890992,4.300749614453171,False,True,False,insufficient_reach,999.0,,1.52,0.20066271569505983,0.0,0.0,2.363961601505199,85.62600832117505,,149
lat-0.6_h0.8_t12,-0.6,0.8,7.0,-0.7101276470584559,0.5919441235393914,-7.500189885028386,0.11499708156149989,4.914558094475688,False,True,False,insufficient_reach,999.0,,0.78,0.26399388487376124,0.0,0.0,3.7676169169402174,89.65891674293283,,149
lat-0.6_h0.8_t13,-0.6,0.8,7.0,-0.4253921470837838,0.418691056441636,-9.00746904673086,-0.21756203952017686,4.411697636555016,False,True,False,insufficient_reach,999.0,,0.8,0.24516449513565922,0.0,0.0,2.9779772413808288,79.35403418378937,,149
lat-0.6_h0.8_t14,-0.6,0.8,7.0,-0.23711949708758762,0.30084153727035334,-7.672299698371776,-0.37317265068611694,5.28303526966012,False,True,False,insufficient_reach,999.0,,0.74,0.2228855463845967,0.0,0.0,4.203134219387192,95.93662005081438,,149
lat-0.6_h0.8_t15,-0.6,0.8,7.0,-0.22840227271176938,0.4026776913240183,-7.931227257140033,-0.4139199981794894,4.846050601619583,False,True,False,no_reaction,999.0,,nan,0.04426092047735478,0.0,0.0,1.9448592929395012,58.39818424802077,,149
lat-0.6_h0.8_t16,-0.6,0.8,7.0,-1.0077152079267426,0.5385286075441473,-8.442652936672955,0.4632006588730288,4.614499115062993,False,True,False,no_reaction,999.0,,nan,0.044260920477353374,0.0,0.0,1.9448592929395094,58.39818424802041,,149
lat-0.6_h0.8_t17,-0.6,0.8,7.0,-0.7789189029129499,0.5999403057745865,-7.766619962339112,0.1903002345521458,4.824431319016704,False,True,False,no_reaction,999.0,,nan,0.04426092047735255,0.0,0.0,1.9448592929394934,58.39818424802107,,149
lat-0.6_h0.8_t18,-0.6,0.8,7.0,-0.21196093563988216,0.539476960927639,-9.424430178123725,-0.4926493601159164,4.194217712361578,False,True,False,insufficient_reach,999.0,,0.62,0.2588024724503557,0.0,0.0,4.121819722905963,96.73668718850813,,149
lat-0.6_h0.8_t19,-0.6,0.8,7.0,-0.9456784347169206,0.3687393925308378,-14.80970660804473,0.7152123543389607,3.26298109267777,False,True,False,insufficient_reach,999.0,,0.62,0.09631877533415446,0.0,0.0,1.8319270629075788,67.69271310488446,,149
lat-0.6_h0.8_t20,-0.6,0.8,7.0,-0.27098226745450893,0.6965052906934532,-8.72021532376151,-0.38955969101093546,4.265246403320133,False,True,False,insufficient_reach,999.0,,0.7000000000000001,0.20100883314675683,0.0,0.0,2.221209639408746,76.65453185857008,,149
lat-0.6_h0.8_t21,-0.6,0.8,7.0,-0.6511469283252918,0.3337569522178169,-9.016992326946593,0.06260874784260549,4.577765052459111,False,True,False,no_reaction,999.0,,nan,0.044260920477352056,0.0,0.0,1.9448592929395017,58.39818424802082,,149
lat-0.6_h0.8_t22,-0.6,0.8,7.0,-0.8839486349883128,0.48664311387888637,-7.931681371373385,0.3001314902172059,4.9717420181057,False,True,False,no_reaction,999.0,,nan,0.04426092047735384,0.0,0.0,1.9448592929395077,58.39818424802085,,149
lat-0.6_h0.8_t23,-0.6,0.8,7.0,-0.24815876312605234,0.4615591456680495,-16.560370901649648,-0.798857142825112,2.928744257506625,False,True,False,insufficient_reach,999.0,,1.08,0.10809281786610345,0.0,0.0,2.632423159264735,54.2982779899998,,149
lat-0.6_h0.8_t24,-0.6,0.8,7.0,-0.5097144570468403,0.3905116432856927,-10.379954791416315,-0.12444242151775779,4.12308487405579,False,True,False,insufficient_reach,999.0,,0.7000000000000001,0.2830001521760583,0.0,0.0,3.192875478973112,80.74441771704144,,149
lat-0.6_h0.8_t25,-0.6,0.8,7.0,-0.34064897424738694,0.3395494470562541,-11.028084946797271,-0.3870483249392767,3.9738767703862687,False,True,False,insufficient_reach,999.0,,0.72,0.25617892982211377,0.0,0.0,3.4016559382573024,84.33758444174359,,149
lat-0.6_h0.8_t26,-0.6,0.8,7.0,-1.0725796900273423,0.4571896901381165,-17.8823753241494,1.160029791729373,2.839715528239328,False,True,False,insufficient_reach,999.0,,0.56,0.18212594677674165,0.0,0.0,3.284342950212958,68.16738955326186,,149
lat-0.6_h0.8_t27,-0.6,0.8,7.0,-0.4542594899043877,0.31791138020186727,-10.159440517474621,-0.20613676026347633,4.149749038603012,False,True,False,insufficient_reach,999.0,,0.74,0.2933671061767531,0.0,0.0,3.229356599171118,84.82279881872881,,149
lat-0.6_h0.8_t28,-0.6,0.8,7.0,-0.582760618285668,0.45156411122352574,-7.510314667560103,-0.017809524056123953,5.107933960247305,False,True,False,insufficient_reach,999.0,,0.84,0.0731330340897722,0.0,0.0,2.0118766290485617,62.97681298548543,,149
lat-0.6_h0.8_t29,-0.6,0.8,7.0,-0.5040111578165182,0.34050396584606357,-11.869464660705413,-0.15199538817635358,3.8252265420241467,False,True,False,insufficient_reach,999.0,,0.66,0.2491123715655188,0.0,0.0,3.6680576110908225,77.21463677023632,,149
lat-0.6_h0.8_t30,-0.6,0.8,7.0,-0.5197784812149706,0.5238753779351759,-10.465246016894138,-0.11162789126535959,3.909210369580177,False,True,False,insufficient_reach,999.0,,0.7000000000000001,0.2706790329044933,0.0,0.0,3.175141300509593,80.96853241960527,,149
lat-0.6_h1.2_t1,-0.6,1.2,7.0,-0.8715132532452292,1.090980847196147,-15.159417475712333,0.542575257626966,2.6723968128774835,False,True,False,insufficient_reach,999.0,,0.54,0.24455690151246712,0.0,0.0,2.5917157592934625,70.95429511614691,,149
lat-0.6_h1.2_t2,-0.6,1.2,7.0,-0.89113592929426,1.0702549320101342,-14.84952373703431,0.60467704388066,2.6311021985646423,False,True,False,insufficient_reach,999.0,,0.54,0.1482499791340601,0.0,0.0,2.6749183669594423,71.61950556841096,,149
lat-0.6_h1.2_t3,-0.6,1.2,7.0,-0.9529381494334116,0.8951404788769625,-11.387183794135558,0.5538364856483461,3.60415374342444,False,True,False,insufficient_reach,999.0,,0.66,0.3954809973532439,0.0,0.0,3.404680845844701,81.88288904057556,,149
lat-0.6_h1.2_t4,-0.6,1.2,7.0,-0.7251964322182036,0.8896025713932623,-8.083095910205214,0.13890833176178843,4.765211448375979,False,True,False,insufficient_reach,999.0,,0.84,0.22056626055780176,0.0,0.0,4.1065771100089785,76.91421214964737,,149
lat-0.6_h1.2_t5,-0.6,1.2,7.0,-1.0117982962101293,0.9427509366307719,-7.395507299272858,0.41307271482698904,5.1479122032696925,False,True,False,no_reaction,999.0,,nan,0.044260920477354596,0.0,0.0,1.944859292939502,58.3981842480206,,149
lat-0.6_h1.2_t6,-0.6,1.2,7.0,-0.3264611084654361,1.0920435969655067,-18.12242975208834,-0.6535196888963892,2.3109712579217176,False,True,False,insufficient_reach,999.0,,0.56,0.17999152557822087,0.0,0.0,2.1858954897993956,66.89073368546559,,149
lat-0.6_h1.2_t7,-0.6,1.2,7.0,-0.8530925733324144,1.035419685961131,-9.98696510734182,0.3518328817806436,3.7572227933164837,False,True,False,insufficient_reach,999.0,,0.72,0.29873334798719253,0.0,0.0,3.4385253636825706,82.55669943452828,,149
lat-0.6_h1.2_t8,-0.6,1.2,7.0,-0.9228290747281345,0.9029785464478968,-8.318935946022172,0.36026452773359224,4.726780707220063,False,True,False,insufficient_reach,999.0,,0.7000000000000001,0.29956027663485324,0.0,0.0,3.1610268429467685,84.37782240932432,,149
lat-0.6_h1.2_t9,-0.6,1.2,7.0,-0.5551723424548132,0.7660968201770412,-13.891005701716756,-0.08285731503503162,3.4557205710869083,False,True,False,insufficient_reach,999.0,,0.54,0.1332707819523354,0.0,0.0,1.8319270629075775,53.11220597144825,,149
lat-0.6_h1.2_t10,-0.6,1.2,7.0,-0.2832430698804719,0.7829236012750231,-7.176493075327669,-0.3168113321715042,5.321305755975423,False,True,False,no_reaction,999.0,,nan,0.04426092047735516,0.0,0.0,1.944859292939497,58.39818424802059,,149
lat-0.6_h1.2_t11,-0.6,1.2,7.0,-0.7741768824355502,1.0170085567851677,-8.623577384512533,0.20716925951032836,4.34151629161269,False,True,False,insufficient_reach,999.0,,0.8,0.2878258733584973,0.0,0.0,3.0975608250831863,79.85972552853852,,149
lat-0.6_h1.2_t12,-0.6,1.2,7.0,-0.24744221809844646,0.9843538866729276,-8.555838568879654,-0.4204670756770752,4.3699810899669,False,True,False,no_reaction,999.0,,nan,0.048830218229373425,0.0,0.0,2.06476280484722,52.90514129712836,,149
lat-0.6_h1.2_t13,-0.6,1.2,7.0,-0.5008794149596748,0.8413842962187129,-15.427922014510566,-0.20674956493789992,3.0995864708017695,False,True,False,insufficient_reach,999.0,,0.56,0.1442593785738368,0.0,0.0,3.2120856248363174,70.51027937307686,,149
lat-0.6_h1.2_t14,-0.6,1.2,7.0,-0.550677520596826,0.7230964207476694,-17.675320586970084,-0.11665981527221848,3.2017741995048485,False,True,False,insufficient_reach,999.0,,0.56,0.10145150107878369,0.0,0.0,2.3540926588808166,55.945846817722135,,149
lat-0.6_h1.2_t15,-0.6,1.2,7.0,-0.1303922731519046,1.0796448572357762,-10.465449905328786,-0.6905292797407343,3.5127144884455705,False,True,False,insufficient_reach,999.0,,0.72,0.08518740905034682,0.0,0.0,2.940841294040477,81.288400178735,,149
lat-0.6_h1.2_t16,-0.6,1.2,7.0,-0.6080688998942709,0.8209789913157519,-16.39029816867157,0.01768706451344359,3.06849367362988,False,True,False,insufficient_reach,999.0,,0.54,0.14354791813189854,0.0,0.0,3.0449373054099778,69.1816649600579,,149
lat-0.6_h1.2_t17,-0.6,1.2,7.0,-0.6587762863446734,0.9423021212556226,-10.345763930737037,0.08238128545010671,3.860744406908111,False,True,False,no_reaction,999.0,,nan,0.044260920477355414,0.0,0.0,1.9448592929395088,58.3981842480208,,149
lat-0.6_h1.2_t18,-0.6,1.2,7.0,-0.20554744317576779,0.8823917103039747,-12.088324363782672,-0.6389335432928448,3.5426163177058476,False,True,False,insufficient_reach,999.0,,0.74,0.20399775580737403,0.0,0.0,3.020150100642188,65.54637460978543,,149
lat-0.6_h1.2_t19,-0.6,1.2,7.0,-0.293410657673723,0.890593353511317,-9.714952017139003,-0.4027339384428202,4.140465020350325,False,True,False,insufficient_reach,999.0,,0.76,0.08505502491180374,0.0,0.0,2.2879676855134545,83.2594773915914,,149
lat-0.6_h1.2_t20,-0.6,1.2,7.0,-0.45980168844037617,0.8193739649447506,-16.299889783998633,-0.3217897655913329,3.0106556236949373,False,True,False,insufficient_reach,999.0,,0.56,0.08518194653023782,0.0,0.0,2.7949943371376054,62.384708729054964,,149
lat-0.6_h1.2_t21,-0.6,1.2,7.0,-1.0692099503395522,1.0886132169562355,-12.310574271822494,0.7991456747384139,3.069629943441667,False,True,False,no_reaction,999.0,,nan,0.0442609204773533,0.0,0.0,1.9448592929395043,58.39818424802064,,149
lat-0.6_h1.2_t22,-0.6,1.2,7.0,-0.1707426019927707,0.7122197828373519,-8.901879142745479,-0.5107666313240619,4.702651605344334,False,True,False,insufficient_reach,999.0,,0.66,0.12201676310218186,0.0,0.0,2.402136133924371,67.22801244779174,,149
lat-0.6_h1.2_t23,-0.6,1.2,7.0,-0.4555297228789663,1.027919121993891,-10.35306765660523,-0.20167956923824232,3.7538504390905105,False,True,False,insufficient_reach,999.0,,0.6,0.2764072667572532,0.0,0.0,4.3812926224765825,87.51653286390227,,149
lat-0.6_h1.2_t24,-0.6,1.2,7.0,-0.30660598569465225,1.0962184131080532,-8.76877796064709,-0.34934899312898243,4.242944064044015,False,True,False,insufficient_reach,999.0,,0.8,0.19239845760086047,0.0,0.0,3.4534891161223356,79.1373281655227,,149
lat-0.6_h1.2_t25,-0.6,1.2,7.0,-1.097682452095186,0.7176647744711324,-7.1679209456913835,0.4992855657108087,5.373139855419989,False,True,False,no_reaction,999.0,,nan,0.044260920477353756,0.0,0.0,1.9448592929395148,58.39818424802047,,149
lat-0.6_h1.2_t26,-0.6,1.2,7.0,-1.0943341854704327,1.0748364113835178,-9.14981919063548,0.6339700123044372,3.9851621950393215,False,True,False,insufficient_reach,999.0,,0.76,0.1327836724171528,0.0,0.0,4.160034469081368,91.11761782332631,,149
lat-0.6_h1.2_t27,-0.6,1.2,7.0,-0.48639588576254156,0.7354418855878715,-8.75099116300263,-0.13214858309057254,4.757070680392408,False,True,False,insufficient_reach,999.0,,0.8,0.33737351139593563,0.0,0.0,4.336614666011672,79.65103624082055,,149
lat-0.6_h1.2_t28,-0.6,1.2,7.0,-0.6928935108743723,0.7264039376560966,-16.354549014092843,0.2080064352312523,3.2509946529507543,False,True,False,insufficient_reach,999.0,,0.54,0.13161508093942123,0.0,0.0,2.915857083752289,68.26565953154474,,149
lat-0.6_h1.2_t29,-0.6,1.2,7.0,-0.1523119740355292,0.7289265901031754,-16.08258883587474,-0.959470896821929,3.2982571209050056,False,True,False,insufficient_reach,999.0,,0.56,0.10751279743135679,0.0,0.0,3.089366088991447,71.11773803540892,,149
lat-0.6_h1.2_t30,-0.6,1.2,7.0,-1.0231379247238364,0.900249707228167,-10.160218471449584,0.5930072464565918,3.9200284060044734,False,True,False,no_reaction,999.0,,nan,0.044260920477352826,0.0,0.0,1.9448592929395003,58.398184248020485,,149
lat-0.6_h1.6_t1,-0.6,1.6,7.0,-1.0270981646320965,1.2611493130530549,-8.644339338059897,0.5181646189712782,4.454056396090167,False,True,False,no_reaction,999.0,,nan,0.04426092047735507,0.0,0.0,1.9448592929395085,58.398184248020776,,149
lat-0.6_h1.6_t2,-0.6,1.6,7.0,-0.29651725670311535,1.4716912214527416,-13.422490923248366,-0.5625983152718343,2.88376672443052,False,True,False,insufficient_reach,999.0,,0.54,0.11981238088582437,0.0,0.0,2.465039735651187,60.479706591000436,,149
lat-0.6_h1.6_t3,-0.6,1.6,7.0,-0.6235630136562084,1.1904115991264,-7.694187587840072,0.024969638243273397,5.062723989683077,False,True,False,no_reaction,999.0,,nan,0.044260920477355026,0.0,0.0,1.9448592929395003,58.39818424802057,,149
lat-0.6_h1.6_t4,-0.6,1.6,7.0,-0.7421859158864511,1.3591269783962114,-7.496284674536243,0.14400197241006363,5.0870909720613,False,True,False,no_reaction,999.0,,nan,0.04426092047735466,0.0,0.0,1.9448592929394946,58.39818424802053,,149
lat-0.6_h1.6_t5,-0.6,1.6,7.0,-0.6506502579603579,1.3343459153814077,-7.877815938655823,0.05427615196823704,4.861995105280242,False,True,False,no_reaction,999.0,,nan,0.044260920477354346,0.0,0.0,1.9448592929395025,58.39818424802048,,149
lat-0.6_h1.6_t6,-0.6,1.6,7.0,-0.8580683196844704,1.385581053002636,-16.795053742094574,0.582460898349495,2.6571803433831738,False,True,False,insufficient_reach,999.0,,0.52,0.3309323845097965,0.0,0.0,2.804094126359461,74.99504342258311,,149
lat-0.6_h1.6_t7,-0.6,1.6,7.0,-0.5798301076892488,1.1571503845357647,-8.359540569336763,-0.022858637111549243,4.829933512038251,False,True,False,insufficient_reach,999.0,,0.96,0.1516654248332375,0.0,0.0,2.123270710679253,79.23042496058923,,149
lat-0.6_h1.6_t8,-0.6,1.6,7.0,-0.8157259070724833,1.1535313451998772,-13.055707182129288,0.38327721889980465,3.5539924564004424,False,True,False,no_reaction,999.0,,nan,0.04426092047735592,0.0,0.0,1.9448592929394997,58.398184248020485,,149
lat-0.6_h1.6_t9,-0.6,1.6,7.0,-0.7824132047388833,1.1000538772017943,-17.27770706942394,0.42166789935964494,3.2775788437530267,False,True,False,insufficient_reach,999.0,,0.54,0.10547946508311204,0.0,0.0,2.635221907751769,57.85139964358124,,149
lat-0.6_h1.6_t10,-0.6,1.6,7.0,-0.3930235125442838,1.1250758486487464,-16.907022537195886,-0.4834643755872383,3.209232953624257,False,True,False,insufficient_reach,999.0,,0.54,0.20223685636531163,0.0,0.0,2.163588538957717,75.25186793736336,,149
lat-0.6_h1.6_t11,-0.6,1.6,7.0,-0.35909594384792853,1.2265080598917228,-17.955646067607645,-0.5988289201391966,2.901652200100724,False,True,False,insufficient_reach,999.0,,0.54,0.2981044067965021,0.0,0.0,2.415897762022837,65.47985129460338,,149
lat-0.6_h1.6_t12,-0.6,1.6,7.0,-0.25728809783944506,1.2253391670340572,-11.742773587476453,-0.5562237588374883,3.630245514860195,False,True,False,insufficient_reach,999.0,,0.68,0.21175138328442802,0.0,0.0,2.7179827808935992,83.89110537881135,,149
lat-0.6_h1.6_t13,-0.6,1.6,7.0,-0.19005685614560797,1.2509272215852771,-7.824539087407855,-0.43838406080050335,4.960070370919065,False,True,False,insufficient_reach,999.0,,1.36,0.0556555634336911,0.0,0.0,1.896602164518226,57.62654635264495,,149
lat-0.6_h1.6_t14,-0.6,1.6,7.0,-0.6061859595430713,1.255059522182259,-16.410804664734727,0.013638267259277902,2.9852739287950896,False,True,False,insufficient_reach,999.0,,0.66,0.3776642634489208,0.0,0.0,3.3094898602702894,106.27420169932073,,149
lat-0.6_h1.6_t15,-0.6,1.6,7.0,-0.9330469112528013,1.3852184202537274,-8.636821740360952,0.40501172056254703,4.2946430252828,False,True,False,insufficient_reach,999.0,,0.8,0.34705763421222724,0.0,0.0,2.895060713004843,86.49691904102602,,149
lat-0.6_h1.6_t16,-0.6,1.6,7.0,-0.14922729226866194,1.3810162006139228,-7.636077218688111,-0.46014658241912326,5.028615402404593,False,True,False,insufficient_reach,999.0,,0.8200000000000001,0.3548484450862031,0.0,0.0,3.0776568861598674,74.61996909650182,,149
lat-0.6_h1.6_t17,-0.6,1.6,7.0,-0.45585077852408407,1.1192744049573184,-16.171427955375904,-0.311190249089051,3.309882414758731,False,True,False,insufficient_reach,999.0,,0.56,0.30599886455459185,0.0,0.0,3.0188695850920544,67.93855980110501,,149
lat-0.6_h1.6_t18,-0.6,1.6,7.0,-0.6672708639802953,1.2830798420637177,-7.545788239410523,0.06906093095638094,5.103215209832408,False,True,False,insufficient_reach,999.0,,0.78,0.32234055993857974,0.0,0.0,3.135960159826266,68.54801501376745,,149
lat-0.6_h1.6_t19,-0.6,1.6,7.0,-0.24104331457937045,1.1744092000022663,-8.23385629543965,-0.41619692676008097,4.723864063968454,False,True,False,insufficient_reach,999.0,,0.72,0.2742373102442055,0.0,0.0,2.4404755346975935,69.37524094508639,,149
lat-0.6_h1.6_t20,-0.6,1.6,7.0,-0.7288383852142581,1.4479052706726843,-11.485871978160457,0.1983720556299179,3.41987181988251,False,True,False,insufficient_reach,999.0,,1.62,0.05553029771677432,0.0,0.0,2.0892494740199785,58.016874132127384,,149
lat-0.6_h1.6_t21,-0.6,1.6,7.0,-0.3459769650716177,1.1143754699686212,-9.507804977102873,-0.32210759228622526,4.4840039710236,False,True,False,insufficient_reach,999.0,,0.64,0.1519683150204374,0.0,0.0,3.421228352845986,83.40095800580805,,149
lat-0.6_h1.6_t22,-0.6,1.6,7.0,-0.36290344956794873,1.489836724534132,-7.473113068914715,-0.24736610817834812,4.816300743956068,False,True,False,no_reaction,999.0,,nan,0.04426092047735602,0.0,0.0,1.9448592929395154,58.398184248020684,,149
lat-0.6_h1.6_t23,-0.6,1.6,7.0,-0.5208247446252778,1.13413653459373,-9.06206487315981,-0.09782980102922306,4.545322522192387,False,True,False,insufficient_reach,999.0,,0.78,0.6052923952411484,0.0,0.0,3.501607329513789,89.47102642976827,,149
lat-0.6_h1.6_t24,-0.6,1.6,7.0,-0.3179846650670327,1.317522291146495,-9.388160212667744,-0.3524663003378539,4.2776327630604305,False,True,False,no_reaction,999.0,,nan,0.04426092047735271,0.0,0.0,1.9448592929395023,58.39818424802063,,149
lat-0.6_h1.6_t25,-0.6,1.6,7.0,-0.18893129723261637,1.435306143818282,-8.883744519151469,-0.5057273829828461,4.189533465890509,False,True,False,insufficient_reach,999.0,,0.78,0.6079858327517532,0.0,0.0,3.971319388805779,85.44035908446108,,149
lat-0.6_h1.6_t26,-0.6,1.6,7.0,-0.363799574939238,1.2320971117345623,-7.34102477407842,-0.24367954147743393,5.134005916376678,False,True,False,no_reaction,999.0,,nan,0.04426092047735429,0.0,0.0,1.9448592929395092,58.39818424802058,,149
lat-0.6_h1.6_t27,-0.6,1.6,7.0,-0.22235298034921858,1.116662727353073,-13.325642944740014,-0.6743635147503754,3.609919488298156,False,True,False,insufficient_reach,999.0,,0.6,0.37556639074438597,0.0,0.0,3.030342793794605,86.07641465074427,,149
lat-0.6_h1.6_t28,-0.6,1.6,7.0,-0.8327473702064047,1.187922139529276,-8.54628418043116,0.2714617778548192,4.686096974487902,False,True,False,no_reaction,999.0,,nan,0.04426092047735476,0.0,0.0,1.9448592929394963,58.39818424802039,,149
lat-0.6_h1.6_t29,-0.6,1.6,7.0,-1.0236150550085439,1.2530321294282543,-8.080342998008376,0.4633330096189692,4.864031714737492,False,True,False,insufficient_reach,999.0,,0.84,0.5400067125647838,0.0,0.0,4.406822499970143,91.13059704792974,,149
lat-0.6_h1.6_t30,-0.6,1.6,7.0,-0.7679006346068635,1.236721482196873,-14.375497585883718,0.3298355245647229,3.2105076794490324,False,True,False,insufficient_reach,999.0,,0.92,0.05001123961885525,0.0,0.0,1.8319270629075788,61.410523043002144,,149
lat-0.3_h0.05_t1,-0.3,0.05,7.0,-0.2293503761190651,0.05,-13.897964904314655,-0.132313065333085,2.6190641435417934,False,True,False,insufficient_reach,999.0,,0.8,0.32180860425303304,0.0,0.0,3.4267167373889,91.7155234804268,,149
lat-0.3_h0.05_t2,-0.3,0.05,7.0,-0.12441990804974018,0.05,-10.342010076992391,-0.24084095221401605,3.5758883325238098,False,True,False,insufficient_reach,999.0,,0.96,0.1138351736178462,0.0,0.0,2.501408759062188,79.46695872475952,,149
lat-0.3_h0.05_t3,-0.3,0.05,7.0,-0.5929050818234287,0.05,-9.487608425188524,0.3835402746078155,3.7458893405992315,False,True,False,insufficient_reach,999.0,,1.46,0.1564794779053397,0.0,0.0,2.8715531900409896,71.96928143187115,,149
lat-0.3_h0.05_t4,-0.3,0.05,7.0,-0.19670819428505698,0.05,-9.162160666278739,-0.12503831140065247,4.051928575781708,False,True,False,no_reaction,999.0,,nan,0.04426092047735198,0.0,0.0,1.9448592929395119,58.39818424802064,,149
lat-0.3_h0.05_t5,-0.3,0.05,7.0,0.19020889358762144,0.05,-9.204531820741506,-0.610482970869435,3.9386432345899656,False,True,False,no_reaction,999.0,,nan,0.04426092047735198,0.0,0.0,1.9448592929394817,58.39818424802038,,149
lat-0.3_h0.05_t6,-0.3,0.05,7.0,-0.7243949593832493,0.05,-10.432771110275509,0.5840114904249888,3.5644115054311736,False,True,False,no_reaction,999.0,,nan,0.04426092047735265,0.0,0.0,1.9448592929394912,58.398184248020605,,149
lat-0.3_h0.05_t7,-0.3,0.05,7.0,-0.17758635843400333,0.05,-13.855852263121896,-0.23654816798946046,2.538336766607157,False,True,False,insufficient_reach,999.0,,0.58,0.2754508182321724,0.0,0.0,2.389290812740487,71.39785407824263,,149
lat-0.3_h0.05_t8,-0.3,0.05,7.0,-0.1640452928362715,0.05,-15.374653587187167,-0.27849434302533405,2.394511254318101,False,True,False,insufficient_reach,999.0,,0.76,0.20682695902327042,0.0,0.0,2.865772972538803,84.6379430243969,,149
lat-0.3_h0.05_t9,-0.3,0.05,7.0,0.11748584313199023,0.05,-13.081550207788675,-0.7509508213693801,2.7269003539116574,False,True,False,insufficient_reach,999.0,,0.68,0.05816081940902888,0.0,0.0,2.4047093416068996,59.46650174012419,,149
lat-0.3_h0.05_t10,-0.3,0.05,7.0,-0.7377967738352973,0.05,-7.979855376369087,0.46869066805893106,4.581685367356471,False,True,False,no_reaction,999.0,,nan,0.045544641556624736,0.0,0.0,2.044848879610905,58.39818424802063,,149
lat-0.3_h0.05_t11,-0.3,0.05,7.0,-0.6657251490977245,0.05,-9.406984515241627,0.4697497977294415,3.8188028286444275,False,True,False,insufficient_reach,999.0,,1.0,0.1850765276956782,0.0,0.0,3.585423317577922,76.98317067879533,,149
lat-0.3_h0.05_t12,-0.3,0.05,7.0,-0.12037966726489219,0.05,-13.483428177322686,-0.32949638345092697,2.6738919645742327,False,True,False,no_reaction,999.0,,nan,0.04426092047735305,0.0,0.0,1.9448592929394957,58.398184248020414,,149
lat-0.3_h0.05_t13,-0.3,0.05,7.0,-0.2534228579677051,0.05,-8.289984260595403,-0.05267839036768315,4.336899439671593,False,True,False,insufficient_reach,999.0,,1.48,0.19189860475728965,0.0,0.0,2.8923804288822508,68.02737776349329,,149
lat-0.3_h0.05_t14,-0.3,0.05,7.0,-0.5908145345920721,0.05,-14.661673353276438,0.5822697197207043,2.449801602010719,False,True,False,insufficient_reach,999.0,,1.18,0.10612918088511639,0.0,0.0,2.9145504041662846,89.08046648835192,,149
lat-0.3_h0.05_t15,-0.3,0.05,7.0,0.05378492170466703,0.05,-7.58213187142577,-0.35782276645133637,4.849649613329993,False,True,False,insufficient_reach,999.0,,0.78,0.33659062491710434,0.0,0.0,4.1602297513371,99.24695513643415,,149
lat-0.3_h0.05_t16,-0.3,0.05,7.0,0.19481929396595105,0.05,-14.620545445831649,-0.9549630715321578,2.54155234820644,False,True,False,no_reaction,999.0,,nan,0.044260920477355296,0.0,0.0,1.9448592929395099,58.39818424802119,,149
lat-0.3_h0.05_t17,-0.3,0.05,7.0,-0.3630041143343791,0.05,-9.74725393914353,0.08494281642348604,3.6381555712659863,False,True,False,insufficient_reach,999.0,,0.86,0.13074701444748624,0.0,0.0,2.206664594095011,73.37800105235786,,149
lat-0.3_h0.05_t18,-0.3,0.05,7.0,-0.6098923502162723,0.05,-9.814495003955702,0.40068523742560225,3.7935562277685557,False,True,False,no_reaction,999.0,,nan,0.04479957269009577,0.0,0.0,1.9615385329577986,58.50664829405612,,149
lat-0.3_h0.05_t19,-0.3,0.05,7.0,-0.27854036127852805,0.05,-7.845066656386994,-0.022209866796047462,4.73931378766991,False,True,False,insufficient_reach,999.0,,0.78,0.38229563473920175,0.0,0.0,3.8609502892764826,93.1936476995546,,149
lat-0.3_h0.05_t20,-0.3,0.05,7.0,-0.08166882462799602,0.05,-14.76540804515698,-0.43929561010307505,2.4377990368453792,False,True,False,insufficient_reach,999.0,,0.76,0.269598290743869,0.0,0.0,3.461950952426085,86.61562994463809,,149
lat-0.3_h0.05_t21,-0.3,0.05,7.0,-0.2349146875472437,0.05,-8.977132971180012,-0.08136067936824497,3.9238052098342,False,True,False,insufficient_reach,999.0,,0.74,0.30077863244919434,0.0,0.0,4.31036222693946,99.66079299621843,,149
lat-0.3_h0.05_t22,-0.3,0.05,7.0,-0.4429706560299878,0.05,-17.44459709276038,0.3510533799958638,1.9976194726720844,False,True,False,insufficient_reach,999.0,,0.8,0.053185931439890706,0.0,0.0,1.8319270629075761,55.905791996718925,,149
lat-0.3_h0.05_t23,-0.3,0.05,7.0,-0.47833001034045136,0.05,-9.237598882877721,0.2284471554683802,3.8289323363493755,False,True,False,no_reaction,999.0,,nan,0.044644268993497174,0.0,0.0,1.9718494983493926,58.5367641786753,,149
lat-0.3_h0.05_t24,-0.3,0.05,7.0,-0.7708302363547355,0.05,-15.996758697578793,1.0297233025439418,2.242760073132779,False,True,False,insufficient_reach,999.0,,0.86,0.19984854891810114,0.0,0.0,3.5694272137426575,89.56795075531714,,149
lat-0.3_h0.05_t25,-0.3,0.05,7.0,-0.40216337449784306,0.05,-15.377665596615499,0.2168606094773648,2.3107532212493602,False,True,False,insufficient_reach,999.0,,0.76,0.24248081697237392,0.0,0.0,3.089735437819249,85.94551451442643,,149
lat-0.3_h0.05_t26,-0.3,0.05,7.0,-0.42827593359765675,0.05,-17.52092842181956,0.30044947002227484,2.0941739529440975,False,True,False,no_reaction,999.0,,nan,0.04426092047735489,0.0,0.0,1.944859292939515,58.39818424802172,,149
lat-0.3_h0.05_t27,-0.3,0.05,7.0,-0.2228774139616792,0.05,-7.9653200422198065,-0.0810915418744375,4.664928989803939,False,True,False,insufficient_reach,999.0,,0.78,0.3655670168816019,0.0,0.0,3.7887827234098523,94.1303741309252,,149
lat-0.3_h0.05_t28,-0.3,0.05,7.0,-0.44142153847512683,0.05,-13.40723916995943,0.2568494829295367,2.7006970709409495,False,True,False,insufficient_reach,999.0,,0.96,0.1389958875452714,0.0,0.0,2.145848622201907,93.17804015653908,,149
lat-0.3_h0.05_t29,-0.3,0.05,7.0,-0.698196317050463,0.05,-14.679162796648013,0.773263146520961,2.525858039297592,False,True,False,insufficient_reach,999.0,,0.84,0.20454776875763983,0.0,0.0,3.346233624390712,90.76571906234243,,149
lat-0.3_h0.05_t30,-0.3,0.05,7.0,-0.6247782278941727,0.05,-16.81321666087286,0.7671480042303613,2.0765708820674393,False,True,False,insufficient_reach,999.0,,0.76,0.20086058928620085,0.0,0.0,2.7150981332670865,85.38327958901984,,149
lat-0.3_h0.2_t1,-0.3,0.2,7.0,-0.3633858102312339,0.05,-7.61722946588968,0.06532764155956633,4.913796605643805,False,True,False,insufficient_reach,999.0,,0.78,0.3254309310328136,0.0,0.0,4.314561224220055,98.16345517333353,,149
lat-0.3_h0.2_t2,-0.3,0.2,7.0,-0.4469496083996976,0.057637721013300336,-8.46666432497644,0.17181748247530446,4.361532366854903,False,True,False,no_reaction,999.0,,nan,0.04496076463809379,0.0,0.0,2.0452236668405597,58.8278039944472,,149
lat-0.3_h0.2_t3,-0.3,0.2,7.0,-0.01963449699311831,0.05,-7.813416380139712,-0.2996846959646533,4.7491349387679564,False,True,False,no_reaction,999.0,,nan,0.04426092047735147,0.0,0.0,1.9448592929395159,58.39818424802095,,149
lat-0.3_h0.2_t4,-0.3,0.2,7.0,-0.613864102246652,0.05,-14.145851299146884,0.6003428848900424,2.8512857375597753,False,True,False,insufficient_reach,999.0,,0.76,0.1313080998843572,0.0,0.0,2.8607891753963033,91.26421273747079,,149
lat-0.3_h0.2_t5,-0.3,0.2,7.0,-0.7309924073871836,0.07631380820124317,-13.61114084829986,0.8221194445848722,2.8073559270258217,False,True,False,no_reaction,999.0,,nan,0.03458051281050949,0.0,0.0,1.9529196614075799,82.6179326506842,,149
lat-0.3_h0.2_t6,-0.3,0.2,7.0,0.03582592791051603,0.05,-11.624674883735677,-0.5201384060794229,3.3992247339385817,False,True,False,no_reaction,999.0,,nan,0.04426092047735091,0.0,0.0,1.9448592929395154,58.3981842480206,,149
lat-0.3_h0.2_t7,-0.3,0.2,7.0,-0.6484049251999007,0.05035323340682285,-8.609657896999227,0.40386640909071664,4.404883011600513,False,True,False,no_reaction,999.0,,nan,0.044762540533568734,0.0,0.0,2.0067338243521444,58.6913263016262,,149
lat-0.3_h0.2_t8,-0.3,0.2,7.0,-0.7624289096010926,0.05,-12.840784078904793,0.8120146509499819,3.0567129402363498,False,True,False,insufficient_reach,999.0,,1.92,0.08866799184983738,0.0,0.0,3.2632553762873777,94.99861232996336,,149
lat-0.3_h0.2_t9,-0.3,0.2,7.0,-0.27748981891441155,0.05,-18.27038842835315,-0.05627447060442284,2.337027696649364,False,True,False,insufficient_reach,999.0,,0.66,0.4311417814297118,0.0,0.0,3.940614013583236,89.1268095954413,,149
lat-0.3_h0.2_t10,-0.3,0.2,7.0,-0.49605748774497266,0.05,-13.538239919905953,0.36600068138779907,2.90750728081191,False,True,False,insufficient_reach,999.0,,0.58,0.386501292762499,0.0,0.0,3.985653315224307,85.45014963631847,,149
lat-0.3_h0.2_t11,-0.3,0.2,7.0,-0.5757065167149549,0.05,-9.053677761117326,0.329159805710468,4.287543353348708,False,True,False,insufficient_reach,999.0,,0.74,0.3310732242437864,0.0,0.0,3.5319540366083935,91.15638347149905,,149
lat-0.3_h0.2_t12,-0.3,0.2,7.0,-0.49706909435957075,0.05,-8.042761735149076,0.21678451254434328,4.623922367134658,False,True,False,insufficient_reach,999.0,,0.76,0.2585284845127422,0.0,0.0,4.769626972969936,99.3955431248751,,149
lat-0.3_h0.2_t13,-0.3,0.2,7.0,-0.4290589918422348,0.06077607869966006,-8.078944046882903,0.14499907676261695,4.522201447280274,False,True,False,insufficient_reach,999.0,,0.88,0.145918594172975,0.0,0.0,2.6572321137756125,69.58712551002279,,149
lat-0.3_h0.2_t14,-0.3,0.2,7.0,-0.4068047989720777,0.05,-7.5456762845522976,0.10778401223320548,5.011813517058822,False,True,False,insufficient_reach,999.0,,0.78,0.1885659847243236,0.0,0.0,3.9073233046072424,90.34816202039906,,149
lat-0.3_h0.2_t15,-0.3,0.2,7.0,-0.09067917152739041,0.05,-16.490014836286335,-0.4682022827405928,2.5284107762587,False,True,False,no_reaction,999.0,,nan,0.044260920477354644,0.0,0.0,1.9448592929395125,58.398184248020534,,149
lat-0.3_h0.2_t16,-0.3,0.2,7.0,-0.7575777017931082,0.05,-10.097931184552468,0.6098891911223103,3.8799730062139886,False,True,False,insufficient_reach,999.0,,0.7000000000000001,0.2794387743375271,0.0,0.0,4.205410513858427,95.28195375815834,,149
lat-0.3_h0.2_t17,-0.3,0.2,7.0,-0.04099471747806899,0.05,-12.903180908836404,-0.44815568874266,3.094320154682933,False,True,False,no_reaction,999.0,,nan,0.04426092047735151,0.0,0.0,1.9448592929394992,58.398184248020286,,149
lat-0.3_h0.2_t18,-0.3,0.2,7.0,0.13292486256967212,0.05,-10.32792541157236,-0.6137867421122725,3.6723300100152034,False,True,False,insufficient_reach,999.0,,0.66,0.19687748506252387,0.0,0.0,3.277466313273911,91.22389120027029,,149
lat-0.3_h0.2_t19,-0.3,0.2,7.0,0.12099452109657588,0.05,-8.847325157379569,-0.5080817799338476,4.245292407331835,False,True,False,no_reaction,999.0,,nan,0.044260920477352715,0.0,0.0,1.9448592929394959,58.39818424802022,,149
lat-0.3_h0.2_t20,-0.3,0.2,7.0,0.007070903866703004,0.05,-7.89195313821018,-0.3348593612329922,4.661530616932481,False,True,False,insufficient_reach,999.0,,0.84,0.11629801385285422,0.0,0.0,2.010046659358668,66.13162873148508,,149
lat-0.3_h0.2_t21,-0.3,0.2,7.0,0.05653722374792686,0.05,-12.620033880289352,-0.5928786498601387,3.199133580056789,False,True,False,insufficient_reach,999.0,,0.66,0.1538036270574219,0.0,0.0,2.4238639772024912,86.19791717198171,,149
lat-0.3_h0.2_t22,-0.3,0.2,7.0,-0.30374124711763845,0.05,-10.272784390711857,0.0050746411751965426,3.819640778591339,False,True,False,insufficient_reach,999.0,,1.7,0.08482752295576927,0.0,0.0,2.6392265861695776,81.36219354664641,,149
lat-0.3_h0.2_t23,-0.3,0.2,7.0,-0.4156449614758651,0.05,-8.56604519286422,0.13266245075274466,4.447876166783571,False,True,False,insufficient_reach,999.0,,1.12,0.10705088708211619,0.0,0.0,2.5852403312064522,73.58569088292009,,149
lat-0.3_h0.2_t24,-0.3,0.2,7.0,0.17025710972605707,0.05,-18.315928275542106,-1.155846617975899,2.364288657348403,False,True,False,insufficient_reach,999.0,,0.54,0.37596129846854864,0.0,0.0,2.459406061875092,62.95187620426746,,149
lat-0.3_h0.2_t25,-0.3,0.2,7.0,-0.2535696839221527,0.08681411010245849,-9.12426516907508,-0.056421242699922526,4.1739767370771785,False,True,False,insufficient_reach,999.0,,0.78,0.05479957252056003,0.0,0.0,2.2973811929911854,52.624801152957765,,149
lat-0.3_h0.2_t26,-0.3,0.2,7.0,0.06264047114917898,0.05,-10.612416061398118,-0.5159370500623793,3.6610219417348873,False,True,False,no_reaction,999.0,,nan,0.044260920477353013,0.0,0.0,1.9448592929394968,58.39818424802028,,149
lat-0.3_h0.2_t27,-0.3,0.2,7.0,-0.6682849714209065,0.05,-9.975444207284704,0.503379943626507,3.793640200387341,False,True,False,no_reaction,999.0,,nan,0.044608699603990616,0.0,0.0,1.9632077022866954,58.61350426830151,,149
lat-0.3_h0.2_t28,-0.3,0.2,7.0,0.07141403419085429,0.05,-12.366206129744885,-0.6339500446914296,3.129733977551079,False,True,False,insufficient_reach,999.0,,0.84,0.3044394195923988,0.0,0.0,2.635938536030023,94.71654438558372,,149
lat-0.3_h0.2_t29,-0.3,0.2,7.0,-0.2282540168562513,0.05,-13.470282568062855,-0.1303806912053829,2.971715160336684,False,True,False,insufficient_reach,999.0,,0.62,0.20954207089828222,0.0,0.0,2.013766819601923,71.76429446579671,,149
lat-0.3_h0.2_t30,-0.3,0.2,7.0,-0.7481642008802709,0.05,-18.259558970303715,1.1003455284965322,2.366061656743207,False,True,False,insufficient_reach,999.0,,0.56,0.34649463515567896,0.0,0.0,2.5928319273230276,85.0525663002036,,149
lat-0.3_h0.4_t1,-0.3,0.4,7.0,-0.17870755095038987,0.05,-12.458317644976551,-0.2076690946158753,3.464090919061793,False,True,False,insufficient_reach,999.0,,0.7000000000000001,0.056364895498568185,0.0,0.0,2.295148088155093,57.71245670728326,,149
lat-0.3_h0.4_t2,-0.3,0.4,7.0,-0.01624015751589275,0.05,-11.100037671719324,-0.441500837143043,3.697087736769742,False,True,False,insufficient_reach,999.0,,0.76,0.1203275077049711,0.0,0.0,2.6827847540415526,84.66758416292397,,149
lat-0.3_h0.4_t3,-0.3,0.4,7.0,-0.7434143438532843,0.05,-8.956649389323466,0.5465706235951239,4.410685637838477,False,True,False,insufficient_reach,999.0,,1.06,0.12771013511377324,0.0,0.0,2.1398065793221317,71.13813308815548,,149
lat-0.3_h0.4_t4,-0.3,0.4,7.0,-0.16771784636236015,0.05,-9.471789370912182,-0.1685035744273843,4.29646112349858,False,True,False,no_reaction,999.0,,nan,0.044260920477352216,0.0,0.0,1.9448592929395145,58.39818424802051,,149
lat-0.3_h0.4_t5,-0.3,0.4,7.0,-0.47474609407544804,0.2765089792967407,-9.984966662592687,0.22972908068975462,3.893392087437923,False,True,False,insufficient_reach,999.0,,0.6,0.20296493427851733,0.0,0.0,3.014738676845146,86.70386225785585,,149
lat-0.3_h0.4_t6,-0.3,0.4,7.0,0.17710423305157336,0.05,-18.002622679720066,-1.1725678046318535,2.8559743148353443,False,True,False,insufficient_reach,999.0,,0.66,0.395496203821043,0.0,0.0,4.041271678396474,88.59252010127247,,149
lat-0.3_h0.4_t7,-0.3,0.4,7.0,-0.610184697027844,0.13287329203703593,-7.472086508701497,0.31415100926817735,5.113614383623269,False,True,False,no_reaction,999.0,,nan,0.04425787536269188,0.0,0.0,1.9683158780156629,58.42970765280135,,149
lat-0.3_h0.4_t8,-0.3,0.4,7.0,-0.19451733078559535,0.10671597565126331,-10.02640479904013,-0.1481867469187786,3.903508092095083,False,True,False,insufficient_reach,999.0,,1.3800000000000001,0.08589408829946929,0.0,0.0,3.22018136783502,64.30249396050611,,149
lat-0.3_h0.4_t9,-0.3,0.4,7.0,-0.11022115075187883,0.05,-9.474063431042945,-0.24379997986565063,4.267780058460865,False,True,False,insufficient_reach,999.0,,0.78,0.08211441915734465,0.0,0.0,2.2074597834320286,75.59959519409335,,149
lat-0.3_h0.4_t10,-0.3,0.4,7.0,-0.7316658951543957,0.07214989987631734,-15.027352669617366,0.8577284873594364,3.1199659976761147,False,True,False,insufficient_reach,999.0,,0.76,0.29777253836733636,0.0,0.0,3.6715952275271677,89.69140699420632,,149
lat-0.3_h0.4_t11,-0.3,0.4,7.0,-0.24662098387329262,0.15665276353094187,-10.589665824140333,-0.07910189972675481,3.670573522116767,False,True,False,insufficient_reach,999.0,,1.26,0.15441169505836422,0.0,0.0,2.978549709982596,83.3581603453325,,149
lat-0.3_h0.4_t12,-0.3,0.4,7.0,-0.34931352506108687,0.16882241550090138,-11.830692072092841,0.07903367202062414,3.4310067235156807,False,True,False,insufficient_reach,999.0,,1.22,0.16862297284682162,0.0,0.0,2.723531910545567,73.09175176123033,,149
lat-0.3_h0.4_t13,-0.3,0.4,7.0,-0.7979814822517661,0.05,-10.098154308167448,0.6960359002444632,3.9985006022928347,False,True,False,no_reaction,999.0,,nan,0.0442609204773548,0.0,0.0,1.9448592929395123,58.39818424802046,,149
lat-0.3_h0.4_t14,-0.3,0.4,7.0,-0.5869149913151919,0.2756228383868749,-11.06299156763672,0.42858261005736975,3.4694462383829094,False,True,False,no_reaction,999.0,,nan,0.044260920477355366,0.0,0.0,1.9448592929394932,58.398184248020414,,149
lat-0.3_h0.4_t15,-0.3,0.4,7.0,-0.4264451989523181,0.05,-8.585555786918865,0.1464536006712528,4.640265094425149,False,True,False,insufficient_reach,999.0,,0.76,0.2295707383874784,0.0,0.0,4.440425490821304,96.55942423091803,,149
lat-0.3_h0.4_t16,-0.3,0.4,7.0,-0.2580099251102341,0.27586060451740335,-11.986879725433107,-0.06650648706574894,3.2934802486496557,False,True,False,insufficient_reach,999.0,,1.1400000000000001,0.134238013353721,0.0,0.0,3.0073480821545733,69.17731910441415,,149
lat-0.3_h0.4_t17,-0.3,0.4,7.0,-0.060591770168688164,0.05,-8.867978557961726,-0.2865669660753313,4.516754504973928,False,True,False,no_reaction,999.0,,nan,0.044260920477355595,0.0,0.0,1.9448592929395014,58.398184248020435,,149
lat-0.3_h0.4_t18,-0.3,0.4,7.0,-0.4729553558481822,0.25602281018610107,-10.69140436798851,0.24749478764390806,3.6337606337202253,False,True,False,no_reaction,999.0,,nan,0.044260920477354325,0.0,0.0,1.9448592929395083,58.39818424802042,,149
lat-0.3_h0.4_t19,-0.3,0.4,7.0,0.017252311366821205,0.10509055770471043,-8.515825027694433,-0.3587554398089834,4.671047829055972,False,True,False,no_reaction,999.0,,nan,0.045473597991691886,0.0,0.0,1.9800135581746152,58.52976875471773,,149
lat-0.3_h0.4_t20,-0.3,0.4,7.0,-0.2531240341239554,0.16827021015293026,-7.230801975194259,-0.04698132752061638,5.126250550901544,False,True,False,no_reaction,999.0,,nan,0.044204078931945126,0.0,0.0,1.9498983432004109,57.98479910638606,,149
lat-0.3_h0.4_t21,-0.3,0.4,7.0,0.018369566481337307,0.05,-14.2166666298246,-0.609419118334117,3.2324102973954014,False,True,False,insufficient_reach,999.0,,0.8,0.16279403598584052,0.0,0.0,4.108233548545001,89.86109659248254,,149
lat-0.3_h0.4_t22,-0.3,0.4,7.0,-0.7841868037670379,0.05,-17.423852340180574,1.1591668264619543,2.886747507011421,False,True,False,insufficient_reach,999.0,,0.7000000000000001,0.5516274440898492,0.0,0.0,4.448855859549135,91.59972618948467,,149
lat-0.3_h0.4_t23,-0.3,0.4,7.0,-0.5846556186174474,0.13883830807468794,-11.930476310773718,0.4644280572286508,3.4324521160122683,False,True,False,insufficient_reach,999.0,,0.58,0.27670778836324195,0.0,0.0,2.2315488708730515,88.67458474818001,,149
lat-0.3_h0.4_t24,-0.3,0.4,7.0,0.08496430818058781,0.05331369585688059,-11.657759570076653,-0.6176027770409768,3.613578677137113,False,True,False,no_reaction,999.0,,nan,0.044260920477353784,0.0,0.0,1.9448592929394923,58.398184248020705,,149
lat-0.3_h0.4_t25,-0.3,0.4,7.0,-0.40255184310090836,0.10544441861772985,-13.14668441983926,0.17992092526925216,3.3125456356444554,False,True,False,insufficient_reach,999.0,,0.6,0.09903511792167709,0.0,0.0,2.184782307488719,59.68345534906149,,149
lat-0.3_h0.4_t26,-0.3,0.4,7.0,-0.02925746909444832,0.07099826014270372,-7.299797355578314,-0.27276212842069925,5.200138100826012,False,True,False,insufficient_reach,999.0,,0.84,0.12850682117633455,0.0,0.0,1.9198448538809036,70.42384071817062,,149
lat-0.3_h0.4_t27,-0.3,0.4,7.0,0.06519334739781107,0.2661028739671293,-8.259314868971078,-0.4150720310513602,4.467757329141339,False,True,False,insufficient_reach,999.0,,0.76,0.24953961340878425,0.0,0.0,2.9139831255544197,71.19551892494813,,149
lat-0.3_h0.4_t28,-0.3,0.4,7.0,-0.3886605335008561,0.24948916807289007,-17.799530034673822,0.21059271596308599,2.4225321749453523,False,True,False,insufficient_reach,999.0,,0.52,0.251006048441167,0.0,0.0,1.984553770398321,57.079837210220155,,149
lat-0.3_h0.4_t29,-0.3,0.4,7.0,-0.26497449540106716,0.05,-8.164664703430283,-0.03890919126615091,4.804220330530991,False,True,False,no_reaction,999.0,,nan,0.044260920477352354,0.0,0.0,1.9448592929395032,58.398184248020456,,149
lat-0.3_h0.4_t30,-0.3,0.4,7.0,-0.014902285904292378,0.13953816003177563,-11.279403295768322,-0.43751218634381717,3.595969494385946,False,True,False,insufficient_reach,999.0,,1.2,0.06681566727072434,0.0,0.0,2.427997763955761,80.94488632039852,,149
lat-0.3_h0.8_t1,-0.3,0.8,7.0,-0.33047445795613734,0.31132450976106707,-9.684966115907237,0.04040957156786736,4.347045476691177,False,True,False,insufficient_reach,999.0,,0.7000000000000001,0.12552120706458814,0.0,0.0,2.6346322771418884,79.78170884963149,,149
lat-0.3_h0.8_t2,-0.3,0.8,7.0,-0.7885075267018846,0.46351090449165283,-13.113226138010482,0.8591063966357091,3.3808565480942927,False,True,False,insufficient_reach,999.0,,0.72,0.0720908969143624,0.0,0.0,3.020952254170388,69.13538983728205,,149
lat-0.3_h0.8_t3,-0.3,0.8,7.0,-0.013477617609152948,0.6770125230080467,-15.75201308201475,-0.6133696877243944,2.5545487642029143,False,True,False,insufficient_reach,999.0,,1.18,0.14209924210339844,0.0,0.0,2.417418811742135,66.89790853964799,,149
lat-0.3_h0.8_t4,-0.3,0.8,7.0,-0.3537987790224563,0.6223378130471333,-9.026659898961848,0.06463563253105933,4.296073637304791,False,True,False,insufficient_reach,999.0,,0.9,0.1304675473328873,0.0,0.0,2.470417478944893,79.25978009096696,,149
lat-0.3_h0.8_t5,-0.3,0.8,7.0,-0.24661981213425238,0.4019528995659529,-7.668767490379528,-0.05591090360215298,5.099901408844504,False,True,False,no_reaction,999.0,,nan,0.04426092047735538,0.0,0.0,1.944859292939513,58.398184248020726,,149
lat-0.3_h0.8_t6,-0.3,0.8,7.0,0.02811682900634277,0.38642404649790657,-16.898275317668112,-0.7357185014677438,3.1148780219872085,False,True,False,insufficient_reach,999.0,,1.12,0.08399478282292328,0.0,0.0,2.426770461690177,61.12531954499903,,149
lat-0.3_h0.8_t7,-0.3,0.8,7.0,-0.29436584657804116,0.6764483250134694,-12.209155452907112,-0.009452555524006229,3.13088893586357,False,True,False,insufficient_reach,999.0,,1.06,0.08602117939709164,0.0,0.0,2.5980417410758454,69.16856901973915,,149
lat-0.3_h0.8_t8,-0.3,0.8,7.0,-0.24662881025022815,0.501252989020616,-15.808712310025173,-0.11563699752178928,2.911139456261653,False,True,False,insufficient_reach,999.0,,1.16,0.1607785965747336,0.0,0.0,2.442306202390074,66.68916363621942,,149
lat-0.3_h0.8_t9,-0.3,0.8,7.0,0.037908374851803595,0.6435057117397889,-8.126899542150095,-0.3691817366121984,4.66047556517142,False,True,False,no_reaction,999.0,,nan,0.04426092047735617,0.0,0.0,1.9448592929394883,58.398184248020485,,149
lat-0.3_h0.8_t10,-0.3,0.8,7.0,-0.6396345938802568,0.5694581669899631,-11.160481053291152,0.5118630004336924,3.6020461950822,False,True,False,insufficient_reach,999.0,,1.04,0.09290845748564991,0.0,0.0,2.657119519030007,78.83167645484532,,149
lat-0.3_h0.8_t11,-0.3,0.8,7.0,-0.37039140786763664,0.5962504595577482,-11.641933422547838,0.11157615665460875,3.4174367834860564,False,True,False,insufficient_reach,999.0,,1.1400000000000001,0.07804296321678117,0.0,0.0,2.331952978953012,88.7970791239188,,149
lat-0.3_h0.8_t12,-0.3,0.8,7.0,-0.5032133179801495,0.5165478440629074,-10.421871106325915,0.2825808182244694,3.9215074963528505,False,True,False,insufficient_reach,999.0,,0.6,0.23269985548423042,0.0,0.0,2.405071715295519,82.16398249141787,,149
lat-0.3_h0.8_t13,-0.3,0.8,7.0,0.08166248233271273,0.34859815643510617,-11.512675844879514,-0.5885125447269672,3.877041953173791,False,True,False,no_reaction,999.0,,nan,0.04557319389133072,0.0,0.0,1.9774140530561277,60.04183796027883,,149
lat-0.3_h0.8_t14,-0.3,0.8,7.0,-0.588105669559891,0.4244009978930721,-9.554702477864401,0.38450679733741017,4.176524919456041,False,True,False,no_reaction,999.0,,nan,0.044260920477353284,0.0,0.0,1.9448592929395012,58.39818424802057,,149
lat-0.3_h0.8_t15,-0.3,0.8,7.0,-0.46432616696094037,0.5997561811204636,-13.242953641406395,0.3008327146136017,3.045883202076131,False,True,False,insufficient_reach,999.0,,1.08,0.08343712386194577,0.0,0.0,2.491210501893302,69.84843602894534,,149
lat-0.3_h0.8_t16,-0.3,0.8,7.0,-0.04613492616307496,0.6485873685506136,-7.368170029201411,-0.2559773985178306,5.017196439858752,False,True,False,insufficient_reach,999.0,,0.78,0.09953055403911286,0.0,0.0,1.8319270629075788,62.97186257076021,,149
lat-0.3_h0.8_t17,-0.3,0.8,7.0,-0.5963328622273152,0.4310208660720529,-11.553978657556497,0.45792649195764373,3.7443055205560007,False,True,False,insufficient_reach,999.0,,0.56,0.2647212353994488,0.0,0.0,4.023027855879402,91.27608217746997,,149
lat-0.3_h0.8_t18,-0.3,0.8,7.0,0.14511418875600873,0.578650908486956,-9.541915348240096,-0.5972717845248765,3.952444773128565,False,True,False,no_reaction,999.0,,nan,0.044260920477352965,0.0,0.0,1.9448592929395028,58.39818424802061,,149
lat-0.3_h0.8_t19,-0.3,0.8,7.0,-0.10792635297563108,0.38250084553446106,-11.906252503983673,-0.318887616058701,3.6475461490021033,False,True,False,insufficient_reach,999.0,,0.72,0.05526195061312757,0.0,0.0,1.8319270629075788,56.24377572430862,,149
lat-0.3_h0.8_t20,-0.3,0.8,7.0,-0.2921949360412209,0.4677086644664088,-7.683081716913546,-0.008326246467364296,4.952450932865227,False,True,False,no_reaction,999.0,,nan,0.04448620383105155,0.0,0.0,1.966265928590118,58.43598077293395,,149
lat-0.3_h0.8_t21,-0.3,0.8,7.0,-0.3257449790230464,0.52427131797558,-8.147642653185803,0.0294008289791428,4.609969957148533,False,True,False,insufficient_reach,999.0,,0.72,0.10462323120051852,0.0,0.0,2.1518623674929813,62.56511008842581,,149
lat-0.3_h0.8_t22,-0.3,0.8,7.0,-0.7900212233415507,0.5893774649419647,-8.886895002162563,0.6025994729930106,4.247654173913028,False,True,False,no_reaction,999.0,,nan,0.04426092047735544,0.0,0.0,1.944859292939511,58.398184248020584,,149
lat-0.3_h0.8_t23,-0.3,0.8,7.0,0.043326167787883174,0.49403786399181604,-8.329753680363892,-0.3807667228362781,4.762022452899338,False,True,False,insufficient_reach,999.0,,0.8,0.05049947847900932,0.0,0.0,2.5658567648654085,54.83558500289035,,149
lat-0.3_h0.8_t24,-0.3,0.8,7.0,-0.6165578035965655,0.6419896078245897,-8.3727907939672,0.36180725651459844,4.472152527518148,False,True,False,insufficient_reach,999.0,,0.7000000000000001,0.29074455967394935,0.0,0.0,4.50682822599167,94.58566350090604,,149
lat-0.3_h0.8_t25,-0.3,0.8,7.0,-0.41217391008306875,0.6214150637850413,-10.500144751426184,0.16501359873133842,3.5970572506850402,False,True,False,insufficient_reach,999.0,,1.24,0.13690864274621523,0.0,0.0,2.9484182134898496,82.86559035616665,,149
lat-0.3_h0.8_t26,-0.3,0.8,7.0,-0.3207399100854625,0.3726893172912626,-13.569641821154484,0.039521617637860905,3.3882914877527535,False,True,False,insufficient_reach,999.0,,1.04,0.07869226479313589,0.0,0.0,2.420691378838545,67.84426890814989,,149
lat-0.3_h0.8_t27,-0.3,0.8,7.0,0.18170734252114157,0.48019142858823816,-8.113054182543806,-0.5300729298416067,4.809370554661051,False,True,False,insufficient_reach,999.0,,0.7000000000000001,0.31346972127714917,0.0,0.0,3.00425115040843,80.10512528474048,,149
lat-0.3_h0.8_t28,-0.3,0.8,7.0,0.14254593967690526,0.3171350220476453,-7.262759534128123,-0.4454275654396476,5.359276989925954,False,True,False,no_reaction,999.0,,nan,0.04438645313482038,0.0,0.0,1.9926079517773354,58.42999833759833,,149
lat-0.3_h0.8_t29,-0.3,0.8,7.0,-0.19159106411998222,0.5826537053870385,-16.88819407987763,-0.24526791636172476,2.6597516900478686,False,True,False,insufficient_reach,999.0,,0.48,0.24280279266434637,0.0,0.0,2.406011553231355,62.030269712425735,,149
lat-0.3_h0.8_t30,-0.3,0.8,7.0,-0.4500550604703602,0.6717153609048239,-11.456946803901092,0.24136669902571414,3.2557338533707183,False,True,False,insufficient_reach,999.0,,1.16,0.05518654513654372,0.0,0.0,2.2649932673796886,85.95279351979254,,149
lat-0.3_h1.2_t1,-0.3,1.2,7.0,-0.42675884362076616,0.9527954721584755,-8.36781283582079,0.1410279651731656,4.683747264053872,False,True,False,no_reaction,999.0,,nan,0.04426092047735531,0.0,0.0,1.9448592929395119,58.398184248020726,,149
lat-0.3_h1.2_t2,-0.3,1.2,7.0,-0.2189849066248905,0.8704283910504387,-15.413714080077575,-0.1752787546632395,2.980164816528953,False,True,False,insufficient_reach,999.0,,0.72,0.09305632604206267,0.0,0.0,1.8319270629075788,76.7366145526359,,149
lat-0.3_h1.2_t3,-0.3,1.2,7.0,-0.12252658517652709,1.0034007523665562,-10.208606780344168,-0.2490351931182128,3.771391446060143,False,True,False,insufficient_reach,999.0,,0.9400000000000001,0.05546710541950704,0.0,0.0,2.3283136712144383,85.32437682506936,,149
lat-0.3_h1.2_t4,-0.3,1.2,7.0,-0.4133798273661658,0.9649935787766432,-14.22081364770242,0.2162311936383443,3.0201042129912117,False,True,False,no_reaction,999.0,,nan,0.044260920477353076,0.0,0.0,1.9448592929395063,58.39818424802034,,149
lat-0.3_h1.2_t5,-0.3,1.2,7.0,-0.5417689803338399,0.9421647030030348,-11.315792348064424,0.3810667543619207,3.5183822638605906,False,True,False,no_reaction,999.0,,nan,0.04426092047735411,0.0,0.0,1.9448592929394963,58.398184248020634,,149
lat-0.3_h1.2_t6,-0.3,1.2,7.0,-0.16760867567161258,0.7625906864014401,-7.916001488746765,-0.14182605373883994,5.04728431149771,False,True,False,no_reaction,999.0,,nan,0.04426092047735528,0.0,0.0,1.944859292939509,58.39818424802065,,149
lat-0.3_h1.2_t7,-0.3,1.2,7.0,-0.597745819475465,0.8255307232897662,-8.719134360712195,0.35879981829365976,4.521612434920425,False,True,False,insufficient_reach,999.0,,0.68,0.29208713109832307,0.0,0.0,4.217443427658302,90.5810091122235,,149
lat-0.3_h1.2_t8,-0.3,1.2,7.0,0.1078385138835341,0.9028238586954872,-13.824480283506157,-0.7710376747926774,3.156313204482747,False,True,False,insufficient_reach,999.0,,1.3800000000000001,0.11997503983767417,0.0,0.0,1.9283990463164944,76.12288850552841,,149
lat-0.3_h1.2_t9,-0.3,1.2,7.0,-0.41720123556361216,1.0287323786341436,-16.69287723957256,0.26267525911081124,2.572378241995688,False,True,False,insufficient_reach,999.0,,0.5,0.14911679641613695,0.0,0.0,1.8319270629075775,64.54749677774915,,149
lat-0.3_h1.2_t10,-0.3,1.2,7.0,-0.10764107753894187,0.8056247938774874,-8.243822623573358,-0.21915129209456177,4.7546436426732335,False,True,False,insufficient_reach,999.0,,1.22,0.1194504101236629,0.0,0.0,2.0747548990057565,77.14746034393326,,149
lat-0.3_h1.2_t11,-0.3,1.2,7.0,-0.5304881377077273,0.7763706340286574,-9.28885607946474,0.2948080002475653,4.376696598520965,False,True,False,insufficient_reach,999.0,,1.58,0.13847963834581198,0.0,0.0,2.3707820009553604,84.888546178906,,149
lat-0.3_h1.2_t12,-0.3,1.2,7.0,-0.5353649730746426,0.9647875779175473,-13.925532136179203,0.44305715636528026,3.048450039456664,False,True,False,insufficient_reach,999.0,,0.7000000000000001,0.07367535740009175,0.0,0.0,1.9126361911963254,77.15195904593767,,149
lat-0.3_h1.2_t13,-0.3,1.2,7.0,-0.6122775943077479,0.7353539787938074,-8.629781910204823,0.3602585808399477,4.787766479813826,False,True,False,no_reaction,999.0,,nan,0.04936962318830291,0.0,0.0,2.03180488972233,52.89384868492032,,149
lat-0.3_h1.2_t14,-0.3,1.2,7.0,-0.768850907206609,0.8038305797100196,-11.781119157459816,0.754983284214141,3.6839912725865345,False,True,False,no_reaction,999.0,,nan,0.04426092047735376,0.0,0.0,1.9448592929395019,58.39818424802041,,149
lat-0.3_h1.2_t15,-0.3,1.2,7.0,-0.24266283042699194,0.715591728264452,-7.786101439528214,-0.06181828670115696,5.071710342997805,False,True,False,insufficient_reach,999.0,,0.72,0.3607706080142433,0.0,0.0,3.4102691562485097,86.79961938945303,,149
lat-0.3_h1.2_t16,-0.3,1.2,7.0,0.08811818893403583,0.830116247344699,-12.712615378656807,-0.65359963797415,3.5355619214259035,False,True,False,insufficient_reach,999.0,,1.6600000000000001,0.06736405122343633,0.0,0.0,1.9712462932676373,84.3745821435184,,149
lat-0.3_h1.2_t17,-0.3,1.2,7.0,0.044871347755228996,0.7996034944436359,-7.5300676190832485,-0.3456682499216117,5.295013744090648,False,True,False,no_reaction,999.0,,nan,0.04426092047735496,0.0,0.0,1.9448592929394979,58.39818424802051,,149
lat-0.3_h1.2_t18,-0.3,1.2,7.0,0.19889261203329062,0.8306556997703642,-16.23118286362974,-1.1329365094664754,2.9986790714486244,False,True,False,insufficient_reach,999.0,,0.56,0.0884059797373807,0.0,0.0,1.8319270629075763,66.67395771685679,,149
lat-0.3_h1.2_t19,-0.3,1.2,7.0,0.19762829740215654,0.796598594102747,-8.516990816195799,-0.5629285547743504,4.79235218286259,False,True,False,insufficient_reach,999.0,,0.66,0.181148974118285,0.0,0.0,3.3490081187184297,90.27305840451149,,149
lat-0.3_h1.2_t20,-0.3,1.2,7.0,-0.7775741108379448,0.8441707308565943,-11.079132729578102,0.7384615738170849,3.722347036511685,False,True,False,insufficient_reach,999.0,,0.58,0.28489489511319194,0.0,0.0,4.449215072925821,85.28081756012556,,149
lat-0.3_h1.2_t21,-0.3,1.2,7.0,-0.1456579945072803,0.7928072721235242,-9.809796468523825,-0.20865249389923965,4.178747124221888,False,True,False,no_reaction,999.0,,nan,0.04426092047735461,0.0,0.0,1.9448592929395143,58.3981842480208,,149
lat-0.3_h1.2_t22,-0.3,1.2,7.0,-0.03769737549904001,0.7155752066750661,-8.632387233567806,-0.30549609691838364,4.775687223603788,False,True,False,insufficient_reach,999.0,,0.68,0.14148125575592502,0.0,0.0,2.383411036598973,68.67850001176923,,149
lat-0.3_h1.2_t23,-0.3,1.2,7.0,-0.38518488061105277,0.860933982094933,-18.77247616401139,0.21126799252054174,2.8186552438105386,False,True,False,insufficient_reach,999.0,,0.6,0.15105167601184988,0.0,0.0,2.1829552075249743,64.31424083544783,,149
lat-0.3_h1.2_t24,-0.3,1.2,7.0,-0.06699638037164662,0.9704501590353161,-16.80075079674131,-0.5276385948293824,2.685850761240235,False,True,False,insufficient_reach,999.0,,0.78,0.15662534520723204,0.0,0.0,2.2959183191947803,71.57151407553825,,149
lat-0.3_h1.2_t25,-0.3,1.2,7.0,0.06841078794138206,0.8516510633502588,-9.881843594822536,-0.4929864395718756,4.131667421553458,False,True,False,insufficient_reach,999.0,,0.6,0.2901932606733187,0.0,0.0,4.380570109363126,94.40860265378001,,149
lat-0.3_h1.2_t26,-0.3,1.2,7.0,-0.3307147726742096,0.8772237449321684,-9.617922678711167,0.03983157307667381,4.2009082738334245,False,True,False,insufficient_reach,999.0,,1.18,0.05664117278723915,0.0,0.0,2.59946231163269,88.57116591860029,,149
lat-0.3_h1.2_t27,-0.3,1.2,7.0,0.13993179196982247,0.9016015054385303,-7.997344627081936,-0.479946265735708,4.821595970039272,False,True,False,insufficient_reach,999.0,,0.7000000000000001,0.39794020554039894,0.0,0.0,3.4888902926295056,85.7268672960626,,149
lat-0.3_h1.2_t28,-0.3,1.2,7.0,0.06364142129661604,0.744025313680446,-8.09294499518152,-0.40418113642228104,4.919832247194067,False,True,False,no_reaction,999.0,,nan,0.04994240781115022,0.0,0.0,2.1813757609598476,54.47969128247647,,149
lat-0.3_h1.2_t29,-0.3,1.2,7.0,-0.15574327634918844,1.0896990616579023,-9.149322807508645,-0.18518523241292018,3.962522378673722,False,True,False,insufficient_reach,999.0,,1.6,0.13080345836504353,0.0,0.0,2.592336483830583,83.57782522215074,,149
lat-0.3_h1.2_t30,-0.3,1.2,7.0,0.010258586699531336,0.8655309861283182,-10.198919766190565,-0.4233805146738774,4.050864122016816,False,True,False,insufficient_reach,999.0,,0.64,0.10108438809855512,0.0,0.0,2.4065642177561277,84.25608969139644,,149
lat-0.3_h1.6_t1,-0.3,1.6,7.0,-0.3470889297323892,1.4794977580598845,-17.37134424534064,0.110691903196486,2.369877834148993,False,True,False,insufficient_reach,999.0,,1.04,0.15643435615991166,0.0,0.0,5.140289435061948,129.8116446679468,,149
lat-0.3_h1.6_t2,-0.3,1.6,7.0,-0.6285658232894573,1.2814315999691337,-8.767451810472458,0.40501818806135564,4.37181300933685,False,True,False,no_reaction,999.0,,nan,0.04426092047735344,0.0,0.0,1.9448592929394999,58.39818424802044,,149
lat-0.3_h1.6_t3,-0.3,1.6,7.0,-0.16096784108507917,1.4814140391406037,-9.310965325345787,-0.17134419055212513,4.126162853051759,False,True,False,insufficient_reach,999.0,,0.76,0.14788736272829142,0.0,0.0,2.847860110973719,82.44539273884327,,149
lat-0.3_h1.6_t4,-0.3,1.6,7.0,-0.15742238967636596,1.1314231323694908,-10.013183966820437,-0.1899262470015663,4.306369582950305,False,True,False,insufficient_reach,999.0,,1.04,0.33347073529651217,0.0,0.0,3.630644286097368,99.11135311320595,,149
lat-0.3_h1.6_t5,-0.3,1.6,7.0,-0.09735979414177115,1.1266110432843421,-16.18803213065313,-0.4434673256936918,3.277302126647315,False,True,False,insufficient_reach,999.0,,0.5,0.1250454662628001,0.0,0.0,1.8319270629075775,68.97986314481864,,149
lat-0.3_h1.6_t6,-0.3,1.6,7.0,-0.5537139811894685,1.3762719084592026,-7.802961016688472,0.26723518937831353,4.892474637832449,False,True,False,insufficient_reach,999.0,,1.4000000000000001,0.23172100145238866,0.0,0.0,4.0758700159315335,81.15383883796333,,149
lat-0.3_h1.6_t7,-0.3,1.6,7.0,-0.11654622259249109,1.2501764438671652,-10.825512616983778,-0.2617233413414611,3.9372111730328747,False,True,False,no_reaction,999.0,,nan,0.044260920477354165,0.0,0.0,1.9448592929395039,58.39818424802068,,149
lat-0.3_h1.6_t8,-0.3,1.6,7.0,-0.5994470221547334,1.186490803651112,-7.69552561520713,0.32172659678294996,5.009603900603835,False,True,False,insufficient_reach,999.0,,0.76,0.35478437440677973,0.0,0.0,3.276701754901946,73.3137299271251,,149
lat-0.3_h1.6_t9,-0.3,1.6,7.0,0.14077329968950097,1.4103646131229224,-9.725997578022888,-0.5785764876807847,3.9856683288487997,False,True,False,insufficient_reach,999.0,,0.6,0.1941314463423713,0.0,0.0,3.7699915008761677,86.53621340359815,,149
lat-0.3_h1.6_t10,-0.3,1.6,7.0,-0.4040384112523951,1.3677234436647518,-12.025711948011168,0.17097400937718574,3.366430573232224,False,True,False,no_reaction,999.0,,nan,0.04426092047735486,0.0,0.0,1.9448592929395063,58.398184248020456,,149
lat-0.3_h1.6_t11,-0.3,1.6,7.0,-0.010590578086414337,1.2664872235381397,-12.638019756682569,-0.4958775019734612,3.4341541646993523,False,True,False,insufficient_reach,999.0,,0.78,0.20694864744483835,0.0,0.0,3.1268054199568005,89.46590771706295,,149
lat-0.3_h1.6_t12,-0.3,1.6,7.0,0.14238345400227687,1.1299284820779891,-10.405718839969067,-0.6458430003605642,4.04604595854326,False,True,False,insufficient_reach,999.0,,1.06,0.10491936787553385,0.0,0.0,2.519999738069313,95.69017926740592,,149
lat-0.3_h1.6_t13,-0.3,1.6,7.0,-0.6339781763571393,1.1457726074449435,-10.575773495324986,0.46519682247316463,4.154132010453374,False,True,False,insufficient_reach,999.0,,0.62,0.1085208113689313,0.0,0.0,2.2711012233200707,60.61945510140514,,149
lat-0.3_h1.6_t14,-0.3,1.6,7.0,-0.1694190584169077,1.1878827161565602,-14.601683824014748,-0.264685985364295,3.255203476353604,False,True,False,no_reaction,999.0,,nan,0.044260920477353013,0.0,0.0,1.9448592929395092,58.39818424802058,,149
lat-0.3_h1.6_t15,-0.3,1.6,7.0,-0.44630331341926605,1.2209916116671706,-8.128385618678093,0.16329023174522783,4.817751912079128,False,True,False,insufficient_reach,999.0,,1.26,0.2016773115110383,0.0,0.0,3.7150958440263326,84.40400958903717,,149
lat-0.3_h1.6_t16,-0.3,1.6,7.0,-0.02319666786011204,1.1305919821997252,-15.036011518688307,-0.5513250053201111,3.397596430863957,False,True,False,no_reaction,999.0,,nan,0.04426092047735566,0.0,0.0,1.944859292939492,58.39818424802051,,149
lat-0.3_h1.6_t17,-0.3,1.6,7.0,0.029314234125759453,1.38267021347108,-12.70263462999793,-0.5851151006931613,3.1467747118266165,False,True,False,no_reaction,999.0,,nan,0.04426092047735199,0.0,0.0,1.9448592929395,58.39818424802071,,149
lat-0.3_h1.6_t18,-0.3,1.6,7.0,-0.29449123961013607,1.1576315144052798,-15.323484713218479,-0.011422112734988915,3.282854809439058,False,True,False,insufficient_reach,999.0,,0.9400000000000001,0.13275481117090612,0.0,0.0,2.756627942780684,81.44410636270236,,149
lat-0.3_h1.6_t19,-0.3,1.6,7.0,-0.717727675722938,1.2838336228854492,-13.016877287775928,0.7404100259666265,3.327719359377685,False,True,False,insufficient_reach,999.0,,0.72,0.24963300475234645,0.0,0.0,2.62431854049172,86.97068577671851,,149
lat-0.3_h1.6_t20,-0.3,1.6,7.0,-0.38139272508167005,1.2833725696525753,-7.978800267301972,0.09110153126739458,4.736663751530221,False,True,False,no_reaction,999.0,,nan,0.044260920477355054,0.0,0.0,1.9448592929395057,58.39818424802053,,149
lat-0.3_h1.6_t21,-0.3,1.6,7.0,-0.02295071434824386,1.4448811894632756,-9.983723168380731,-0.37209172899548165,3.860461036015063,False,True,False,insufficient_reach,999.0,,0.62,0.42960497694928657,0.0,0.0,3.559970751626813,67.97932159371359,,149
lat-0.3_h1.6_t22,-0.3,1.6,7.0,0.18945113096505645,1.4558077244175054,-10.403863178085123,-0.6771470753218038,3.7448883120919145,False,True,False,no_reaction,999.0,,nan,0.04426092047735269,0.0,0.0,1.9448592929395074,58.398184248020605,,149
lat-0.3_h1.6_t23,-0.3,1.6,7.0,-0.058358548163957746,1.2970276283013191,-14.203630907611625,-0.46730128357840284,3.1222818948993956,False,True,False,insufficient_reach,999.0,,0.72,0.27921735088887395,0.0,0.0,2.4794638859196043,87.8494098921666,,149
lat-0.3_h1.6_t24,-0.3,1.6,7.0,0.05979467481164563,1.2627219203806894,-8.063344163538478,-0.39847096272205107,4.802446065401377,False,True,False,insufficient_reach,999.0,,0.84,0.15554071873372186,0.0,0.0,2.4303726921283206,77.29492604580538,,149
lat-0.3_h1.6_t25,-0.3,1.6,7.0,-0.6739979721360057,1.178567686348807,-11.126250490257304,0.5562185292721669,3.9248562997809384,False,True,False,insufficient_reach,999.0,,1.1400000000000001,0.09236511089882458,0.0,0.0,2.320486902707974,90.65994107423191,,149
lat-0.3_h1.6_t26,-0.3,1.6,7.0,-0.22068553333806212,1.295849784820098,-14.612976584788509,-0.1569666637544963,3.0803979211255115,False,True,False,insufficient_reach,999.0,,0.52,0.14444139541317028,0.0,0.0,2.5511402139849815,60.18400508449126,,149
lat-0.3_h1.6_t27,-0.3,1.6,7.0,-0.42782674475310284,1.3646669038516757,-13.713302659547553,0.23764210241738296,3.0758867107482515,False,True,False,no_reaction,999.0,,nan,0.044260920477355435,0.0,0.0,1.944859292939504,58.398184248020776,,149
lat-0.3_h1.6_t28,-0.3,1.6,7.0,-0.5213569368849635,1.1874839201294334,-9.68670567450801,0.29811320102341604,4.197649659063858,False,True,False,insufficient_reach,999.0,,0.62,0.12282765857459944,0.0,0.0,2.507774715056514,67.22682609441735,,149
lat-0.3_h1.6_t29,-0.3,1.6,7.0,0.12712378186444934,1.4879706101380763,-8.088718850788812,-0.4770059273735655,4.517180202339136,False,True,False,no_reaction,999.0,,nan,0.04426092047735409,0.0,0.0,1.9448592929395063,58.39818424802043,,149
lat-0.3_h1.6_t30,-0.3,1.6,7.0,-0.0022677366517859787,1.2469562914788281,-15.00054346918932,-0.6128691859198767,3.109577744514342,False,True,False,insufficient_reach,999.0,,1.1,0.29358175485059423,0.0,0.0,3.5919490452864955,82.50705866085671,,149
lat0.0_h0.05_t1,0.0,0.05,7.0,0.2959263871435024,0.05,-10.247729406853443,-0.4031304992133469,3.6006179928616575,False,True,False,no_reaction,999.0,,nan,0.04714113434331675,0.0,0.0,2.012012904000175,59.53928835930734,,149
lat0.0_h0.05_t2,0.0,0.05,7.0,0.37407177330518515,0.05,-13.543244641790148,-0.7027427684502034,2.6109440472911096,False,True,False,insufficient_reach,999.0,,0.58,0.15081199068441403,0.0,0.0,3.57448898494095,92.80960775451733,,149
lat0.0_h0.05_t3,0.0,0.05,7.0,0.2925948132091347,0.05,-18.819891178120226,-0.7307708146744334,1.9639229290105047,False,True,False,insufficient_reach,999.0,,0.66,0.22303742242433866,0.0,0.0,2.6709114929444064,81.40408708744563,,149
lat0.0_h0.05_t4,0.0,0.05,7.0,-0.1487806126512191,0.05,-14.920046865521282,0.3028741587144112,2.40947893393028,False,True,False,insufficient_reach,999.0,,0.56,0.13260875408012404,0.0,0.0,3.2914532655842605,87.00588269391075,,149
lat0.0_h0.05_t5,0.0,0.05,7.0,-0.20853908650620612,0.05,-7.475537803641428,0.2189515944675263,4.671736790958376,False,True,False,insufficient_reach,999.0,,0.78,0.19686481402415915,0.0,0.0,3.854940106425831,94.53768311228939,,149
lat0.0_h0.05_t6,0.0,0.05,7.0,-0.0337005870601812,0.05,-7.760384370606893,0.03565970519161284,4.635522886181001,True,False,False,save,999.0,,nan,0.043367867306163994,0.0,0.0,1.9511221855777985,58.398184248020776,,149
lat0.0_h0.05_t7,0.0,0.05,7.0,0.09691069054665613,0.05,-10.565314182892918,-0.13997169215431035,3.3960219371164495,False,True,False,insufficient_reach,999.0,,0.76,0.05368717933469805,0.0,0.0,2.982249749240535,53.955142130642884,,149
lat0.0_h0.05_t8,0.0,0.05,7.0,-0.3292916366875198,0.05,-11.763814077923529,0.5155497475779576,3.132918763980289,False,True,False,insufficient_reach,999.0,,0.62,0.3991435474948619,0.0,0.0,3.303864048809282,83.31477863260496,,149
lat0.0_h0.05_t9,0.0,0.05,7.0,0.11512914054119983,0.05,-12.172656523176228,-0.19053326401214468,2.9638312096442667,False,True,False,insufficient_reach,999.0,,0.62,0.18364395036619988,0.0,0.0,2.8495743905554427,90.90044973695693,,149
lat0.0_h0.05_t10,0.0,0.05,7.0,-0.4650884473437762,0.05,-10.167627624557259,0.6636863865149994,3.4372542221335216,False,True,False,insufficient_reach,999.0,,0.68,0.14521566792994772,0.0,0.0,2.6237998069192106,71.50980210883021,,149
lat0.0_h0.05_t11,0.0,0.05,7.0,-0.4750283378829504,0.05,-7.947176902660451,0.5257598308859306,4.431707902427019,True,False,False,save,999.0,,0.76,0.3858612649536901,0.0,0.0,4.239863737516568,99.35564353187823,,149
lat0.0_h0.05_t12,0.0,0.05,7.0,0.4149658650779686,0.05,-11.019407658818098,-0.6107742823342518,3.3325037204063888,False,True,False,no_reaction,999.0,,nan,0.04426092047735367,0.0,0.0,1.9448592929395234,58.398184248020534,,149
lat0.0_h0.05_t13,0.0,0.05,7.0,-0.3001587287180605,0.05,-9.059962997569222,0.3672228846198965,4.009223351877993,False,True,False,insufficient_reach,999.0,,0.72,0.3503761762402769,0.0,0.0,4.502634955532322,97.2737409940054,,149
lat0.0_h0.05_t14,0.0,0.05,7.0,0.05645620582545641,0.05,-9.110260459161333,-0.07138138086591561,3.8794106560369306,True,False,False,save,999.0,,nan,0.04915508787621656,0.0,0.0,2.0664502023764855,59.6566305256169,,149
lat0.0_h0.05_t15,0.0,0.05,7.0,-0.1819504274490813,0.05,-7.614850571558353,0.19024250698805575,4.691206296465472,True,False,False,save,999.0,,nan,0.04415553647353,0.0,0.0,1.925381336885051,58.3981842480206,,149
lat0.0_h0.05_t16,0.0,0.05,7.0,-0.08141771446851087,0.05,-16.002062608715242,0.17991704127242886,2.219655718233759,False,True,False,insufficient_reach,999.0,,0.54,0.2106251745849882,0.0,0.0,2.125186295746709,63.84373845203117,,149
lat0.0_h0.05_t17,0.0,0.05,7.0,0.13709470082444253,0.05,-12.356715860216845,-0.2379019573912102,2.826582491871232,False,True,False,insufficient_reach,999.0,,0.6,0.2871223920639453,0.0,0.0,4.114973130198366,95.28564556923426,,149
lat0.0_h0.05_t18,0.0,0.05,7.0,0.11961592694492229,0.05,-14.062912357045464,-0.23209000908572622,2.5279680240269653,False,True,False,insufficient_reach,999.0,,0.58,0.14047202340256942,0.0,0.0,3.4591710868109313,90.78954151883198,,149
lat0.0_h0.05_t19,0.0,0.05,7.0,-0.16022975770115622,0.05,-12.382615135883018,0.2625650077145687,2.9932661947800114,False,True,False,insufficient_reach,999.0,,0.62,0.148365668034861,0.0,0.0,2.7017117979965053,85.18954955592136,,149
lat0.0_h0.05_t20,0.0,0.05,7.0,0.4901088460868658,0.05,-8.997105294095926,-0.5949744655488255,4.040482456400137,False,True,False,insufficient_reach,999.0,,0.72,0.42323146537066364,0.0,0.0,3.5179028603520357,82.84611240806099,,149
lat0.0_h0.05_t21,0.0,0.05,7.0,-0.2389514737651519,0.05,-16.36565510629894,0.534132529905294,2.194318662871713,False,True,False,insufficient_reach,999.0,,0.54,0.11584199530324064,0.0,0.0,2.901503440134035,80.77964387230732,,149
lat0.0_h0.05_t22,0.0,0.05,7.0,-0.12749106844653413,0.05,-7.482509167383838,0.13262488378394235,4.7151309233114205,False,True,False,no_reaction,999.0,,nan,0.04343168015061549,0.0,0.0,1.9016716682188604,58.398184248020854,,149
lat0.0_h0.05_t23,0.0,0.05,7.0,0.09521283412687476,0.05,-15.768858577597031,-0.20906768291026537,2.2338170342317873,False,True,False,insufficient_reach,999.0,,0.54,0.1695747992312741,0.0,0.0,2.7323063339658975,84.45086753733092,,149
lat0.0_h0.05_t24,0.0,0.05,7.0,-0.2533413841945935,0.05,-11.003657178514988,0.3792372662912918,3.2766808537218255,False,True,False,insufficient_reach,999.0,,0.66,0.18559443890110755,0.0,0.0,2.7813708444142975,83.74901441742637,,149
lat0.0_h0.05_t25,0.0,0.05,7.0,0.07789111269408833,0.05,-8.789089957419042,-0.0915605236806056,4.172714314055748,False,True,False,insufficient_reach,999.0,,0.74,0.08309594159132319,0.0,0.0,2.701430354446058,71.25264058523804,,149
lat0.0_h0.05_t26,0.0,0.05,7.0,-0.4931220377803507,0.05,-8.344137058600225,0.5772715671176124,4.189992601558055,True,False,False,save,999.0,,0.74,0.36724145502704547,0.0,0.0,4.425762147271137,99.02105862804133,,149
lat0.0_h0.05_t27,0.0,0.05,7.0,0.38458688822961373,0.05,-11.289615504978945,-0.5946743323352781,3.1721542097813322,False,True,False,insufficient_reach,999.0,,0.64,0.1867137309284024,0.0,0.0,3.083565825660627,87.59551908933,,149
lat0.0_h0.05_t28,0.0,0.05,7.0,-0.22836681872563036,0.05,-12.655427774786716,0.38816317887514323,2.8857431791837254,False,True,False,insufficient_reach,999.0,,0.6,0.19486150420466408,0.0,0.0,3.424172886456202,92.66057709857486,,149
lat0.0_h0.05_t29,0.0,0.05,7.0,0.3309491710550684,0.05,-12.085588917680258,-0.5467843090141224,2.9688227282015576,False,True,False,no_reaction,999.0,,nan,0.04426092047735254,0.0,0.0,1.9448592929394939,58.398184248020414,,149
lat0.0_h0.05_t30,0.0,0.05,7.0,-0.007180415467175405,0.05,-10.076846939805415,0.009988434649018833,3.5260718124591253,False,True,False,insufficient_reach,999.0,,0.68,0.4139097087451363,0.0,0.0,2.9400701167692684,80.68378146942077,,149
lat0.0_h0.2_t1,0.0,0.2,7.0,-0.3834169254443033,0.05,-10.877076563251677,0.5806652068213614,3.4659699474773724,False,True,False,insufficient_reach,999.0,,0.66,0.1741953790779175,0.0,0.0,2.7227401516371725,85.37581672663775,,149
lat0.0_h0.2_t2,0.0,0.2,7.0,0.15866135493976696,0.07262196572379243,-12.313345424851764,-0.26165566931234957,3.1843323914240473,False,True,False,insufficient_reach,999.0,,0.6,0.1606592281403993,0.0,0.0,2.662584770693815,89.30680850121975,,149
lat0.0_h0.2_t3,0.0,0.2,7.0,0.39838646658403487,0.05,-10.039033964699062,-0.5383868963032608,3.8322320727471206,False,True,False,insufficient_reach,999.0,,0.66,0.38436372734339036,0.0,0.0,3.637358230836653,87.83501955397168,,149
lat0.0_h0.2_t4,0.0,0.2,7.0,0.3009807004033649,0.05,-18.483449662487192,-0.7404442440342315,2.362832827980235,False,True,False,insufficient_reach,999.0,,0.52,0.30644966928785333,0.0,0.0,4.940870367080623,123.02965680309103,,149
lat0.0_h0.2_t5,0.0,0.2,7.0,0.48056822706072355,0.05,-10.553464676303236,-0.7083962353044357,3.548610207359806,False,True,False,no_reaction,999.0,,nan,0.0442609204773536,0.0,0.0,1.9448592929395077,58.39818424802064,,149
lat0.0_h0.2_t6,0.0,0.2,7.0,-0.46755655395281304,0.05,-9.868344789411848,0.6177187845204188,3.9108104049820254,False,True,False,insufficient_reach,999.0,,0.7000000000000001,0.17579740775925806,0.0,0.0,2.26548440990844,65.99086311929418,,149
lat0.0_h0.2_t7,0.0,0.2,7.0,0.06797429731608051,0.05,-15.556059857339525,-0.14714357017080892,2.5906130577871127,False,True,False,no_reaction,999.0,,nan,0.04426092047735213,0.0,0.0,1.9448592929395163,58.39818424802054,,149
lat0.0_h0.2_t8,0.0,0.2,7.0,-0.24032916104958602,0.08788945311919083,-8.518186299581362,0.2696558113384901,4.49734355770756,True,False,False,save,999.0,,nan,0.04850309671680622,0.0,0.0,2.1158501078975003,61.332110980932974,,149
lat0.0_h0.2_t9,0.0,0.2,7.0,-0.4472347421403974,0.05,-11.70919098888021,0.734965412977939,3.2312510523020266,False,True,False,no_reaction,999.0,,nan,0.044260920477351536,0.0,0.0,1.9448592929395108,58.398184248020634,,149
lat0.0_h0.2_t10,0.0,0.2,7.0,-0.24714188174988883,0.05,-13.821246153949629,0.4611604737937204,2.9085493353345684,False,True,False,insufficient_reach,999.0,,0.58,0.1755163781430039,0.0,0.0,3.0495307626657806,96.92070386928471,,149
lat0.0_h0.2_t11,0.0,0.2,7.0,-0.02264960187759868,0.05,-8.39960280808211,0.025331403750771014,4.553474792404871,True,False,False,save,999.0,,nan,0.04772151991269341,0.0,0.0,1.9696794897069023,58.93851389603388,,149
lat0.0_h0.2_t12,0.0,0.2,7.0,-0.290940626293154,0.05,-8.222609945503196,0.32933118566461245,4.503010835600673,True,False,False,save,999.0,,0.74,0.36422659109714445,0.0,0.0,4.4857581908207775,97.3597444724947,,149
lat0.0_h0.2_t13,0.0,0.2,7.0,-0.278761303553936,0.05,-10.910605901986026,0.4044243313168038,3.5985333853586976,False,True,False,insufficient_reach,999.0,,0.66,0.4072827969340622,0.0,0.0,3.506990494113879,83.07770318141023,,149
lat0.0_h0.2_t14,0.0,0.2,7.0,-0.04087597671331911,0.05,-8.155352515881676,0.04571366322920149,4.553676840274635,True,False,False,save,999.0,,nan,0.04775906622073686,0.0,0.0,1.9867208388674082,59.157925129309554,,149
lat0.0_h0.2_t15,0.0,0.2,7.0,0.18386645183534323,0.05,-16.05920070847232,-0.3902203176551365,2.629514048764077,False,True,False,insufficient_reach,999.0,,0.54,0.16216010335034367,0.0,0.0,3.0498427602915386,84.73578253484797,,149
lat0.0_h0.2_t16,0.0,0.2,7.0,-0.33878118802487744,0.05,-10.657024633490963,0.4943129413503502,3.5805434014550785,False,True,False,insufficient_reach,999.0,,0.66,0.13747690884973196,0.0,0.0,3.3736485892833485,86.11683451180865,,149
lat0.0_h0.2_t17,0.0,0.2,7.0,-0.4315495474339832,0.05,-10.1142577698808,0.5853001095387059,3.8199630068485217,False,True,False,insufficient_reach,999.0,,0.66,0.26243843372404424,0.0,0.0,4.13428100266937,94.75517561469782,,149
lat0.0_h0.2_t18,0.0,0.2,7.0,0.1617777324716385,0.05,-9.85992303548454,-0.2107365816935686,3.9608526940934774,False,True,False,insufficient_reach,999.0,,0.66,0.2004556754149724,0.0,0.0,3.0736408180418957,90.69724694860041,,149
lat0.0_h0.2_t19,0.0,0.2,7.0,0.33364401047517234,0.05,-9.996746433467129,-0.4567975238679353,3.7879698024928423,False,True,False,no_reaction,999.0,,nan,0.04485931540072908,0.0,0.0,1.9861133139329499,59.027123392196124,,149
lat0.0_h0.2_t20,0.0,0.2,7.0,-0.3941256817868707,0.05,-11.581413907669612,0.6315359994944096,3.3014425487075285,False,True,False,insufficient_reach,999.0,,0.64,0.16082714276561116,0.0,0.0,2.831473932096115,92.09467480520625,,149
lat0.0_h0.2_t21,0.0,0.2,7.0,-0.42989186035874305,0.05,-9.223013667651419,0.5336998054384874,4.137168051622455,False,True,False,insufficient_reach,999.0,,0.72,0.1021280339167693,0.0,0.0,2.02057251133254,68.51866662706897,,149
lat0.0_h0.2_t22,0.0,0.2,7.0,-0.45808478328374247,0.05,-15.207122628080892,0.9271326821062869,2.7270896672263745,False,True,False,insufficient_reach,999.0,,0.56,0.1558096903031846,0.0,0.0,2.9402441350008663,90.1460275563424,,149
lat0.0_h0.2_t23,0.0,0.2,7.0,-0.18230530245283783,0.08746984222974291,-8.65286766660383,0.2206902006891452,4.188091458823464,True,False,False,save,999.0,,0.7000000000000001,0.20240106959062315,0.0,0.0,2.6083123545546476,71.8633291391766,,149
lat0.0_h0.2_t24,0.0,0.2,7.0,-0.44978556830954475,0.05,-12.789834020225022,0.7651625499062864,3.1384823552751944,False,True,False,insufficient_reach,999.0,,0.6,0.19539304440097952,0.0,0.0,3.250385834969226,98.03792229015288,,149
lat0.0_h0.2_t25,0.0,0.2,7.0,-0.4086258951395908,0.05,-12.277014248926147,0.6926425478506241,3.1479727838299114,False,True,False,insufficient_reach,999.0,,0.62,0.17677136607162341,0.0,0.0,3.248002727263676,93.83685020220203,,149
lat0.0_h0.2_t26,0.0,0.2,7.0,-0.056096167680088405,0.05743783458005264,-8.403518421018651,0.06458389129169248,4.42450942081383,False,True,False,insufficient_reach,999.0,,0.74,0.11883778664118222,0.0,0.0,2.106987238123879,68.0089519780771,,149
lat0.0_h0.2_t27,0.0,0.2,7.0,-0.2628555340222888,0.05,-18.702875914022677,0.6492897947237285,2.3562388417926465,False,True,False,insufficient_reach,999.0,,0.5,0.4904564066059596,0.0,0.0,2.6593869060232063,60.74633613518237,,149
lat0.0_h0.2_t28,0.0,0.2,7.0,-0.25049692031725823,0.05,-10.448418522061992,0.35770639564899476,3.6491028204739115,False,True,False,insufficient_reach,999.0,,0.68,0.1367219466608901,0.0,0.0,3.244039714971685,83.18597411331301,,149
lat0.0_h0.2_t29,0.0,0.2,7.0,0.3843551504557535,0.05,-7.659922150541379,-0.40847572225422685,4.774772176745377,False,True,False,insufficient_reach,999.0,,0.78,0.3945200501197967,0.0,0.0,2.5069853145668426,84.3103225789875,,149
lat0.0_h0.2_t30,0.0,0.2,7.0,-0.17565419230494428,0.05,-8.998766687736289,0.2122176875408313,4.241129183907565,False,True,False,insufficient_reach,999.0,,0.72,0.15809595461415202,0.0,0.0,2.4038092844719086,75.56083692427593,,149
lat0.0_h0.4_t1,0.0,0.4,7.0,-0.059426471987692686,0.05,-8.214032863375557,0.06499562225528784,4.867515287569574,False,True,False,no_reaction,999.0,,nan,0.04721310377660736,0.0,0.0,1.981496365526199,59.31450523349276,,149
lat0.0_h0.4_t2,0.0,0.4,7.0,0.28018926848299497,0.29904912890055424,-9.496039285524818,-0.3631247581834938,3.915559922154831,True,False,False,save,999.0,,0.62,0.14101972947680996,0.0,0.0,3.1402926889214253,65.0377203805447,,149
lat0.0_h0.4_t3,0.0,0.4,7.0,-0.19550746725104917,0.05,-10.825088603305632,0.2893018910809727,3.8326643545827888,False,True,False,insufficient_reach,999.0,,0.64,0.4228335539801323,0.0,0.0,3.639000230565937,87.99244167904274,,149
lat0.0_h0.4_t4,0.0,0.4,7.0,-0.0031044814999511283,0.2667768192803664,-7.84098156012944,0.0033300183467332442,4.715693835142312,True,False,False,save,999.0,,nan,0.046308466823448094,0.0,0.0,1.9769426536069339,59.0570687743964,,149
lat0.0_h0.4_t5,0.0,0.4,7.0,-0.05774772348044088,0.21888442903150518,-15.43528805476928,0.120735170199454,2.7247298319686886,True,False,False,save,999.0,,0.52,0.22042771328129698,0.0,0.0,3.366492712876947,65.6548320125531,,149
lat0.0_h0.4_t6,0.0,0.4,7.0,0.3049637303992545,0.05,-8.928868347938632,-0.3745363093942586,4.423710920445732,False,True,False,insufficient_reach,999.0,,0.8200000000000001,0.05287142107643905,0.0,0.0,2.3281783012981845,53.771273383573444,,149
lat0.0_h0.4_t7,0.0,0.4,7.0,-0.2650057224653084,0.23206039319916727,-11.87015758977219,0.4406671030395356,3.2289991488256207,True,False,False,save,999.0,,0.6,0.3656937159943732,0.0,0.0,5.450391706306889,80.10037562521146,,149
lat0.0_h0.4_t8,0.0,0.4,7.0,-0.2201073477535731,0.05,-12.410323907684065,0.3776971890520956,3.459033570796532,False,True,False,insufficient_reach,999.0,,0.58,0.14421705576915567,0.0,0.0,4.533935969266834,101.75896331597475,,149
lat0.0_h0.4_t9,0.0,0.4,7.0,-0.07999592591859506,0.05,-7.5373639277065045,0.08366463630084177,5.055966232609951,True,False,False,save,999.0,,nan,0.04708369204143862,0.0,0.0,1.965467518937643,58.3981842480209,,149
lat0.0_h0.4_t10,0.0,0.4,7.0,0.28161547919639907,0.05,-9.029961279496286,-0.3357784157802489,4.5311113552767885,False,True,False,insufficient_reach,999.0,,0.8200000000000001,0.05445555922033813,0.0,0.0,2.2741425035588265,54.27633341551271,,149
lat0.0_h0.4_t11,0.0,0.4,7.0,0.06621501575261657,0.05,-8.895420769070261,-0.0808851778957356,4.442922784567469,False,True,False,no_reaction,999.0,,nan,0.04721757788349629,0.0,0.0,1.9988557711472874,58.92440061027071,,149
lat0.0_h0.4_t12,0.0,0.4,7.0,0.25145294445934363,0.05,-10.236859758472294,-0.34864906386992855,4.022876152519397,False,True,False,insufficient_reach,999.0,,0.66,0.44301986772300767,0.0,0.0,3.409750434156678,85.75236090077385,,149
lat0.0_h0.4_t13,0.0,0.4,7.0,-0.08950420593944541,0.05,-13.832073875429748,0.17323330322483044,3.2116762550428275,False,True,False,no_reaction,999.0,,nan,0.044260920477354096,0.0,0.0,1.9448592929395139,58.39818424802012,,149
lat0.0_h0.4_t14,0.0,0.4,7.0,-0.4124087025940536,0.05,-12.242664315934237,0.6983672015573554,3.4892482950124646,False,True,False,no_reaction,999.0,,nan,0.04426092047735281,0.0,0.0,1.9448592929395088,58.39818424802037,,149
lat0.0_h0.4_t15,0.0,0.4,7.0,-0.21267328349109804,0.05,-17.226625016425245,0.4942034230903372,2.9241145764972454,False,True,False,insufficient_reach,999.0,,0.74,0.05760287330332225,0.0,0.0,3.2294789212838273,88.98064057995481,,149
lat0.0_h0.4_t16,0.0,0.4,7.0,0.2590869325556384,0.19101169209003804,-9.446567618969542,-0.3248014976444135,4.174605340117855,True,False,False,save,999.0,,0.64,0.2896606649979382,0.0,0.0,4.16769906981374,81.15238027244457,,149
lat0.0_h0.4_t17,0.0,0.4,7.0,-0.2837494718134711,0.05,-9.03654512488941,0.3476114970524997,4.432642442931598,False,True,False,no_reaction,999.0,,nan,0.04487171027860587,0.0,0.0,1.9679925367293007,58.667003154404156,,149
lat0.0_h0.4_t18,0.0,0.4,7.0,0.23390537700186942,0.05,-7.790650552610083,-0.247131456505656,5.01228286097297,True,False,False,save,999.0,,nan,0.04701864471650275,0.0,0.0,1.9299214364359987,59.6935840821753,,149
lat0.0_h0.4_t19,0.0,0.4,7.0,0.32735655482614556,0.13393545267555285,-15.116879175908531,-0.6886796911861038,2.8912755031677664,True,False,False,save,999.0,,0.54,0.2043902585542996,0.0,0.0,2.6635650949959517,74.24157725711275,,149
lat0.0_h0.4_t20,0.0,0.4,7.0,0.4760326986002038,0.05,-8.192324018247545,-0.5398966859404914,4.721746696702213,True,False,False,save,999.0,,nan,0.04732664109212662,0.0,0.0,1.9892630868001877,60.582347163700334,,149
lat0.0_h0.4_t21,0.0,0.4,7.0,-0.3888628526679876,0.15924201381364939,-12.196356295707353,0.6622919945890196,3.290003842752906,True,False,False,save,999.0,,0.58,0.29215212378046007,0.0,0.0,5.657117488161436,79.52392816131342,,149
lat0.0_h0.4_t22,0.0,0.4,7.0,0.04558212179206644,0.05,-8.201364371135615,-0.05213482810519684,4.6888164833274,True,False,False,save,999.0,,nan,0.04803437956012847,0.0,0.0,1.9989147009604213,59.803031665915306,,149
lat0.0_h0.4_t23,0.0,0.4,7.0,-0.41797631478852915,0.05,-9.281032589119542,0.5265302605885609,4.334643187055323,False,True,False,insufficient_reach,999.0,,0.72,0.13776583025218453,0.0,0.0,2.831202161544847,80.33900772371022,,149
lat0.0_h0.4_t24,0.0,0.4,7.0,0.004619024607695588,0.05,-17.516841921998065,-0.011049959751345444,2.8876477164471726,False,True,False,insufficient_reach,999.0,,0.56,0.09327189924445281,0.0,0.0,1.831927062907574,66.58052843513475,,149
lat0.0_h0.4_t25,0.0,0.4,7.0,0.007082424060266712,0.15516074982118466,-12.241934223373525,-0.011589954254478192,3.3980266076569117,True,False,False,save,999.0,,0.52,0.3991615201806898,0.0,0.0,4.3463182490443515,100.37308481187144,,149
lat0.0_h0.4_t26,0.0,0.4,7.0,-0.053558078203451265,0.14750883081640204,-8.500410115747881,0.06221872130170609,4.515560410404894,False,True,False,insufficient_reach,999.0,,0.78,0.05419278306590266,0.0,0.0,2.907055408174683,51.765060299567146,,149
lat0.0_h0.4_t27,0.0,0.4,7.0,-0.47646750558590123,0.07184914555873767,-10.597014852025076,0.6802533425426912,3.904093701268108,False,True,False,insufficient_reach,999.0,,0.64,0.14072630620894905,0.0,0.0,3.339121042408619,89.43865605594414,,149
lat0.0_h0.4_t28,0.0,0.4,7.0,0.10319216561466749,0.10944021886104471,-14.973200783858102,-0.21610713510187482,2.950656604284244,False,True,False,no_reaction,999.0,,nan,0.045049409364212235,0.0,0.0,1.932823304621731,59.53876952035007,,149
lat0.0_h0.4_t29,0.0,0.4,7.0,-0.3049910195613842,0.16083722475266027,-10.76243576200237,0.4468274371927875,3.6983917165835654,True,False,False,save,999.0,,0.62,0.1863472576685741,0.0,0.0,4.314529526447911,78.48566426540448,,149
lat0.0_h0.4_t30,0.0,0.4,7.0,0.011638582519014062,0.05,-8.459732513367396,-0.01330309010208381,4.691332923098074,False,True,False,insufficient_reach,999.0,,0.74,0.10091702199519681,0.0,0.0,1.8969598928905422,70.75100292926194,,149
lat0.0_h0.8_t1,0.0,0.8,7.0,-0.3649198537742393,0.3607101639404408,-16.628353121348397,0.8003280076760456,3.1999312235753203,True,False,False,save,999.0,,0.54,0.11610145734682321,0.0,0.0,2.2096954531861934,60.228019844435934,,149
lat0.0_h0.8_t2,0.0,0.8,7.0,-0.49459507632733013,0.30053850838262547,-7.7434268611447905,0.5118140517818982,5.25683082612683,False,True,False,insufficient_reach,999.0,,0.74,0.12769905373288193,0.0,0.0,2.2561665513612095,71.08065357826544,,149
lat0.0_h0.8_t3,0.0,0.8,7.0,-0.035933310595495316,0.6772247589627887,-14.62684903375611,0.0739311907988235,2.6366171800879634,True,False,False,save,999.0,,1.1,0.1547438975103995,0.0,0.0,2.6681757415548053,66.1601520798296,,149
lat0.0_h0.8_t4,0.0,0.8,7.0,-0.24891989633483225,0.5601700995295458,-9.321279054521368,0.3124447951156584,4.208772029157615,True,False,False,save,999.0,,0.74,0.054561605237958825,0.0,0.0,2.7380414634067374,61.13673594327055,,149
lat0.0_h0.8_t5,0.0,0.8,7.0,-0.38655918289608326,0.6987636874357421,-15.745185135028459,0.8168967650462731,2.535005605430066,True,False,False,save,999.0,,0.56,0.12114718131343966,0.0,0.0,1.8319270629075775,66.27048612548192,,149
lat0.0_h0.8_t6,0.0,0.8,7.0,-0.3736135775943329,0.31113756303096535,-9.657410456882207,0.4938809354941966,4.356788258693797,True,False,False,save,999.0,,0.62,0.1413040775570269,0.0,0.0,2.666255732542739,63.173120363748296,,149
lat0.0_h0.8_t7,0.0,0.8,7.0,0.13137532604825097,0.47055934272064903,-12.814307177533815,-0.23664622812160938,3.316456140825021,True,False,False,save,999.0,,0.6,0.18633626622025906,0.0,0.0,2.847915326722488,69.28407436593756,,149
lat0.0_h0.8_t8,0.0,0.8,7.0,0.1638244748527251,0.6861210894521599,-14.358426788128178,-0.3245409434177403,2.7015840283029973,True,False,False,save,999.0,,0.56,0.14245433881908712,0.0,0.0,2.393577126297131,65.27590157808984,,149
lat0.0_h0.8_t9,0.0,0.8,7.0,0.06391956675562371,0.5001114140831041,-7.90858344809719,-0.06841947509305454,4.903401661823661,False,True,False,insufficient_reach,999.0,,0.7000000000000001,0.20275698003124765,0.0,0.0,2.4670741911617253,71.39658285512597,,149
lat0.0_h0.8_t10,0.0,0.8,7.0,-0.1590414285644417,0.6669072266310723,-16.30321724794932,0.3503685394952585,2.5197111823204654,True,False,False,save,999.0,,0.52,0.11735998044934538,0.0,0.0,2.3823227402437905,54.874723868220286,,149
lat0.0_h0.8_t11,0.0,0.8,7.0,-0.20664657855899016,0.5101881229423573,-15.345343697887493,0.4252259539559331,2.980036260116413,True,False,False,save,999.0,,nan,0.044652871785310355,0.0,0.0,1.8969847120604286,67.5102537819712,,149
lat0.0_h0.8_t12,0.0,0.8,7.0,0.1763610678727241,0.5718532729580574,-7.973225645186299,-0.1875865336699832,4.854145653927547,False,True,False,insufficient_reach,999.0,,0.7000000000000001,0.16757552826132047,0.0,0.0,2.4948725307829926,73.33027724272652,,149
lat0.0_h0.8_t13,0.0,0.8,7.0,-0.22804544060180132,0.3871565518506976,-12.295453129657432,0.39488766904353256,3.54749760845387,False,True,False,insufficient_reach,999.0,,0.54,0.22229302044868432,0.0,0.0,2.3702518210513017,83.9477712694616,,149
lat0.0_h0.8_t14,0.0,0.8,7.0,-0.4837565567905463,0.591511221780259,-9.480229563825972,0.6200203039353733,4.094228790693951,False,True,False,insufficient_reach,999.0,,0.62,0.20210606206670048,0.0,0.0,3.555737253148857,90.61041522810768,,149
lat0.0_h0.8_t15,0.0,0.8,7.0,-0.15726907457209283,0.3538305068416431,-9.234016285621587,0.19682410836083594,4.477646177471778,False,True,False,insufficient_reach,999.0,,0.64,0.3887179092168442,0.0,0.0,3.1258277465448643,83.33738941396274,,149
lat0.0_h0.8_t16,0.0,0.8,7.0,0.14978804676429958,0.34137364594419334,-8.409284981668268,-0.16663278877041893,4.919360636905159,True,False,False,save,999.0,,1.6600000000000001,0.052418942956713996,0.0,0.0,2.247206473739206,61.34469768658481,,149
lat0.0_h0.8_t17,0.0,0.8,7.0,-0.3817813777089114,0.30001228753815296,-8.944634274777911,0.45593266073991934,4.704365623281184,False,True,False,insufficient_reach,999.0,,0.7000000000000001,0.18538981575741825,0.0,0.0,2.68449524970685,78.58847694390192,,149
lat0.0_h0.8_t18,0.0,0.8,7.0,-0.48710253021047456,0.5161197627045999,-11.771561135214716,0.7933812472326776,3.473840059410682,True,False,False,save,999.0,,0.64,0.1836712844814182,0.0,0.0,3.228208920034046,72.10864576926417,,149
lat0.0_h0.8_t19,0.0,0.8,7.0,0.01446132773989417,0.33402255419569643,-7.575448032435764,-0.014838538406291497,5.258441981386871,True,False,False,save,999.0,,nan,0.04941069884635922,0.0,0.0,2.0625446549971724,60.33200502536709,,149
lat0.0_h0.8_t20,0.0,0.8,7.0,-0.1112736521234533,0.3961196493801467,-11.78935609515588,0.17719088588128418,3.7234128619468847,False,True,False,insufficient_reach,999.0,,0.62,0.2658026262653297,0.0,0.0,2.268065121266718,74.7917836219448,,149
lat0.0_h0.8_t21,0.0,0.8,7.0,-0.32310304917601607,0.6949344634318184,-12.137379182535234,0.5486076304389088,3.0671993219538147,True,False,False,save,999.0,,1.16,0.20033737816192354,0.0,0.0,3.1059752238656326,68.28323185622448,,149
lat0.0_h0.8_t22,0.0,0.8,7.0,0.4955689004906878,0.5330857797378726,-10.48055567205023,-0.689129480227663,3.898464873883442,True,False,False,save,999.0,,1.72,0.050944225847716816,0.0,0.0,1.8319270629075775,66.73042148049603,,149
lat0.0_h0.8_t23,0.0,0.8,7.0,-0.0972962790054398,0.5690029050694596,-12.165888080367878,0.16320371357564392,3.311659433585324,False,True,False,insufficient_reach,999.0,,0.62,0.25281875685176364,0.0,0.0,2.340830939717047,70.9435836370453,,149
lat0.0_h0.8_t24,0.0,0.8,7.0,0.13239625646550857,0.3513303448755058,-12.164443817425468,-0.22472660791775065,3.65131204746362,True,False,False,save,999.0,,0.58,0.205810304490033,0.0,0.0,2.8095142809184805,72.65129449186007,,149
lat0.0_h0.8_t25,0.0,0.8,7.0,0.25347211065959674,0.6491437686262658,-9.129680573189724,-0.3106073069678075,4.187602085832453,False,True,False,insufficient_reach,999.0,,0.62,0.21087354166757896,0.0,0.0,3.2660670641692584,91.98352178423595,,149
lat0.0_h0.8_t26,0.0,0.8,7.0,-0.31336006020231744,0.31027585794776325,-8.840411223072293,0.37387131421500214,4.695415467849561,True,False,False,save,999.0,,1.7,0.05130662766432471,0.0,0.0,2.1336239054872626,65.51330377195248,,149
lat0.0_h0.8_t27,0.0,0.8,7.0,0.3499593305032054,0.37849828668246627,-11.126956958296155,-0.5256063393577167,3.8989045367589994,False,True,False,insufficient_reach,999.0,,0.56,0.23985917625581707,0.0,0.0,2.391401809552927,76.9892636173368,,149
lat0.0_h0.8_t28,0.0,0.8,7.0,-0.021508929892810835,0.5342254915173208,-7.314293305102514,0.021990792838537578,5.069250120311064,False,True,False,insufficient_reach,999.0,,0.74,0.1424007036686096,0.0,0.0,2.016937034568243,61.87522951176464,,149
lat0.0_h0.8_t29,0.0,0.8,7.0,-0.3945165725389643,0.534235073549045,-15.784342140025906,0.8735600484486511,2.8036637904048556,True,False,False,save,999.0,,0.48,0.3344923733959375,0.0,0.0,3.9225262283017672,85.4893326496667,,149
lat0.0_h0.8_t30,0.0,0.8,7.0,0.3200675020556494,0.3166315839386375,-13.732462637167274,-0.5924493756721863,3.544620778358278,True,False,False,save,999.0,,0.56,0.15845653326141193,0.0,0.0,2.80663937064329,66.82256767720419,,149
lat0.0_h1.2_t1,0.0,1.2,7.0,-0.1922290947068509,0.9454551611957535,-8.88185608822272,0.23627377595658683,4.303508219307341,False,True,False,insufficient_reach,999.0,,0.66,0.08797681570240261,0.0,0.0,2.7448506177790177,85.13115643704835,,149
lat0.0_h1.2_t2,0.0,1.2,7.0,0.2302217177572492,0.8459289880831193,-8.343051296527904,-0.2598572254125066,4.745256705670734,False,True,False,insufficient_reach,999.0,,0.68,0.07738831468626028,0.0,0.0,3.192918259626646,88.02074712995517,,149
lat0.0_h1.2_t3,0.0,1.2,7.0,0.20173827387725718,0.9225858549395287,-10.585366013976943,-0.29680096530913314,3.7421090864057263,False,True,False,insufficient_reach,999.0,,0.56,0.1486642266564026,0.0,0.0,2.3348888876531935,65.03770073237985,,149
lat0.0_h1.2_t4,0.0,1.2,7.0,-0.184226848750504,0.7227525591110585,-7.50997113278464,0.1945776985586094,5.148132991357214,False,True,False,no_reaction,999.0,,nan,0.04487899544277943,0.0,0.0,1.975783783739899,58.97497821300048,,149
lat0.0_h1.2_t5,0.0,1.2,7.0,0.17566290220707304,0.8583748904783799,-8.846938292035787,-0.21389321965812744,4.444276775470061,False,True,False,insufficient_reach,999.0,,0.66,0.0980605123395767,0.0,0.0,2.9987721454005323,85.5400806474791,,149
lat0.0_h1.2_t6,0.0,1.2,7.0,0.434729915488301,0.80035163995628,-10.863983757469924,-0.6464287337390046,3.892926162491108,False,True,False,insufficient_reach,999.0,,0.56,0.45128979986809514,0.0,0.0,3.8816853561363236,90.67646889391953,,149
lat0.0_h1.2_t7,0.0,1.2,7.0,-0.12216078627281335,0.7248147054515125,-10.103103183051513,0.16272356060604812,4.315278173671616,False,True,False,insufficient_reach,999.0,,0.6,0.1360290151427181,0.0,0.0,3.1352267960262283,90.58923974125014,,149
lat0.0_h1.2_t8,0.0,1.2,7.0,0.15810221805649205,1.0990997556040802,-10.206623153039724,-0.2247177844662081,3.59437090845554,False,True,False,insufficient_reach,999.0,,0.58,0.3270145260686691,0.0,0.0,2.993574319571256,74.51608548252905,,149
lat0.0_h1.2_t9,0.0,1.2,7.0,-0.38485382160479886,1.0533094405704895,-11.912385327099065,0.627987111467784,3.2453291824590664,False,True,False,insufficient_reach,999.0,,0.6,0.18044965304963223,0.0,0.0,1.9815318902766137,76.97446997077333,,149
lat0.0_h1.2_t10,0.0,1.2,7.0,-0.05796657906887648,0.9592933875231383,-11.749305046412573,0.09166638166313688,3.4823938639877023,False,True,False,insufficient_reach,999.0,,0.54,0.19478695797824921,0.0,0.0,3.371103473063261,85.5129330188088,,149
lat0.0_h1.2_t11,0.0,1.2,7.0,-0.36464456502671594,0.779055688236452,-11.503111407782818,0.5618765840538621,3.83185677467444,False,True,False,insufficient_reach,999.0,,0.58,0.181409229104418,0.0,0.0,1.9662083671582147,80.85871107975753,,149
lat0.0_h1.2_t12,0.0,1.2,7.0,-0.3887912526617813,1.0472677181306016,-13.206927887892675,0.6974054907991858,3.0084188550779603,False,True,False,insufficient_reach,999.0,,1.24,0.16388217709761194,0.0,0.0,2.1600016550830063,73.79467858511624,,149
lat0.0_h1.2_t13,0.0,1.2,7.0,-0.4619136994006807,0.9479874259496656,-14.949688269969673,0.9284272125444629,2.9468840285113207,False,True,False,insufficient_reach,999.0,,0.52,0.12956409063826557,0.0,0.0,1.8319270629075788,54.35017148840459,,149
lat0.0_h1.2_t14,0.0,1.2,7.0,-0.1363546410805504,0.7394376920967745,-13.462488192541139,0.2577836506367816,3.465209964551022,False,True,False,no_reaction,999.0,,nan,0.04426092047735423,0.0,0.0,1.9448592929394992,58.3981842480206,,149
lat0.0_h1.2_t15,0.0,1.2,7.0,0.0299703410214206,0.9713567542012052,-13.116723500966962,-0.054239391022319686,3.1240822389687386,False,True,False,insufficient_reach,999.0,,0.56,0.19498527980767374,0.0,0.0,2.165696960536532,70.59398182197971,,149
lat0.0_h1.2_t16,0.0,1.2,7.0,0.3787692497929145,0.9233409260256453,-14.694897595099889,-0.7745535791132253,2.9643707048362495,False,True,False,insufficient_reach,999.0,,0.5,0.3121541278405314,0.0,0.0,4.3164711018812385,79.8816550661966,,149
lat0.0_h1.2_t17,0.0,1.2,7.0,0.023663416054610753,0.827649395928185,-11.890942632290631,-0.037987407204915925,3.653204075045693,False,True,False,insufficient_reach,999.0,,0.58,0.1859835296679778,0.0,0.0,1.9714807520036972,79.3986624352163,,149
lat0.0_h1.2_t18,0.0,1.2,7.0,-0.18498962762326843,1.0165639002027902,-10.264350211609958,0.26370787047012606,3.7023239237536103,False,True,False,no_reaction,999.0,,nan,0.04426092047735507,0.0,0.0,1.944859292939502,58.39818424802076,,149
lat0.0_h1.2_t19,0.0,1.2,7.0,-0.3048028354281175,0.9713964674602324,-11.777501914453197,0.4949090558596952,3.392058092073124,False,True,False,no_reaction,999.0,,nan,0.044260920477354956,0.0,0.0,1.9448592929395052,58.39818424802057,,149
lat0.0_h1.2_t20,0.0,1.2,7.0,-0.10586395321737185,0.9413336784848139,-7.316621593083236,0.10664784436590809,5.129528562411473,False,True,False,no_reaction,999.0,,nan,0.04388911976136723,0.0,0.0,1.9276948303225703,58.398184248020584,,149
lat0.0_h1.2_t21,0.0,1.2,7.0,0.4956378335948083,0.7041974564559776,-10.724963922252265,-0.7270495690419669,4.071084613657241,False,True,False,insufficient_reach,999.0,,0.58,0.2020757616204632,0.0,0.0,2.4776088455239895,86.06824386863356,,149
lat0.0_h1.2_t22,0.0,1.2,7.0,0.117931559846298,0.8367389141992367,-15.3078651234361,-0.24093012325232355,3.143051363113702,False,True,False,insufficient_reach,999.0,,0.48,0.10706291286568602,0.0,0.0,2.3429085434378605,83.96802929935296,,149
lat0.0_h1.2_t23,0.0,1.2,7.0,0.06689279624953604,0.8406169040198791,-17.690853496212732,-0.1640557334931624,2.8813791969542764,False,True,False,insufficient_reach,999.0,,0.46,0.13244273736167592,0.0,0.0,2.3791663135150136,67.13019459507322,,149
lat0.0_h1.2_t24,0.0,1.2,7.0,-0.37290375978156076,0.7757134583664037,-17.270964231151304,0.899720737945423,3.0566504570790785,False,True,False,insufficient_reach,999.0,,0.48,0.13353570467722958,0.0,0.0,2.1966155787103068,86.91504234212043,,149
lat0.0_h1.2_t25,0.0,1.2,7.0,0.3353725302842461,0.7787551487102733,-8.872279492448053,-0.3939639432523943,4.6703533905603045,False,True,False,insufficient_reach,999.0,,0.64,0.2803560120311613,0.0,0.0,4.08034730791899,92.8004047265645,,149
lat0.0_h1.2_t26,0.0,1.2,7.0,0.003546981511886149,0.727243609889409,-13.917594989973724,-0.006825752470611894,3.4586328987739385,False,True,False,insufficient_reach,999.0,,0.56,0.17346622312000975,0.0,0.0,2.1689156373322525,71.08338313817909,,149
lat0.0_h1.2_t27,0.0,1.2,7.0,-0.054613474022127795,0.7058268619005115,-7.62885242897548,0.05681642305769226,5.228924576962259,False,True,False,insufficient_reach,999.0,,0.7000000000000001,0.3945437895433702,0.0,0.0,3.8325342545561485,89.49781933482377,,149
lat0.0_h1.2_t28,0.0,1.2,7.0,-0.08487506046527893,0.7057323623468004,-7.808769111668612,0.09227802220187595,5.048877225820562,False,True,False,insufficient_reach,999.0,,0.72,0.11100400927047215,0.0,0.0,2.4003137397770624,73.81355315174294,,149
lat0.0_h1.2_t29,0.0,1.2,7.0,0.3248537674871036,1.015096875320948,-18.20061629490506,-0.7873092510291269,2.471992721494332,False,True,False,insufficient_reach,999.0,,0.46,0.21031014261119563,0.0,0.0,3.1367741901970008,66.37188012152086,,149
lat0.0_h1.2_t30,0.0,1.2,7.0,-0.41989427339039775,0.8767334819207817,-13.86637953471679,0.7832919318201618,3.2324294852803264,False,True,False,insufficient_reach,999.0,,0.8,0.17290867515707842,0.0,0.0,2.476571185869433,74.74578139757925,,149
lat0.0_h1.6_t1,0.0,1.6,7.0,-0.1132929429560221,1.120460082248159,-14.101220741345852,0.22184921411813668,3.4438937081219776,False,True,False,insufficient_reach,999.0,,0.52,0.1647164106285623,0.0,0.0,2.8201540350725143,84.07527881917903,,149
lat0.0_h1.6_t2,0.0,1.6,7.0,-0.11721589959695944,1.435658643228301,-10.383865724561836,0.16578761394774294,3.700395850446822,False,True,False,insufficient_reach,999.0,,0.6,0.2545403938701031,0.0,0.0,4.282537639823499,96.28997478783798,,149
lat0.0_h1.6_t3,0.0,1.6,7.0,-0.42884432112209026,1.3295463398708385,-10.137670971485175,0.6096578320627836,3.834750478009424,False,True,False,insufficient_reach,999.0,,0.6,0.24210436842176286,0.0,0.0,3.9905524270780264,101.13034577400387,,149
lat0.0_h1.6_t4,0.0,1.6,7.0,0.4597910204048502,1.1194779393599719,-7.961563173341691,-0.4960952147904496,5.064515765477915,False,True,False,insufficient_reach,999.0,,0.7000000000000001,0.2804477208165586,0.0,0.0,2.507906034988699,80.14916917150568,,149
lat0.0_h1.6_t5,0.0,1.6,7.0,0.041270110941678095,1.3582288725709712,-16.866725853038567,-0.09677834558486541,2.65863874613498,False,True,False,insufficient_reach,999.0,,0.46,0.22724322649997217,0.0,0.0,2.632220656039278,76.5490907679581,,149
lat0.0_h1.6_t6,0.0,1.6,7.0,-0.20338751784290687,1.1308750120905873,-7.773065784841141,0.21020172514025562,5.230834677111159,False,True,False,no_reaction,999.0,,nan,0.04426092047735307,0.0,0.0,1.9448592929395125,58.39818424802071,,149
lat0.0_h1.6_t7,0.0,1.6,7.0,0.018561688665733933,1.1983389769973603,-15.040200559877409,-0.03898149678024542,3.179127767122552,False,True,False,insufficient_reach,999.0,,0.58,0.17670712182010864,0.0,0.0,2.5483072353697085,81.46957411238559,,149
lat0.0_h1.6_t8,0.0,1.6,7.0,0.44898066704700135,1.1570226220132462,-7.489315848266916,-0.4518257232473222,5.3198985892899,False,True,False,insufficient_reach,999.0,,0.74,0.4830732002131634,0.0,0.0,3.0755664766063475,76.27663373875706,,149
lat0.0_h1.6_t9,0.0,1.6,7.0,-0.49581255637204213,1.3681737335187671,-9.740718264862288,0.6765640214487585,3.9109156305938475,False,True,False,insufficient_reach,999.0,,0.62,0.12148660443824073,0.0,0.0,2.68338255209825,67.1147749160562,,149
lat0.0_h1.6_t10,0.0,1.6,7.0,-0.0845569994079104,1.1096020179379555,-11.361369753519346,0.13079736044644677,3.9295257085318545,False,True,False,insufficient_reach,999.0,,0.56,0.20041583240566405,0.0,0.0,2.9986053823685923,91.7318802407649,,149
lat0.0_h1.6_t11,0.0,1.6,7.0,0.4567204338893498,1.3397438900168663,-14.121918475191388,-0.9021649725926606,2.9972398775843443,False,True,False,insufficient_reach,999.0,,0.5,0.1442097436258272,0.0,0.0,1.841495170808576,58.6227269465073,,149
lat0.0_h1.6_t12,0.0,1.6,7.0,-0.2630760061032765,1.1387862683861698,-12.383482037055632,0.4464831289716764,3.672870841801103,False,True,False,insufficient_reach,999.0,,0.54,0.19815073376546807,0.0,0.0,1.9022768273815167,62.211115237981566,,149
lat0.0_h1.6_t13,0.0,1.6,7.0,0.0469288759854769,1.2900359491467073,-8.46750318205609,-0.05341881140085426,4.6619137470808765,False,True,False,insufficient_reach,999.0,,0.68,0.501090328401725,0.0,0.0,3.034271606117572,81.42365026264855,,149
lat0.0_h1.6_t14,0.0,1.6,7.0,-0.15006214642928595,1.4129703248851153,-16.320179870606804,0.3382513271488586,2.597637859312856,False,True,False,insufficient_reach,999.0,,0.56,0.1878538008930367,0.0,0.0,2.6877178324433992,82.24100289557475,,149
lat0.0_h1.6_t15,0.0,1.6,7.0,0.3306227604317913,1.1898629590567067,-13.844823110560766,-0.6073132958006645,3.4236645621067874,False,True,False,insufficient_reach,999.0,,0.52,0.17666037149268535,0.0,0.0,2.8745070138228255,81.44034499427613,,149
lat0.0_h1.6_t16,0.0,1.6,7.0,-0.3191080986211017,1.4196631884419129,-11.751419325594444,0.49412551826521106,3.446911249884514,False,True,False,insufficient_reach,999.0,,0.58,0.5004335374453915,0.0,0.0,5.82620775413359,130.36601261938276,,149
lat0.0_h1.6_t17,0.0,1.6,7.0,0.07835976311654003,1.4330447093304526,-8.717724393061925,-0.09344983641324218,4.312058009631115,False,True,False,insufficient_reach,999.0,,0.64,0.3125997966057378,0.0,0.0,3.0459534135892423,83.03634309967573,,149
lat0.0_h1.6_t18,0.0,1.6,7.0,0.19205055303974483,1.1559949506887053,-7.751022835476773,-0.20878375460065524,4.994574261282547,False,True,False,insufficient_reach,999.0,,0.8,0.2595170591521064,0.0,0.0,3.938910533786907,75.67563130570841,,149
lat0.0_h1.6_t19,0.0,1.6,7.0,0.01961167580300749,1.4986105235194478,-10.013494083386657,-0.026896514838717942,3.715546727256513,False,True,False,no_reaction,999.0,,nan,0.0442609204773526,0.0,0.0,1.9448592929394972,58.39818424802047,,149
lat0.0_h1.6_t20,0.0,1.6,7.0,-0.3669902010926712,1.1634947053497238,-9.06275859120299,0.4557335403717114,4.491925492655395,False,True,False,no_reaction,999.0,,nan,0.044260920477354526,0.0,0.0,1.9448592929394997,58.39818424802063,,149
lat0.0_h1.6_t21,0.0,1.6,7.0,0.4915327758273865,1.1833261560034072,-8.141667746798293,-0.529805445425284,4.99978490840634,False,True,False,no_reaction,999.0,,nan,0.04426092047735351,0.0,0.0,1.9448592929395043,58.39818424802032,,149
lat0.0_h1.6_t22,0.0,1.6,7.0,-0.08161046662166649,1.2431244997342372,-9.159842153989338,0.10181817554936624,4.376753665793488,False,True,False,insufficient_reach,999.0,,0.62,0.5055152657287895,0.0,0.0,3.189850038888262,79.40334377735105,,149
lat0.0_h1.6_t23,0.0,1.6,7.0,-0.028260162481560935,1.32138871048394,-9.633957955827006,0.037914983328005226,4.029767697642729,False,True,False,insufficient_reach,999.0,,0.62,0.29786112846991936,0.0,0.0,4.526783189341091,102.42670627795711,,149
lat0.0_h1.6_t24,0.0,1.6,7.0,-0.47480090517893037,1.241932742217265,-14.201943512384895,0.9025529597162512,3.260998474588839,False,True,False,insufficient_reach,999.0,,0.8,0.1481787517444472,0.0,0.0,3.3155870989104814,87.90331266138772,,149
lat0.0_h1.6_t25,0.0,1.6,7.0,0.1949531193430477,1.3269563776624294,-9.793080167752795,-0.2640439917039858,3.991346430084552,False,True,False,insufficient_reach,999.0,,0.74,0.05234699579839427,0.0,0.0,2.942037181757063,60.538790922375654,,149
lat0.0_h1.6_t26,0.0,1.6,7.0,-0.011822324689185981,1.1532728502670093,-8.804900004623523,0.014057208395570226,4.656355249890459,False,True,False,no_reaction,999.0,,nan,0.04426092047735551,0.0,0.0,1.9448592929395045,58.398184248020385,,149
lat0.0_h1.6_t27,0.0,1.6,7.0,0.01370785521530482,1.2152738103838119,-11.358568807981653,-0.02104175524169501,3.785969992525552,False,True,False,insufficient_reach,999.0,,0.56,0.4034560230692577,0.0,0.0,4.6216810098849885,92.85479643174968,,149
lat0.0_h1.6_t28,0.0,1.6,7.0,0.23460830071053507,1.1095785061081935,-10.380336972356867,-0.33623858848907084,4.125299875613994,False,True,False,insufficient_reach,999.0,,0.56,0.1787050105866719,0.0,0.0,4.19864105767804,100.64713559721602,,149
lat0.0_h1.6_t29,0.0,1.6,7.0,-0.028350509249404632,1.1365687967268552,-7.448771658116434,0.029382281506802877,5.213055735040989,False,True,False,insufficient_reach,999.0,,0.72,0.27049408165340816,0.0,0.0,3.2361326255856526,84.9230856054672,,149
lat0.0_h1.6_t30,0.0,1.6,7.0,-0.24638722914029176,1.3568346029409597,-11.60911507546591,0.3993386039085959,3.420444134654378,False,True,False,insufficient_reach,999.0,,0.56,0.1209305674822388,0.0,0.0,3.299263175329006,87.66607797769451,,149
lat0.3_h0.05_t1,0.3,0.05,7.0,0.38809363760544696,0.05,-10.278049918670995,-0.1264418472023811,3.417375671229361,False,True,False,insufficient_reach,999.0,,0.64,0.24620897469635553,0.0,0.0,3.3343469609669723,91.45964624538067,,149
lat0.3_h0.05_t2,0.3,0.05,7.0,0.09574756259502065,0.05,-8.36781264580998,0.2307840843969171,4.34110613862074,True,False,False,save,999.0,,0.86,0.06396482577286033,0.0,0.0,1.992246600690053,56.67848419604656,,149
lat0.3_h0.05_t3,0.3,0.05,7.0,0.5906911019001679,0.05,-14.416570068004999,-0.5828132341581956,2.446478170455034,False,True,False,insufficient_reach,999.0,,0.56,0.1386279567530485,0.0,0.0,2.2538396027967487,58.52207956625293,,149
lat0.3_h0.05_t4,0.3,0.05,7.0,-0.13262312847807428,0.05,-9.77596060750427,0.5719277552085172,3.7102875771631254,False,True,False,insufficient_reach,999.0,,0.68,0.1747917868141186,0.0,0.0,2.6730063473010475,67.06295429607562,,149
lat0.3_h0.05_t5,0.3,0.05,7.0,0.5148995340913136,0.05,-8.978111777629339,-0.2577218239233462,4.089999824894176,False,True,False,no_reaction,999.0,,nan,0.046680759205010434,0.0,0.0,2.000611768875073,59.33273670492249,,149
lat0.3_h0.05_t6,0.3,0.05,7.0,0.18745129592253867,0.05,-12.012521669791612,0.18264213578109403,3.0225850740248115,False,True,False,insufficient_reach,999.0,,0.6,0.27126741303845525,0.0,0.0,3.0855470583214215,83.47678401076949,,149
lat0.3_h0.05_t7,0.3,0.05,7.0,0.1327808689607955,0.05,-12.55465502891282,0.2902500814629894,2.825872894205838,False,True,False,insufficient_reach,999.0,,0.58,0.1424288421525733,0.0,0.0,2.876365961980987,65.57601266705555,,149
lat0.3_h0.05_t8,0.3,0.05,7.0,0.6859139954974249,0.05,-9.408746705341848,-0.48387997125684046,3.9119373819052443,False,True,False,insufficient_reach,999.0,,0.68,0.22040335133740258,0.0,0.0,3.042346240211083,62.452320982147405,,149
lat0.3_h0.05_t9,0.3,0.05,7.0,-0.06707195729201737,0.05,-8.56062405903903,0.4361851589327433,4.127806537303503,False,True,False,insufficient_reach,999.0,,0.74,0.13554398752059604,0.0,0.0,2.254296907932651,69.51306908174048,,149
lat0.3_h0.05_t10,0.3,0.05,7.0,-0.19907058313003895,0.05,-16.507725487667635,1.1492164796968236,2.1300958117992144,False,True,False,insufficient_reach,999.0,,0.5,0.2417449732064074,0.0,0.0,2.3638266397156102,80.52670224633547,,149
lat0.3_h0.05_t11,0.3,0.05,7.0,0.15657132595081907,0.05,-13.902416467117268,0.27284746995555603,2.5784283296664916,False,True,False,insufficient_reach,999.0,,0.56,0.4032982979325173,0.0,0.0,2.4718507652388046,77.85524766948853,,149
lat0.3_h0.05_t12,0.3,0.05,7.0,0.7316979736811688,0.05,-10.518784859932943,-0.610321478021901,3.4694478846935635,False,True,False,insufficient_reach,999.0,,0.64,0.16433790958043112,0.0,0.0,3.4161896415426845,77.8414710789379,,149
lat0.3_h0.05_t13,0.3,0.05,7.0,0.17394713447906746,0.05,-16.19814176939238,0.27997129490564593,2.2084024920788607,False,True,False,insufficient_reach,999.0,,0.76,0.052786893241802614,0.0,0.0,1.8319270629075752,54.456199110611976,,149
lat0.3_h0.05_t14,0.3,0.05,7.0,-0.14553395263316243,0.05,-14.790898295965391,0.9071577940235407,2.409001005186703,False,True,False,insufficient_reach,999.0,,0.54,0.25787201591807163,0.0,0.0,2.6109595842739957,82.03003687796176,,149
lat0.3_h0.05_t15,0.3,0.05,7.0,0.5261112593446369,0.05,-11.28922606724306,-0.3442041285438886,3.2221453350290905,False,True,False,insufficient_reach,999.0,,0.6,0.5298845066799617,0.0,0.0,3.3153282944807545,81.35844661083232,,149
lat0.3_h0.05_t16,0.3,0.05,7.0,0.43606842035222565,0.05,-13.84989501544298,-0.2596980272961259,2.5699679307407015,False,True,False,insufficient_reach,999.0,,0.56,0.5317398547992308,0.0,0.0,3.4856001031891832,79.17473442856351,,149
lat0.3_h0.05_t17,0.3,0.05,7.0,0.612077611008679,0.05,-10.588637958527267,-0.43705636496694333,3.5023873456535695,False,True,False,no_reaction,999.0,,nan,0.04426092047735505,0.0,0.0,1.9448592929395057,58.39818424802074,,149
lat0.3_h0.05_t18,0.3,0.05,7.0,-0.05683864218880702,0.05,-12.591908762601044,0.6004973507629665,2.9147398197714773,False,True,False,insufficient_reach,999.0,,0.58,0.2840332277303883,0.0,0.0,2.8537711959158703,84.73926174191654,,149
lat0.3_h0.05_t19,0.3,0.05,7.0,0.7032481050951305,0.05,-18.042931468046945,-0.9708823623213406,2.0372519187210893,False,True,False,insufficient_reach,999.0,,0.48,0.22840522791139484,0.0,0.0,3.039646784372874,86.61393992621883,,149
lat0.3_h0.05_t20,0.3,0.05,7.0,0.28564686533427713,0.05,-16.464767118949776,0.03193534228740123,2.204520775189714,False,True,False,insufficient_reach,999.0,,0.5,0.22518239392098852,0.0,0.0,2.6836861377969,86.88023384846626,,149
lat0.3_h0.05_t21,0.3,0.05,7.0,0.07369845767837097,0.05,-8.119451601736218,0.24523645810826034,4.52628077264749,False,True,False,no_reaction,999.0,,nan,0.04570003745758292,0.0,0.0,1.841736518334206,59.293186510432164,,149
lat0.3_h0.05_t22,0.3,0.05,7.0,-0.14622768833801664,0.05,-7.965021612166382,0.4892860711691695,4.4733478843325125,False,True,False,no_reaction,999.0,,nan,0.0456974451506583,0.0,0.0,1.8319270629075721,59.11472931726274,,149
lat0.3_h0.05_t23,0.3,0.05,7.0,-0.13631523249748329,0.05,-13.280455654238633,0.7989033856089507,2.678829823419612,False,True,False,insufficient_reach,999.0,,0.56,0.3412299140747955,0.0,0.0,2.4872943688526,80.92124597161461,,149
lat0.3_h0.05_t24,0.3,0.05,7.0,0.482652605044199,0.05,-10.703894462205627,-0.27374114449547693,3.2728402206143308,False,True,False,insufficient_reach,999.0,,0.64,0.22904508982286034,0.0,0.0,3.3186714855057406,80.04440228092761,,149
lat0.3_h0.05_t25,0.3,0.05,7.0,0.5832154546566788,0.05,-7.851219486584336,-0.3069251205233945,4.526093539434235,True,False,False,save,999.0,,0.76,0.3083263210787499,0.0,0.0,2.4735711084520533,78.81429317381215,,149
lat0.3_h0.05_t26,0.3,0.05,7.0,0.44683722892638095,0.05,-9.412080260032255,-0.19353691354452893,3.721443081286851,False,True,False,no_reaction,999.0,,nan,0.04918682971169255,0.0,0.0,2.1605885204044117,59.65942924861017,,149
lat0.3_h0.05_t27,0.3,0.05,7.0,0.7594721829554119,0.05,-12.887219433571948,-0.7863804554294735,2.865929642370695,False,True,False,insufficient_reach,999.0,,0.56,0.27811002218031644,0.0,0.0,2.825842345565996,92.61963461608778,,149
lat0.3_h0.05_t28,0.3,0.05,7.0,0.4766446348198475,0.05,-14.534489173801095,-0.34185687830864786,2.5345166026148487,False,True,False,insufficient_reach,999.0,,0.54,0.23201689103192935,0.0,0.0,2.8001944504261984,89.81011000160973,,149
lat0.3_h0.05_t29,0.3,0.05,7.0,0.27720007941796126,0.05,-9.714702445078029,0.03053437634119639,3.6625477201581558,False,True,False,insufficient_reach,999.0,,0.68,0.1687696941493812,0.0,0.0,2.865436470462748,68.35799609997123,,149
lat0.3_h0.05_t30,0.3,0.05,7.0,0.6388538619040689,0.05,-8.663290044771013,-0.41041690631682226,4.049731302629169,True,False,False,save,999.0,,nan,0.04846416833989102,0.0,0.0,1.890466523399915,59.466346006368966,,149
lat0.3_h0.2_t1,0.3,0.2,7.0,0.5253716002348574,0.05,-12.20421727054412,-0.3648031015849646,3.2730595673256877,False,True,False,insufficient_reach,999.0,,0.58,0.5181545888896844,0.0,0.0,3.1328577330473646,85.52809840805612,,149
lat0.3_h0.2_t2,0.3,0.2,7.0,0.7614166196420495,0.05,-7.644754923216242,-0.4951734784769422,4.731591281372107,True,False,False,save,999.0,,nan,0.04358420410470312,0.0,0.0,1.831927062907574,58.39818424802073,,149
lat0.3_h0.2_t3,0.3,0.2,7.0,0.7420582194885954,0.05,-12.847126318722623,-0.7861110975972018,3.0250005409448923,False,True,False,insufficient_reach,999.0,,0.56,0.21926327208595478,0.0,0.0,3.1166444286443125,96.17023541374391,,149
lat0.3_h0.2_t4,0.3,0.2,7.0,-0.18928470230464106,0.05,-11.27524858816437,0.7694691260281051,3.3548535844990424,False,True,False,insufficient_reach,999.0,,0.62,0.31090671439400086,0.0,0.0,3.0162175220717686,79.50719436349304,,149
lat0.3_h0.2_t5,0.3,0.2,7.0,0.14409161784944208,0.05,-11.711681898703793,0.2508655975953604,3.2897264876210284,False,True,False,insufficient_reach,999.0,,0.6,0.25825750522737523,0.0,0.0,3.077806521549859,87.12449508628659,,149
lat0.3_h0.2_t6,0.3,0.2,7.0,0.3077578381885688,0.05,-7.923670557839972,-0.00836020089568616,4.713235600113401,False,True,False,no_reaction,999.0,,nan,0.04554711338223725,0.0,0.0,1.8319270629075735,58.346795606990256,,149
lat0.3_h0.2_t7,0.3,0.2,7.0,0.4631462489752088,0.05,-12.97616926788121,-0.29663831625349835,2.970405556319402,False,True,False,insufficient_reach,999.0,,0.56,0.5106001289094496,0.0,0.0,3.346662560902204,90.51702294140395,,149
lat0.3_h0.2_t8,0.3,0.2,7.0,-0.004287359900350951,0.05,-11.468477009520225,0.4657587861742119,3.4341099042508714,False,True,False,insufficient_reach,999.0,,0.6,0.5157923904401116,0.0,0.0,3.2371712675289612,70.07655855017886,,149
lat0.3_h0.2_t9,0.3,0.2,7.0,-0.15393693631802258,0.0723296299960457,-15.004517400533137,0.9409637130238686,2.6309029202257457,False,True,False,insufficient_reach,999.0,,0.52,0.27315268890810646,0.0,0.0,2.346621609813569,78.30376465213193,,149
lat0.3_h0.2_t10,0.3,0.2,7.0,0.6456535222773423,0.05,-8.558190762015993,-0.4076979164349847,4.335470789268602,False,True,False,no_reaction,999.0,,nan,0.04671024279264767,0.0,0.0,1.925368703208638,59.83040160120248,,149
lat0.3_h0.2_t11,0.3,0.2,7.0,0.2787048579655225,0.05,-11.800579701886653,0.03402600755076728,3.3094636695695923,False,True,False,insufficient_reach,999.0,,0.6,0.30682563908544663,0.0,0.0,5.702737738534361,109.70300526254265,,149
lat0.3_h0.2_t12,0.3,0.2,7.0,0.08139298217216301,0.05,-10.045813605134835,0.29852354192280844,3.7967381304622285,False,True,False,insufficient_reach,999.0,,0.66,0.29104655822089903,0.0,0.0,2.976767342330587,77.21100908486791,,149
lat0.3_h0.2_t13,0.3,0.2,7.0,0.5227846006215211,0.05,-8.976964374039198,-0.26530961656885105,4.297436515184625,False,True,False,no_reaction,999.0,,nan,0.0440520817119272,0.0,0.0,1.9727079818084265,58.95885294215258,,149
lat0.3_h0.2_t14,0.3,0.2,7.0,-0.1269964071003727,0.05,-12.351726719989445,0.7303807160086202,3.12414556072846,False,True,False,insufficient_reach,999.0,,0.68,0.058491785359680075,0.0,0.0,2.7624082517641164,56.49077151954567,,149
lat0.3_h0.2_t15,0.3,0.2,7.0,0.717840883093553,0.05,-13.824105494313182,-0.7727781122226183,2.929550285231821,False,True,False,insufficient_reach,999.0,,0.54,0.5423925935443522,0.0,0.0,3.33027801714088,82.2184302498915,,149
lat0.3_h0.2_t16,0.3,0.2,7.0,0.42466397428371677,0.05,-8.51284856048361,-0.14663650485134927,4.34645562475289,False,True,False,insufficient_reach,999.0,,0.72,0.33624992063723325,0.0,0.0,4.033484794440905,97.33860421355811,,149
lat0.3_h0.2_t17,0.3,0.2,7.0,0.6150721006758069,0.05098085064126756,-8.824724812857285,-0.3735494549376627,4.313823145339897,False,True,False,no_reaction,999.0,,nan,0.04465157262723865,0.0,0.0,1.9846479894256246,59.33477492650823,,149
lat0.3_h0.2_t18,0.3,0.2,7.0,0.334966673409444,0.05,-8.86211818773331,-0.04354761590728893,4.125293245862155,False,True,False,no_reaction,999.0,,nan,0.046450009488844674,0.0,0.0,1.9875909379374832,59.3704527446461,,149
lat0.3_h0.2_t19,0.3,0.2,7.0,0.07944530731890259,0.05,-12.45911913027587,0.3722852277515967,3.159084730762421,False,True,False,insufficient_reach,999.0,,0.58,0.32769852597258226,0.0,0.0,2.8190065238932314,86.98418722043044,,149
lat0.3_h0.2_t20,0.3,0.2,7.0,0.06707500745633238,0.05,-11.782903769981704,0.36440907030737524,3.369878520642542,False,True,False,insufficient_reach,999.0,,0.72,0.05534014763822731,0.0,0.0,3.0228955488079294,55.0497544074159,,149
lat0.3_h0.2_t21,0.3,0.2,7.0,-0.07812049821861639,0.05,-12.72318158530303,0.6349323402703229,3.1729457762721105,False,True,False,insufficient_reach,999.0,,0.6,0.13127460149627318,0.0,0.0,2.7131020728727875,63.44028729131303,,149
lat0.3_h0.2_t22,0.3,0.2,7.0,0.751396861979106,0.05,-17.216977667025823,-1.023136700303599,2.504023214862779,False,True,False,insufficient_reach,999.0,,0.5,0.2718790801139271,0.0,0.0,3.047094484534454,85.42459452354382,,149
lat0.3_h0.2_t23,0.3,0.2,7.0,-0.13857487074016733,0.05,-14.314602999187034,0.8583481766231246,2.79978998327735,False,True,False,no_reaction,999.0,,nan,0.04426092047735231,0.0,0.0,1.9448592929395105,58.398184248020655,,149
lat0.3_h0.2_t24,0.3,0.2,7.0,0.6078656456839813,0.05,-11.442822255535356,-0.464220422422052,3.479119630976013,False,True,False,insufficient_reach,999.0,,0.6,0.19124682354549072,0.0,0.0,4.364730632718134,92.88285590799607,,149
lat0.3_h0.2_t25,0.3,0.2,7.0,0.508899112773316,0.09751359015126887,-8.041672812964775,-0.23108343281599278,4.547483500362371,True,False,False,save,999.0,,0.7000000000000001,0.3074644041384966,0.0,0.0,3.620817971146631,96.22709125033195,,149
lat0.3_h0.2_t26,0.3,0.2,7.0,0.7158075833506723,0.05,-9.351142527792987,-0.5169096779959437,4.132105557104809,False,True,False,no_reaction,999.0,,nan,0.04433206915132575,0.0,0.0,1.9637369863105685,58.90485356076004,,149
lat0.3_h0.2_t27,0.3,0.2,7.0,0.5608859776715096,0.05,-11.93478603911752,-0.43789765877205056,3.174023685566678,False,True,False,no_reaction,999.0,,nan,0.04426092047735151,0.0,0.0,1.944859292939497,58.398184248020456,,149
lat0.3_h0.2_t28,0.3,0.2,7.0,0.2765264708322373,0.05,-15.25041094040362,0.049816871962077416,2.629556804671659,False,True,False,insufficient_reach,999.0,,0.52,0.24827384692265592,0.0,0.0,3.2433486861842,93.65098835415819,,149
lat0.3_h0.2_t29,0.3,0.2,7.0,0.012285641668591307,0.05,-11.055653868079425,0.43327692954738073,3.4830182807731527,False,True,False,insufficient_reach,999.0,,0.62,0.2971251002971189,0.0,0.0,3.105175627351399,83.9283510922805,,149
lat0.3_h0.2_t30,0.3,0.2,7.0,0.6029813013091039,0.09231752216583394,-10.131716941012668,-0.4319176096828495,3.59426409313838,True,False,False,save,999.0,,0.62,0.18473779250443717,0.0,0.0,3.491556973533055,83.70955141490015,,149
lat0.3_h0.4_t1,0.3,0.4,7.0,0.7525167896845986,0.20181476636098428,-10.736170864432655,-0.6444042420908921,3.7266384612291414,True,False,False,save,999.0,,0.58,0.30933873093503916,0.0,0.0,3.0311616804629966,88.71033295793846,,149
lat0.3_h0.4_t2,0.3,0.4,7.0,-0.005726428998198585,0.07888041288657524,-9.863820678663634,0.4047572314750159,4.130044114443357,False,True,False,insufficient_reach,999.0,,0.64,0.23567102473744383,0.0,0.0,3.1621728634758983,73.25263704743499,,149
lat0.3_h0.4_t3,0.3,0.4,7.0,0.46336253401468136,0.05,-9.21452774771142,-0.20604853586197003,4.330310354534257,False,True,False,insufficient_reach,999.0,,0.68,0.21449324555807991,0.0,0.0,2.88320103790752,80.11492613907448,,149
lat0.3_h0.4_t4,0.3,0.4,7.0,-0.014038492442582318,0.2803274639665726,-8.232038725593252,0.35854172266380585,4.432808936712691,True,False,False,save,999.0,,0.7000000000000001,0.27468322202597384,0.0,0.0,3.0662904259908244,80.5129042023821,,149
lat0.3_h0.4_t5,0.3,0.4,7.0,0.5347085702650256,0.1798386132094113,-13.628231654124129,-0.42171967697305734,3.1254649678108275,False,True,False,no_reaction,999.0,,nan,0.0444290691976468,0.0,0.0,1.911830291861117,59.378099463906054,,149
lat0.3_h0.4_t6,0.3,0.4,7.0,0.5635158436682122,0.05,-7.402537167786067,-0.2720394324647658,5.112636625366456,True,False,False,save,999.0,,0.78,0.5175867625901542,0.0,0.0,2.6105273417416104,90.27635089405308,,149
lat0.3_h0.4_t7,0.3,0.4,7.0,0.1425910828111318,0.15106755086352353,-11.904571706551852,0.2502646268488196,3.480875357300824,False,True,False,no_reaction,999.0,,nan,0.04449831175060791,0.0,0.0,1.9589580352139142,59.796705238950096,,149
lat0.3_h0.4_t8,0.3,0.4,7.0,0.7176472779044334,0.254987576085153,-15.522633931240199,-0.856514511699567,2.6891325450324453,False,True,False,no_reaction,999.0,,nan,0.04426092047735497,0.0,0.0,1.944859292939513,58.39818424802067,,149
lat0.3_h0.4_t9,0.3,0.4,7.0,0.13478904189067914,0.05,-8.061958729432463,0.18668729106473866,4.736231033053595,False,True,False,insufficient_reach,999.0,,0.74,0.5151524171100461,0.0,0.0,3.049172722340128,85.34413515713271,,149
lat0.3_h0.4_t10,0.3,0.4,7.0,0.3964670754135437,0.22575356826763265,-11.692551552061083,-0.15722141258523534,3.2935694293624236,False,True,False,no_reaction,999.0,,nan,0.04543211082028588,0.0,0.0,1.9853079100528668,59.91269151726188,,149
lat0.3_h0.4_t11,0.3,0.4,7.0,0.037483305169383974,0.05,-15.016533800169096,0.5476385633979934,3.081405143406469,False,True,False,insufficient_reach,999.0,,0.52,0.4272133921117374,0.0,0.0,3.1663376355163164,94.94750603832703,,149
lat0.3_h0.4_t12,0.3,0.4,7.0,0.16250198453151316,0.22959906075199138,-9.792742892883252,0.18078349824621961,3.9546270884499375,True,False,False,save,999.0,,0.62,0.35361415882344915,0.0,0.0,3.497336374499324,91.76045435550387,,149
lat0.3_h0.4_t13,0.3,0.4,7.0,0.17822451524334476,0.1069173928609013,-10.744609357582052,0.178351151598994,3.7783060941337627,True,False,False,save,999.0,,0.6,0.28874379483879786,0.0,0.0,2.7331081130140538,92.03034186745165,,149
lat0.3_h0.4_t14,0.3,0.4,7.0,-0.1277230524268234,0.13031434510976467,-14.060971299796165,0.8231659902141517,3.0676919997938823,False,True,False,insufficient_reach,999.0,,0.52,0.2425529430978717,0.0,0.0,3.1438040892233228,83.18738191628589,,149
lat0.3_h0.4_t15,0.3,0.4,7.0,-0.11292879442269182,0.05,-8.717000612371711,0.494423508587291,4.515595115645245,False,True,False,insufficient_reach,999.0,,0.72,0.4742781998249082,0.0,0.0,3.6719109623916224,83.36907392236225,,149
lat0.3_h0.4_t16,0.3,0.4,7.0,0.03159902476389892,0.23956954779042916,-14.062390153301024,0.5119867220061142,2.8773971740676894,False,True,False,insufficient_reach,999.0,,0.54,0.14371111481081938,0.0,0.0,1.9524227591987093,67.95220459702665,,149
lat0.3_h0.4_t17,0.3,0.4,7.0,0.14283896480545072,0.05,-13.714135785633683,0.2871410800685563,3.3241230160201223,False,True,False,insufficient_reach,999.0,,0.54,0.36825000140157854,0.0,0.0,3.3677382503243924,97.57928887322669,,149
lat0.3_h0.4_t18,0.3,0.4,7.0,0.04021943320838556,0.07750853563689808,-9.957222938811908,0.34686500818249355,4.104141499568038,False,True,False,no_reaction,999.0,,nan,0.04442125182016555,0.0,0.0,1.9631078952267427,58.73333366648726,,149
lat0.3_h0.4_t19,0.3,0.4,7.0,0.5288698044883411,0.05,-16.805112339214915,-0.5102183845272635,2.980500208141,False,True,False,insufficient_reach,999.0,,0.5,0.2267322166265442,0.0,0.0,5.1223699920968855,116.19120064499123,,149
lat0.3_h0.4_t20,0.3,0.4,7.0,-0.08509365663808971,0.05,-14.488715213606659,0.7394863926171801,3.226416188437256,False,True,False,insufficient_reach,999.0,,0.54,0.4749790884015982,0.0,0.0,3.4528911845395185,76.46987739357625,,149
lat0.3_h0.4_t21,0.3,0.4,7.0,-0.14548807256217372,0.05,-9.854263665702268,0.5940817684881472,4.144888587393224,False,True,False,insufficient_reach,999.0,,0.66,0.5094365875022199,0.0,0.0,3.186757097347154,81.69228597004087,,149
lat0.3_h0.4_t22,0.3,0.4,7.0,-0.11289071053856597,0.09495377666881719,-14.220866748048568,0.7791162363726052,3.1750084614490466,False,True,False,insufficient_reach,999.0,,0.52,0.4345984972895115,0.0,0.0,4.526877441118013,96.14667427255837,,149
lat0.3_h0.4_t23,0.3,0.4,7.0,0.6293851501423746,0.05,-13.30600769313352,-0.5913019654166872,3.360642589688951,False,True,False,insufficient_reach,999.0,,0.56,0.23657079685107826,0.0,0.0,4.65697762340463,117.2921510625984,,149
lat0.3_h0.4_t24,0.3,0.4,7.0,0.23085827538227072,0.05,-9.902019187574195,0.0944384755859667,4.0691765943556195,False,True,False,insufficient_reach,999.0,,0.66,0.2799954001528434,0.0,0.0,3.0101597914911933,76.47200678530236,,149
lat0.3_h0.4_t25,0.3,0.4,7.0,0.7857682495857412,0.21651371699867344,-8.563040041524216,-0.5534052146361332,4.514547234389065,True,False,False,save,999.0,,0.66,0.2403708927208526,0.0,0.0,3.61818405666239,82.55403488112927,,149
lat0.3_h0.4_t26,0.3,0.4,7.0,-0.1589318272095946,0.19793003021196526,-12.215252111564679,0.7604098723341258,3.2951375931011397,True,False,False,save,999.0,,0.56,0.3842631261622737,0.0,0.0,3.1429208365955748,88.6530761104367,,149
lat0.3_h0.4_t27,0.3,0.4,7.0,0.18746646382175663,0.13336860760737407,-17.30828211335032,0.2731304109962706,2.6680700462568323,False,True,False,insufficient_reach,999.0,,0.54,0.14419909956023133,0.0,0.0,2.450663820439593,67.0777220970525,,149
lat0.3_h0.4_t28,0.3,0.4,7.0,0.46170384548134674,0.05,-9.513846024683735,-0.2095905518498025,4.2379667204532385,False,True,False,no_reaction,999.0,,nan,0.04426092047735308,0.0,0.0,1.944859292939504,58.398184248020314,,149
lat0.3_h0.4_t29,0.3,0.4,7.0,-0.17313234595506471,0.052192754197214364,-9.688255280559675,0.6243001520483048,4.176238275382009,False,True,False,insufficient_reach,999.0,,0.66,0.2047275009683018,0.0,0.0,2.981150435182513,90.63843842049037,,149
lat0.3_h0.4_t30,0.3,0.4,7.0,0.4131519111030179,0.22224088750809534,-10.15267904380123,-0.15741470743591052,3.7730781278394594,True,False,False,save,999.0,,0.62,0.3065177736316212,0.0,0.0,3.229324065126283,93.5374607469397,,149
lat0.3_h0.8_t1,0.3,0.8,7.0,0.418290798754788,0.5722689492902948,-7.539250283443218,-0.12104316756841371,5.026496347979715,False,True,False,no_reaction,999.0,,nan,0.04442438671432257,0.0,0.0,1.9857999663185206,59.320710603075916,,149
lat0.3_h0.8_t2,0.3,0.8,7.0,-0.1462180358226221,0.3088343381204719,-10.351774500986982,0.631515881066554,4.160915490451435,False,True,False,insufficient_reach,999.0,,0.6,0.48281150922775345,0.0,0.0,3.265464440285062,89.85525462118436,,149
lat0.3_h0.8_t3,0.3,0.8,7.0,-0.06163179911180999,0.5952673082147375,-12.152432011210115,0.6025223046068466,3.285073421229622,False,True,False,insufficient_reach,999.0,,0.56,0.1446230394329058,0.0,0.0,2.3155679991744935,52.30510211761894,,149
lat0.3_h0.8_t4,0.3,0.8,7.0,0.5008656991254286,0.6422204493743491,-7.626621312562544,-0.20853373885910623,4.888439950333032,False,True,False,insufficient_reach,999.0,,0.7000000000000001,0.1421511581840871,0.0,0.0,2.5925025798680195,74.62633119121291,,149
lat0.3_h0.8_t5,0.3,0.8,7.0,0.3156765510770731,0.4989015546363512,-12.923063773940827,-0.026767887408787362,3.386730839723157,False,True,False,insufficient_reach,999.0,,0.52,0.47629373871119457,0.0,0.0,3.6581031114462492,95.6598706187531,,149
lat0.3_h0.8_t6,0.3,0.8,7.0,0.41413317618751805,0.43032983360777943,-16.17803083673195,-0.24550417846864991,3.075472773273726,False,True,False,insufficient_reach,999.0,,0.48,0.20323375330871352,0.0,0.0,2.5968002959337224,80.33250935752369,,149
lat0.3_h0.8_t7,0.3,0.8,7.0,0.006993601245058156,0.6405622991565896,-10.080425603244482,0.39957323171660697,3.814253908957411,False,True,False,insufficient_reach,999.0,,0.6,0.37909790551081707,0.0,0.0,3.092755427559503,81.87752898770242,,149
lat0.3_h0.8_t8,0.3,0.8,7.0,0.07412036381920067,0.6310700779125087,-12.124372632553301,0.3680884583369589,3.2852664137050804,False,True,False,insufficient_reach,999.0,,0.52,0.4732438533780255,0.0,0.0,4.9514478256064445,103.12405201547882,,149
lat0.3_h0.8_t9,0.3,0.8,7.0,-0.05945287200445709,0.41458949509783344,-8.197207363223555,0.4115493828814346,4.725363359677662,True,False,False,save,999.0,,0.66,0.20686115610976966,0.0,0.0,2.8999249785965295,90.37478435818622,,149
lat0.3_h0.8_t10,0.3,0.8,7.0,0.5043353159571804,0.6714387526122554,-8.85742225083818,-0.24073161387288486,4.314871948028287,False,True,False,insufficient_reach,999.0,,0.64,0.23111477956256424,0.0,0.0,3.3190496019002533,75.00925143745151,,149
lat0.3_h0.8_t11,0.3,0.8,7.0,0.4961924503010899,0.3771482274758457,-12.389563468714215,-0.3360836717481412,3.5877044189782232,False,True,False,insufficient_reach,999.0,,0.54,0.17272708343000648,0.0,0.0,1.9971099202928293,81.59462005688411,,149
lat0.3_h0.8_t12,0.3,0.8,7.0,-0.09862015753013648,0.6167565295182917,-10.44135777978489,0.5541519099190723,3.783072473153547,False,True,False,insufficient_reach,999.0,,0.56,0.4721600391060113,0.0,0.0,4.584564264839758,101.17008991161632,,149
lat0.3_h0.8_t13,0.3,0.8,7.0,-0.02541014875281361,0.582970510064773,-10.340909908459595,0.47204373873921884,3.6961578793498187,False,True,False,insufficient_reach,999.0,,0.58,0.23592573718755558,0.0,0.0,3.578716885801367,89.30851443172281,,149
lat0.3_h0.8_t14,0.3,0.8,7.0,-0.07589263228622262,0.3485659622019889,-7.871394510731312,0.4003060300501241,5.086613258127712,False,True,False,insufficient_reach,999.0,,0.7000000000000001,0.16638580826472946,0.0,0.0,2.5915420393538584,69.8701114727124,,149
lat0.3_h0.8_t15,0.3,0.8,7.0,0.2872120069219139,0.3099059510304605,-14.235956208198889,0.025061189277389182,3.463337009884902,False,True,False,insufficient_reach,999.0,,0.5,0.15900826186539269,0.0,0.0,2.4053415841189136,73.61322758697524,,149
lat0.3_h0.8_t16,0.3,0.8,7.0,-0.06362967253243418,0.591204903118479,-11.229159307446286,0.5639997347952928,3.4862661197815523,False,True,False,insufficient_reach,999.0,,0.54,0.5342793373843897,0.0,0.0,4.140497273226229,101.26674439380591,,149
lat0.3_h0.8_t17,0.3,0.8,7.0,0.18555356440131382,0.5026743163416011,-13.502939725196748,0.20640043137689595,3.255977845313326,False,True,False,insufficient_reach,999.0,,0.5,0.2593572367283868,0.0,0.0,3.8357566712043996,89.40557567776477,,149
lat0.3_h0.8_t18,0.3,0.8,7.0,-0.0631548334136432,0.3278877703334918,-8.826827919192814,0.42725494967194333,4.724557998455276,False,True,False,no_reaction,999.0,,nan,0.049331666510228585,0.0,0.0,2.350867228172326,63.275845003398416,,149
lat0.3_h0.8_t19,0.3,0.8,7.0,0.5246962542618245,0.6345662386319426,-11.449238829633323,-0.3551383827492428,3.364868698034364,False,True,False,insufficient_reach,999.0,,0.56,0.16212309677413264,0.0,0.0,2.2878442422370364,84.14102397906353,,149
lat0.3_h0.8_t20,0.3,0.8,7.0,-0.15906605562565462,0.31986459658388755,-12.76480341144082,0.7786081940156866,3.7063228703875066,False,True,False,insufficient_reach,999.0,,0.54,0.1511891884301076,0.0,0.0,2.248393074900311,72.92976090390651,,149
lat0.3_h0.8_t21,0.3,0.8,7.0,0.472755986246924,0.4349067584216905,-16.585760750648824,-0.39454272715935157,2.981527496315342,False,True,False,insufficient_reach,999.0,,0.46,0.30954073602515436,0.0,0.0,4.079762689656956,88.31535328372443,,149
lat0.3_h0.8_t22,0.3,0.8,7.0,0.2753858553554824,0.6132000925388807,-12.884412824655419,0.04327302350313825,3.1184194175349336,False,True,False,insufficient_reach,999.0,,0.5,0.4764859522325485,0.0,0.0,4.968332097935076,101.53980639683246,,149
lat0.3_h0.8_t23,0.3,0.8,7.0,-0.08576286140860417,0.4021413400915606,-11.159972785918919,0.5722714633054955,3.8966301364469276,False,True,False,insufficient_reach,999.0,,0.56,0.1739793332311131,0.0,0.0,2.2469413181401285,79.1042646793866,,149
lat0.3_h0.8_t24,0.3,0.8,7.0,0.2662532815278354,0.6167742491855057,-12.11013735678142,0.05383999848178034,3.3667574454587026,False,True,False,insufficient_reach,999.0,,0.54,0.1609583444750773,0.0,0.0,1.8982128037494692,71.2740629347529,,149
lat0.3_h0.8_t25,0.3,0.8,7.0,0.5190756205108118,0.5190071536239977,-11.13244586496922,-0.33448083771079895,3.6416531852069376,False,True,False,insufficient_reach,999.0,,0.56,0.29731326013644627,0.0,0.0,3.6304918456674846,89.09293840040073,,149
lat0.3_h0.8_t26,0.3,0.8,7.0,0.1932614850992152,0.5466850830587104,-12.987897022480551,0.19388171861988368,3.160495878727871,True,False,False,save,999.0,,0.52,0.15774944907508312,0.0,0.0,2.242877372830609,77.95066099788195,,149
lat0.3_h0.8_t27,0.3,0.8,7.0,0.15019868102321904,0.5468878331977832,-12.220950773708461,0.2464980244735573,3.3973534304135815,False,True,False,insufficient_reach,999.0,,0.54,0.14932568770727866,0.0,0.0,2.448930580802366,79.15963232847226,,149
lat0.3_h0.8_t28,0.3,0.8,7.0,0.7932651964297466,0.6474228112997844,-13.552195912131339,-0.9154637046511391,2.926057513211562,False,True,False,insufficient_reach,999.0,,0.52,0.1698474753738644,0.0,0.0,2.252436079112343,73.828499273947,,149
lat0.3_h0.8_t29,0.3,0.8,7.0,0.3172094276935294,0.6392725993119789,-10.2007596433999,-0.02423943096374624,3.7088190989365284,True,False,False,save,999.0,,0.6,0.16214966025889888,0.0,0.0,2.9239963220798306,83.36039787259598,,149
lat0.3_h0.8_t30,0.3,0.8,7.0,0.0652085369968291,0.36790368055713063,-12.544251881871132,0.40902553626080834,3.5683459759928926,False,True,False,insufficient_reach,999.0,,0.52,0.4545943926479672,0.0,0.0,4.882462934719268,103.47174020308344,,149
lat0.3_h1.2_t1,0.3,1.2,7.0,-0.02808744227289567,0.9189298737357944,-10.985189224732892,0.5036019276112825,3.6269498710668997,False,True,False,no_reaction,999.0,,nan,0.0442609204773553,0.0,0.0,1.9448592929395156,58.39818424802145,,149
lat0.3_h1.2_t2,0.3,1.2,7.0,0.020319098621967513,0.9061220751977506,-16.559965906389127,0.638063254946774,2.820450461489315,False,True,False,insufficient_reach,999.0,,0.46,0.3557926483067345,0.0,0.0,3.4142528326248693,75.43915022148866,,149
lat0.3_h1.2_t3,0.3,1.2,7.0,0.5434351739561945,0.9131308149605576,-8.874926345366754,-0.2860367855366709,4.511533258095235,False,True,False,no_reaction,999.0,,nan,0.04995336392383669,0.0,0.0,3.289898881111627,58.22322179386709,,149
lat0.3_h1.2_t4,0.3,1.2,7.0,0.1940901527745031,1.04038075976272,-8.697309041595664,0.12964038677051787,4.202528890366468,False,True,False,insufficient_reach,999.0,,0.64,0.5196817948035969,0.0,0.0,3.0206178117431612,83.41733098230264,,149
lat0.3_h1.2_t5,0.3,1.2,7.0,0.6020382702828686,0.7642374780173233,-17.745365367172166,-0.7172106304962578,3.1003863120995834,False,True,False,insufficient_reach,999.0,,0.44,0.39472577551389343,0.0,0.0,3.1836561987086673,75.58734284260397,,149
lat0.3_h1.2_t6,0.3,1.2,7.0,0.07155045517748565,0.826486049025332,-14.479822109415794,0.44344216024711414,3.251950741482262,False,True,False,insufficient_reach,999.0,,0.48,0.18570823673587175,0.0,0.0,2.193681928326647,76.89551078018042,,149
lat0.3_h1.2_t7,0.3,1.2,7.0,0.20237305072246764,0.819202742877502,-10.841278295826326,0.14235620766468496,3.9190819429492847,False,True,False,insufficient_reach,999.0,,0.56,0.5036185510733933,0.0,0.0,3.5411087493256694,81.30833285610281,,149
lat0.3_h1.2_t8,0.3,1.2,7.0,0.009037037385922264,0.9783179867762981,-14.782481060594014,0.5902908848841857,2.867483053020603,False,True,False,insufficient_reach,999.0,,0.48,0.1944212168089824,0.0,0.0,2.1382026383851227,75.24818469059069,,149
lat0.3_h1.2_t9,0.3,1.2,7.0,0.05253038963644446,0.8771317481537295,-7.344921357357269,0.24813794987964777,5.215528998838156,False,True,False,insufficient_reach,999.0,,0.72,0.5298682126944898,0.0,0.0,3.264813321129134,83.55362474264987,,149
lat0.3_h1.2_t10,0.3,1.2,7.0,0.141865768798151,1.094321463780122,-14.469057539818063,0.30201146334828544,2.770104063699035,False,True,False,insufficient_reach,999.0,,0.48,0.19091789434847015,0.0,0.0,2.417185077886845,77.78095778654242,,149
lat0.3_h1.2_t11,0.3,1.2,7.0,-0.19122278805207055,0.8528531635303951,-8.200887211992132,0.5549647516356542,4.733816324183134,False,True,False,insufficient_reach,999.0,,0.66,0.13256205167255036,0.0,0.0,2.641898417725213,73.63244824327748,,149
lat0.3_h1.2_t12,0.3,1.2,7.0,0.2030313112827366,0.9538225870966098,-17.405345275157128,0.22954526848715978,2.6548130242748478,False,True,False,insufficient_reach,999.0,,0.44,0.3155128082412775,0.0,0.0,3.004420603258746,77.20745907363892,,149
lat0.3_h1.2_t13,0.3,1.2,7.0,-0.013068570558553094,0.8781096099058817,-16.06204930405195,0.6626519379750317,2.9986818606551653,False,True,False,insufficient_reach,999.0,,0.46,0.20779991616722926,0.0,0.0,2.2572190243438643,73.29376605987149,,149
lat0.3_h1.2_t14,0.3,1.2,7.0,0.22864427920853175,0.9514008680944814,-8.052840032096713,0.08037023268240803,4.634848973024646,False,True,False,no_reaction,999.0,,nan,0.0442609204773553,0.0,0.0,1.9448592929394959,58.398184248020094,,149
lat0.3_h1.2_t15,0.3,1.2,7.0,0.7975181311726749,0.7129804307162702,-9.738596254151593,-0.6407346712128968,4.435851998881441,False,True,False,insufficient_reach,999.0,,0.58,0.2885219525647858,0.0,0.0,3.177170078179055,86.59696211291453,,149
lat0.3_h1.2_t16,0.3,1.2,7.0,0.04225715758476739,0.781395197822125,-12.452676454043894,0.439695938354103,3.5893519510049763,False,True,False,insufficient_reach,999.0,,0.52,0.22673184284680412,0.0,0.0,2.1009461900669546,74.70846908161039,,149
lat0.3_h1.2_t17,0.3,1.2,7.0,0.13881302160484815,0.8620594214713626,-7.489642700328092,0.169471960631718,5.020519741564914,False,True,False,insufficient_reach,999.0,,0.72,0.22102619108362936,0.0,0.0,2.3006939090233014,72.61269230302761,,149
lat0.3_h1.2_t18,0.3,1.2,7.0,0.6505042283285971,0.9963477073540871,-9.545817281448675,-0.4509115200102302,4.074764539385265,False,True,False,no_reaction,999.0,,nan,0.044260920477353964,0.0,0.0,1.9448592929394983,58.39818424802038,,149
lat0.3_h1.2_t19,0.3,1.2,7.0,0.39305618996735764,0.8956909018999676,-9.135865116927537,-0.11747263489951854,4.269660766673834,False,True,False,insufficient_reach,999.0,,0.62,0.5673928920019192,0.0,0.0,3.174462511429573,81.44687028130662,,149
lat0.3_h1.2_t20,0.3,1.2,7.0,0.7243095670525579,0.7921546557543557,-13.282298567340161,-0.7777981743452197,3.4234255567994842,False,True,False,insufficient_reach,999.0,,0.5,0.1993036055186507,0.0,0.0,1.865503573356595,81.44968230068227,,149
lat0.3_h1.2_t21,0.3,1.2,7.0,-0.08176160752785949,1.0815780849975103,-11.955795019724738,0.6141472718231128,3.2395168268579613,False,True,False,insufficient_reach,999.0,,0.52,0.24067673129651337,0.0,0.0,2.122489926246469,75.41153141740523,,149
lat0.3_h1.2_t22,0.3,1.2,7.0,-0.18333952875578402,0.8355779101393794,-9.964791021555515,0.6476220431113286,4.149032599253484,False,True,False,insufficient_reach,999.0,,0.7000000000000001,0.055418825770464655,0.0,0.0,2.63525289806603,58.25152210789318,,149
lat0.3_h1.2_t23,0.3,1.2,7.0,0.3852968283343113,0.8025652110795767,-16.217967738850703,-0.19103870085791974,3.080164267038942,False,True,False,insufficient_reach,999.0,,0.46,0.3366804993135645,0.0,0.0,2.21070845734811,76.19436877921395,,149
lat0.3_h1.2_t24,0.3,1.2,7.0,0.3079486919064082,1.0001323103279822,-15.666832518928391,-0.01660699477127468,2.7652839037775285,False,True,False,insufficient_reach,999.0,,0.46,0.30114244550117253,0.0,0.0,2.8672694427073404,79.94843373814896,,149
lat0.3_h1.2_t25,0.3,1.2,7.0,0.2668780991231044,0.8438879447641078,-10.622948987338601,0.046736549242456384,3.978633643333788,False,True,False,insufficient_reach,999.0,,0.56,0.2976809868201377,0.0,0.0,2.5019631996219034,83.6576194146394,,149
lat0.3_h1.2_t26,0.3,1.2,7.0,0.738876975142273,0.8179783296169367,-8.816987038613988,-0.5285015006357805,4.533234167346051,False,True,False,insufficient_reach,999.0,,0.62,0.21692193837994056,0.0,0.0,3.3993688150736214,86.93773857900479,,149
lat0.3_h1.2_t27,0.3,1.2,7.0,0.6636410524171561,1.0987236722724436,-8.715685839756429,-0.42573112973464344,4.308206907500005,False,True,False,insufficient_reach,999.0,,0.62,0.5553618741936031,0.0,0.0,3.373565069529717,87.6853677246487,,149
lat0.3_h1.2_t28,0.3,1.2,7.0,0.5268769061397716,1.0496054685234861,-15.24609460765866,-0.48613994197665833,2.6113745578258736,False,True,False,insufficient_reach,999.0,,0.46,0.18066234508419038,0.0,0.0,2.1337656732153216,82.83467018735496,,149
lat0.3_h1.2_t29,0.3,1.2,7.0,0.6227029217172064,0.8245527759570337,-14.404265072545245,-0.6518344665876923,3.1866863734563897,False,True,False,insufficient_reach,999.0,,0.48,0.19579166151390606,0.0,0.0,2.212109074786822,81.41152541654307,,149
lat0.3_h1.2_t30,0.3,1.2,7.0,0.4508332215614849,0.9460258519431244,-10.717202857540546,-0.2149692821882369,3.803560758171421,False,True,False,no_reaction,999.0,,nan,0.04426092047735565,0.0,0.0,1.944859292939508,58.398184248020314,,149
lat0.3_h1.6_t1,0.3,1.6,7.0,0.7732608830304917,1.180562523685341,-10.534741780886826,-0.6685288417343815,4.064815689756522,False,True,False,insufficient_reach,999.0,,0.56,0.23879164004590558,0.0,0.0,5.182640010758273,120.51533870428409,,149
lat0.3_h1.6_t2,0.3,1.6,7.0,0.620544647745987,1.102856832707298,-16.3707088170563,-0.7200324102690375,3.300333909669074,False,True,False,insufficient_reach,999.0,,0.46,0.36637977530126997,0.0,0.0,2.680576781531322,72.47850334412465,,149
lat0.3_h1.6_t3,0.3,1.6,7.0,0.25023628667261727,1.2018994829346876,-11.925997094601605,0.08328120149607275,3.597159933899614,False,True,False,insufficient_reach,999.0,,0.54,0.13999375235524447,0.0,0.0,2.249136291594412,55.768422471102255,,149
lat0.3_h1.6_t4,0.3,1.6,7.0,-0.07535257100718668,1.4845658161694557,-8.939823890776482,0.4558739612995545,4.178823199656469,False,True,False,no_reaction,999.0,,nan,0.048328274072430906,0.0,0.0,3.1070414292039605,59.800334110294045,,149
lat0.3_h1.6_t5,0.3,1.6,7.0,-0.15294162053998112,1.1077792201472325,-8.306494099440293,0.5269697789200761,4.78861944698227,False,True,False,no_reaction,999.0,,nan,0.04426092047735411,0.0,0.0,1.9448592929395119,58.398184248020506,,149
lat0.3_h1.6_t6,0.3,1.6,7.0,0.2570596592657763,1.2161020421490119,-11.667264244667257,0.0662000603979723,3.7734498933912954,False,True,False,insufficient_reach,999.0,,0.54,0.24462275774293823,0.0,0.0,3.1443418573731465,91.85209341353351,,149
lat0.3_h1.6_t7,0.3,1.6,7.0,0.3684319543305033,1.416797213362284,-15.850546080642154,-0.14648481232082952,2.6835856642796707,False,True,False,insufficient_reach,999.0,,0.46,0.4508911476822515,0.0,0.0,3.7927222615797436,77.28216755650965,,149
lat0.3_h1.6_t8,0.3,1.6,7.0,0.7088654063190036,1.4140759537691365,-13.359684802391376,-0.7426839604707556,3.0380425398200486,False,True,False,insufficient_reach,999.0,,0.5,0.34254536418479636,0.0,0.0,2.693567833577143,77.1486969765885,,149
lat0.3_h1.6_t9,0.3,1.6,7.0,0.730998619712584,1.1202029569531227,-7.370191178418848,-0.44560419290238124,5.2402850497910025,False,True,False,no_reaction,999.0,,nan,0.044260920477353596,0.0,0.0,1.9448592929395059,58.39818424802086,,149
lat0.3_h1.6_t10,0.3,1.6,7.0,0.2722484989451585,1.2297315516547866,-7.740163453981569,0.029704113782744714,4.978888474673644,False,True,False,no_reaction,999.0,,nan,0.044260920477352465,0.0,0.0,1.9448592929395014,58.398184248020534,,149
lat0.3_h1.6_t11,0.3,1.6,7.0,0.3876269866151087,1.4282367157296594,-8.336620618198053,-0.0979962263430061,4.578077682379365,False,True,False,insufficient_reach,999.0,,0.66,0.12899184309547235,0.0,0.0,5.780597815905094,85.72922528442585,,149
lat0.3_h1.6_t12,0.3,1.6,7.0,0.15775476329371424,1.1255603768193496,-11.16627291485511,0.21277279983937786,3.9888198186665416,False,True,False,insufficient_reach,999.0,,0.54,0.5221513371275944,0.0,0.0,3.931019777083182,78.98059801245714,,149
lat0.3_h1.6_t13,0.3,1.6,7.0,0.2722264257562043,1.3851529477378945,-16.0583050687506,0.059191235499531765,2.7593962632930253,False,True,False,insufficient_reach,999.0,,0.46,0.3359771302666239,0.0,0.0,2.7270611658311106,71.03040969779352,,149
lat0.3_h1.6_t14,0.3,1.6,7.0,0.5941823453171835,1.3500864500125753,-13.100230603327534,-0.5298419816954486,3.173497253470845,False,True,False,insufficient_reach,999.0,,0.5,0.25576037683883573,0.0,0.0,2.987977151731388,82.74599048623926,,149
lat0.3_h1.6_t15,0.3,1.6,7.0,0.41019600898583447,1.476948575787366,-9.141968018270646,-0.1364111038043997,4.1146959231685285,False,True,False,insufficient_reach,999.0,,0.62,0.47622765202757655,0.0,0.0,3.2680374001637436,69.75036292445529,,149
lat0.3_h1.6_t16,0.3,1.6,7.0,0.4883384115465648,1.399479391375662,-17.776616823240033,-0.45445744973343094,2.5166062499213155,False,True,False,insufficient_reach,999.0,,0.44,0.433220209018574,0.0,0.0,2.5060717824175556,70.19659860515975,,149
lat0.3_h1.6_t17,0.3,1.6,7.0,0.03671530584486976,1.4530461830068984,-8.234128839324043,0.2860837331243347,4.673782181600923,False,True,False,insufficient_reach,999.0,,0.66,0.43162449838457384,0.0,0.0,2.8388736946781417,78.70746422932066,,149
lat0.3_h1.6_t18,0.3,1.6,7.0,-0.14225892053296402,1.4380048948623103,-16.530257252561505,1.0203837738367418,2.499701787631614,False,True,False,insufficient_reach,999.0,,0.46,0.3355519661842651,0.0,0.0,2.376508905767174,63.24085069586826,,149
lat0.3_h1.6_t19,0.3,1.6,7.0,0.09542203631376495,1.1362237870403682,-12.703191897544265,0.36337211964457583,3.585268703450493,False,True,False,insufficient_reach,999.0,,0.52,0.21782599236422479,0.0,0.0,2.491582043891539,77.1349887356561,,149
lat0.3_h1.6_t20,0.3,1.6,7.0,0.6171910507266409,1.105464674188244,-15.679133898712236,-0.6608200722117146,3.3846711422613223,False,True,False,insufficient_reach,999.0,,0.46,0.3114925444112956,0.0,0.0,2.9477036083180677,77.99477709233695,,149
lat0.3_h1.6_t21,0.3,1.6,7.0,-0.16761086222400495,1.2343373948157264,-17.29851661505224,1.1203840301938028,2.9233016585892155,False,True,False,insufficient_reach,999.0,,0.44,0.35601008453115496,0.0,0.0,2.4963687607196254,69.34047589036187,,149
lat0.3_h1.6_t22,0.3,1.6,7.0,0.5054900246731167,1.1750017828475923,-8.279156099009882,-0.23404679461890543,4.790585699139298,False,True,False,insufficient_reach,999.0,,0.66,0.13349574831848732,0.0,0.0,5.6366476213993,88.28417101581697,,149
lat0.3_h1.6_t23,0.3,1.6,7.0,-0.01459114962594571,1.1728252515527422,-13.241874712789267,0.5808573347774266,3.4452683558376442,False,True,False,insufficient_reach,999.0,,0.5,0.34689615387830075,0.0,0.0,2.68875982176736,77.45124537052406,,149
lat0.3_h1.6_t24,0.3,1.6,7.0,0.5069563184934227,1.361738583861143,-7.872942356646999,-0.22820731484623952,4.710966210502372,False,True,False,no_reaction,999.0,,nan,0.04426092047735376,0.0,0.0,1.9448592929395094,58.39818424802052,,149
lat0.3_h1.6_t25,0.3,1.6,7.0,0.7258273744435173,1.363997380054127,-13.403858347846125,-0.7792064172532361,3.1123790987060445,False,True,False,insufficient_reach,999.0,,0.5,0.24818121258662593,0.0,0.0,2.813930972596669,81.05300170963228,,149
lat0.3_h1.6_t26,0.3,1.6,7.0,0.3812154774893833,1.3872671790242055,-15.101349731128243,-0.1696061677474868,2.793006771910347,False,True,False,no_reaction,999.0,,nan,0.044260920477354554,0.0,0.0,1.9448592929394994,58.398184248020634,,149
lat0.3_h1.6_t27,0.3,1.6,7.0,0.313955446690708,1.3760492470728032,-9.707264923010321,-0.018368270095370308,4.021380501175297,False,True,False,insufficient_reach,999.0,,0.58,0.28702350709954927,0.0,0.0,4.190074243565869,90.1745513892002,,149
lat0.3_h1.6_t28,0.3,1.6,7.0,-0.03936638738144932,1.1692095479004658,-12.705599097182013,0.5715222720747176,3.6380469214226645,False,True,False,insufficient_reach,999.0,,0.54,0.17889590439264488,0.0,0.0,3.2898574061626737,78.75254328499295,,149
lat0.3_h1.6_t29,0.3,1.6,7.0,-0.09358823709715541,1.4287009667941561,-15.29547660309602,0.8343709626985952,2.6769175879111997,False,True,False,insufficient_reach,999.0,,0.46,0.18466243842837768,0.0,0.0,2.6649463180549993,74.88774126386267,,149
lat0.3_h1.6_t30,0.3,1.6,7.0,0.7485203275139152,1.3844640350111064,-8.397144251007793,-0.5286794859316755,4.415353074966352,False,True,False,insufficient_reach,999.0,,0.64,0.1368118536694761,0.0,0.0,4.723975321156148,86.91414344956517,,149
lat0.6_h0.05_t1,0.6,0.05,7.0,0.8793651703351197,0.05,-8.571503921063623,-0.32548135396155203,4.210029680089231,False,True,False,no_reaction,999.0,,nan,0.04426092047735382,0.0,0.0,1.9448592929395083,58.39818424802067,,149
lat0.6_h0.05_t2,0.6,0.05,7.0,0.10270814982045207,0.05,-8.376419431478414,0.5704203079348412,4.2761740618276045,False,True,False,no_reaction,999.0,,nan,0.0442609204773516,0.0,0.0,1.9448592929395023,58.39818424802051,,149
lat0.6_h0.05_t3,0.6,0.05,7.0,0.592092010350098,0.05,-10.182944775052452,0.011335577774443297,3.421853742666804,False,True,False,no_reaction,999.0,,nan,0.04426092047735354,0.0,0.0,1.944859292939506,58.398184248020826,,149
lat0.6_h0.05_t4,0.6,0.05,7.0,0.9147936675236586,0.05,-11.680790521169332,-0.4939869631013907,3.125715969323319,False,True,False,insufficient_reach,999.0,,0.58,0.46330949327578175,0.0,0.0,3.48526466372601,79.2079296093674,,149
lat0.6_h0.05_t5,0.6,0.05,7.0,0.21902130449314106,0.05,-7.7268177091732735,0.3957416477227095,4.7220213293560525,False,True,False,no_reaction,999.0,,nan,0.04426092047735288,0.0,0.0,1.9448592929395248,58.39818424802048,,149
lat0.6_h0.05_t6,0.6,0.05,7.0,0.9776921788278482,0.05,-13.583192379736722,-0.709875596643649,2.609725064377123,False,True,False,insufficient_reach,999.0,,0.54,0.606934641770506,0.0,0.0,2.74920675540951,81.14878626788992,,149
lat0.6_h0.05_t7,0.6,0.05,7.0,0.8224113844635446,0.05,-13.293689063946267,-0.39526777027658905,2.7599716516990704,False,True,False,insufficient_reach,999.0,,0.56,0.5964034460870978,0.0,0.0,2.991228129134537,81.10101565463009,,149
lat0.6_h0.05_t8,0.6,0.05,7.0,0.9715858828624065,0.05,-15.577425501703482,-0.7683876522006096,2.372017236638591,False,True,False,insufficient_reach,999.0,,0.52,0.490393264171178,0.0,0.0,4.295116810493487,95.62820863531573,,149
lat0.6_h0.05_t9,0.6,0.05,7.0,0.4586613630264591,0.05,-12.81561966861706,0.2428625090225679,2.8545616906675235,False,True,False,insufficient_reach,999.0,,0.56,0.4756037449051711,0.0,0.0,3.24857277830285,78.55199176924549,,149
lat0.6_h0.05_t10,0.6,0.05,7.0,0.11259640127178694,0.05,-16.428719798793466,1.0714698239853344,2.2312477666142914,False,True,False,insufficient_reach,999.0,,0.5,0.5109021670069064,0.0,0.0,2.8435746147492322,83.6347285631836,,149
lat0.6_h0.05_t11,0.6,0.05,7.0,1.0929434657829071,0.05,-13.75089466090597,-0.9138018080232821,2.6459651080090176,False,True,False,insufficient_reach,999.0,,0.54,0.5900955560354263,0.0,0.0,2.9584005904881323,77.16920503238507,,149
lat0.6_h0.05_t12,0.6,0.05,7.0,0.5441839479215043,0.05,-14.898922351804655,0.11039242962225873,2.480040854086057,False,True,False,insufficient_reach,999.0,,0.52,0.4558250786277641,0.0,0.0,2.8669568564912327,82.05853388141794,,149
lat0.6_h0.05_t13,0.6,0.05,7.0,1.0097436867126839,0.05,-8.533588490207817,-0.4605644851947348,4.363759794626671,False,True,False,insufficient_reach,999.0,,0.7000000000000001,0.6999941422666761,0.0,0.0,3.1176850923762647,86.66555177558506,,149
lat0.6_h0.05_t14,0.6,0.05,7.0,0.6314792462818208,0.05,-15.96131853423603,-0.06804128226181276,2.269294432432962,False,True,False,insufficient_reach,999.0,,0.5,0.3967937027014044,0.0,0.0,2.5491053382400644,82.07965261075164,,149
lat0.6_h0.05_t15,0.6,0.05,7.0,0.10207651760008118,0.05,-11.210496785803803,0.7558882790385697,3.23105245695572,False,True,False,insufficient_reach,999.0,,0.62,0.5190540429706354,0.0,0.0,3.34503516146927,80.78061100163109,,149
lat0.6_h0.05_t16,0.6,0.05,7.0,0.6468811737874329,0.05,-8.624532040610685,-0.0562576565823944,4.087481978396541,False,True,False,insufficient_reach,999.0,,0.74,0.6112928278789023,0.0,0.0,2.8925956870836824,74.74793838829899,,149
lat0.6_h0.05_t17,0.6,0.05,7.0,0.3964448877441531,0.05,-17.596774302510052,0.4890228412425218,2.041699776390961,False,True,False,insufficient_reach,999.0,,0.48,0.5811871222313436,0.0,0.0,3.5108527886115124,86.94743266642033,,149
lat0.6_h0.05_t18,0.6,0.05,7.0,0.5639854174403808,0.05,-12.176563588570284,0.060662690509165916,2.9120292221170243,False,True,False,insufficient_reach,999.0,,0.58,0.4758048077632782,0.0,0.0,3.2814509085730004,77.06152080807573,,149
lat0.6_h0.05_t19,0.6,0.05,7.0,0.2062138275884562,0.05,-8.096500294788322,0.4277396037384126,4.515647274176321,False,True,False,no_reaction,999.0,,nan,0.04426092047735563,0.0,0.0,1.9448592929395054,58.398184248020705,,149
lat0.6_h0.05_t20,0.6,0.05,7.0,0.13875693555418245,0.05,-9.41944454204407,0.593586670529249,3.811401676337433,False,True,False,insufficient_reach,999.0,,0.68,0.3226160957975211,0.0,0.0,3.5507722651154316,89.52360137026575,,149
lat0.6_h0.05_t21,0.6,0.05,7.0,0.35180676605088146,0.05,-13.414845670938485,0.44372948182978167,2.7435360109505336,False,True,False,insufficient_reach,999.0,,0.56,0.422772491944427,0.0,0.0,4.2330149240001225,96.48712536533004,,149
lat0.6_h0.05_t22,0.6,0.05,7.0,0.396537589620262,0.05,-7.991205298275498,0.2212244735113525,4.511178655201554,False,True,False,insufficient_reach,999.0,,0.74,0.22683189614573468,0.0,0.0,3.8313316021222183,94.9181473898559,,149
lat0.6_h0.05_t23,0.6,0.05,7.0,0.2032166488789996,0.05,-7.214278007675068,0.3970097662424113,4.902202672919028,False,True,False,no_reaction,999.0,,nan,0.04426092047735376,0.0,0.0,1.944859292939508,58.39818424802042,,149
lat0.6_h0.05_t24,0.6,0.05,7.0,0.3671440698706493,0.05,-10.403475039352982,0.32589243025904846,3.5047096257393138,False,True,False,insufficient_reach,999.0,,0.64,0.1580919702343791,0.0,0.0,3.453792755007068,76.42071465616772,,149
lat0.6_h0.05_t25,0.6,0.05,7.0,0.7431043526178502,0.05,-15.647968393481408,-0.29972528634184514,2.341900672304265,False,True,False,insufficient_reach,999.0,,0.72,0.05442562255879382,0.0,0.0,2.092769052376267,56.67596352510867,,149
lat0.6_h0.05_t26,0.6,0.05,7.0,0.9994125221673252,0.05,-13.76608998552297,-0.7508923227612219,2.609053737593899,False,True,False,insufficient_reach,999.0,,0.54,0.4797532256718608,0.0,0.0,4.345943757369422,98.17175052635736,,149
lat0.6_h0.05_t27,0.6,0.05,7.0,0.5539261364217959,0.05,-8.496548710014256,0.05161265183475434,4.378622155951982,False,True,False,insufficient_reach,999.0,,0.72,0.5965874335328433,0.0,0.0,2.6046419154274636,74.2519422825723,,149
lat0.6_h0.05_t28,0.6,0.05,7.0,0.2706011246216443,0.05,-7.847648185625976,0.34333523540919114,4.705900580828011,False,True,False,insufficient_reach,999.0,,0.76,0.6303898128402682,0.0,0.0,2.6651919072256485,80.8395122776466,,149
lat0.6_h0.05_t29,0.6,0.05,7.0,0.7542204620290129,0.05,-8.47373229525247,-0.17656317856891662,4.284309856582291,False,True,False,no_reaction,999.0,,nan,0.0442609204773501,0.0,0.0,1.944859292939507,58.39818424802003,,149
lat0.6_h0.05_t30,0.6,0.05,7.0,0.44778240304888717,0.05,-13.682778794946312,0.2851553319807027,2.6183179106597763,False,True,False,insufficient_reach,999.0,,0.56,0.4545850924781612,0.0,0.0,2.8037957863395766,80.57980719909534,,149
lat0.6_h0.2_t1,0.6,0.2,7.0,0.6142270112659776,0.05,-9.32466430481123,-0.017595231727831114,4.151557778759852,False,True,False,insufficient_reach,999.0,,0.68,0.5350667726285873,0.0,0.0,3.138054814586267,77.37957619710522,,149
lat0.6_h0.2_t2,0.6,0.2,7.0,0.6883656892176566,0.05,-8.685573426261804,-0.10266415547343766,4.3961316620805855,False,True,False,insufficient_reach,999.0,,0.7000000000000001,0.3955728643447234,0.0,0.0,3.390887180333277,88.06509994733189,,149
lat0.6_h0.2_t3,0.6,0.2,7.0,0.9250353191428,0.05,-16.865724864192803,-0.741170674921014,2.493095730661277,False,True,False,insufficient_reach,999.0,,0.5,0.41466600805308296,0.0,0.0,4.362510993668502,90.8116040383061,,149
lat0.6_h0.2_t4,0.6,0.2,7.0,0.375170112488068,0.05,-8.69947610416934,0.2582580978471875,4.442412769219874,False,True,False,insufficient_reach,999.0,,0.7000000000000001,0.15351678273645636,0.0,0.0,2.7710697452278827,76.61462332084675,,149
lat0.6_h0.2_t5,0.6,0.2,7.0,1.0810448622544657,0.05,-12.533512352565296,-0.7978339384801261,3.206195295796918,False,True,False,no_reaction,999.0,,nan,0.044260920477352604,0.0,0.0,1.9448592929395099,58.398184248020634,,149
lat0.6_h0.2_t6,0.6,0.2,7.0,0.40693107298123254,0.05,-8.767244257048818,0.2272127990517145,4.344439809819457,False,True,False,no_reaction,999.0,,nan,0.04426092047735342,0.0,0.0,1.9448592929395145,58.39818424802079,,149
lat0.6_h0.2_t7,0.6,0.2,7.0,0.11191798297824207,0.05,-8.937275518415229,0.609979312225111,4.112254739184162,False,True,False,no_reaction,999.0,,nan,0.04426092047735035,0.0,0.0,1.944859292939502,58.39818424802051,,149
lat0.6_h0.2_t8,0.6,0.2,7.0,0.5939791491401879,0.05,-7.717511298725139,0.006120764872946562,4.977421063976564,False,True,False,insufficient_reach,999.0,,0.76,0.5468394989820378,0.0,0.0,2.2938879495780875,78.20533437121104,,149
lat0.6_h0.2_t9,0.6,0.2,7.0,0.23722714661687105,0.07506458424663687,-10.542571718098776,0.5177852596526072,3.614881586891614,False,True,False,insufficient_reach,999.0,,0.64,0.5664623218119612,0.0,0.0,3.4307899922411016,73.77073487563318,,149
lat0.6_h0.2_t10,0.6,0.2,7.0,0.4339024715265539,0.05,-11.136657855963414,0.2487646055111345,3.499672566197885,False,True,False,no_reaction,999.0,,nan,0.044260920477352673,0.0,0.0,1.9448592929395014,58.398184248020456,,149
lat0.6_h0.2_t11,0.6,0.2,7.0,0.6140233698765097,0.05,-17.977190962719686,-0.03379203038968445,2.396982255636705,False,True,False,insufficient_reach,999.0,,0.46,0.6950198393777621,0.0,0.0,2.9088595742816743,77.90629602406727,,149
lat0.6_h0.2_t12,0.6,0.2,7.0,0.7837882008898746,0.05,-10.319682112936155,-0.2566049687890942,3.722538514827844,False,True,False,insufficient_reach,999.0,,0.64,0.5017713914100326,0.0,0.0,3.6017289097098213,80.75634784028941,,149
lat0.6_h0.2_t13,0.6,0.2,7.0,0.5011479694917975,0.07911842640578287,-7.805333971669057,0.10724155044324743,4.652421964392206,False,True,False,insufficient_reach,999.0,,0.74,0.653871110767148,0.0,0.0,2.6973905852244777,74.60911772321859,,149
lat0.6_h0.2_t14,0.6,0.2,7.0,0.20949097255446214,0.05,-15.503012805928105,0.8222592120465588,2.645333943803483,False,True,False,insufficient_reach,999.0,,0.5,0.5044660862122947,0.0,0.0,3.028439885371642,83.12272836026315,,149
lat0.6_h0.2_t15,0.6,0.2,7.0,1.094774954573906,0.08662356742205729,-9.99151974786426,-0.6826199669444077,3.7116508880502006,False,True,False,insufficient_reach,999.0,,0.6,0.4710266792057698,0.0,0.0,3.920092504321324,82.89853981071349,,149
lat0.6_h0.2_t16,0.6,0.2,7.0,0.8156207169717857,0.05,-13.517860284319244,-0.3876384185251128,2.998033214181055,False,True,False,insufficient_reach,999.0,,0.54,0.4220010091955784,0.0,0.0,3.297670795641439,82.85284752160975,,149
lat0.6_h0.2_t17,0.6,0.2,7.0,0.7938631618757322,0.05,-8.900505716839104,-0.23826349792299226,4.175309013628626,False,True,False,insufficient_reach,999.0,,0.7000000000000001,0.1634641528259713,0.0,0.0,2.980342998009584,77.18087459862568,,149
lat0.6_h0.2_t18,0.6,0.2,7.0,0.612835362435142,0.05,-9.248840684163751,-0.016629375969711587,3.980256538052887,False,True,False,insufficient_reach,999.0,,0.68,0.4997542615298857,0.0,0.0,3.1958673780539333,74.94207271541069,,149
lat0.6_h0.2_t19,0.6,0.2,7.0,0.8768937482048726,0.05,-9.537172585695084,-0.3636860484046293,3.931457773423852,False,True,False,insufficient_reach,999.0,,0.78,0.05119374946575645,0.0,0.0,3.5453940997008724,46.320021453944435,,149
lat0.6_h0.2_t20,0.6,0.2,7.0,0.5972291950199957,0.08012280549447254,-8.397825038112217,0.003129025584626956,4.478835698547336,False,True,False,insufficient_reach,999.0,,0.7000000000000001,0.5239118188655144,0.0,0.0,3.266862240296101,73.85037026848454,,149
lat0.6_h0.2_t21,0.6,0.2,7.0,0.13301193590032723,0.08157470101056352,-17.77881327456756,1.1348413920081302,2.3061998856466,False,True,False,insufficient_reach,999.0,,0.46,0.502369475924797,0.0,0.0,3.275782940118066,80.7304007392691,,149
lat0.6_h0.2_t22,0.6,0.2,7.0,0.3177288996829335,0.05,-8.573003682116052,0.32320271576804604,4.455563456848763,False,True,False,no_reaction,999.0,,nan,0.044260920477352174,0.0,0.0,1.9448592929394966,58.3981842480204,,149
lat0.6_h0.2_t23,0.6,0.2,7.0,1.021143880180842,0.09043440967982869,-10.298308505554449,-0.6102254335962214,3.5439174114654484,False,True,False,insufficient_reach,999.0,,0.62,0.678799570228922,0.0,0.0,3.853317827258573,78.79005355561583,,149
lat0.6_h0.2_t24,0.6,0.2,7.0,0.35337939882933445,0.058030623664738046,-14.245338774833755,0.4698755856132355,2.844944184199379,False,True,False,no_reaction,999.0,,nan,0.04426092047735305,0.0,0.0,1.944859292939495,58.398184248020534,,149
lat0.6_h0.2_t25,0.6,0.2,7.0,0.5934067004133952,0.06465316548339023,-12.312462623974923,0.010800426869396583,3.216049020283383,False,True,False,insufficient_reach,999.0,,0.56,0.45441591149403293,0.0,0.0,3.0033415500560943,77.69998354730016,,149
lat0.6_h0.2_t26,0.6,0.2,7.0,1.0839309401424022,0.062455014450991775,-14.22359931412962,-0.9693117937764604,2.724333579617463,False,True,False,insufficient_reach,999.0,,0.52,0.6019087878472664,0.0,0.0,2.957888581329544,80.59629069247724,,149
lat0.6_h0.2_t27,0.6,0.2,7.0,0.3589616050249752,0.05149860947077195,-8.14484887920248,0.2678738474403101,4.578654288312728,False,True,False,insufficient_reach,999.0,,0.74,0.5314270963018033,0.0,0.0,2.4786804721029694,76.36674330427114,,149
lat0.6_h0.2_t28,0.6,0.2,7.0,0.7136831877287435,0.05,-7.438000316443747,-0.11739522477704244,4.90480176901952,False,True,False,no_reaction,999.0,,nan,0.044260920477352673,0.0,0.0,1.9448592929395148,58.398184248020605,,149
lat0.6_h0.2_t29,0.6,0.2,7.0,0.6208857827006792,0.05,-8.878635800673177,-0.02577266446408015,4.160035996419333,False,True,False,insufficient_reach,999.0,,0.7000000000000001,0.5503563403719027,0.0,0.0,3.134371342347482,89.49818292051904,,149
lat0.6_h0.2_t30,0.6,0.2,7.0,0.6745821975518795,0.05,-8.157088754673103,-0.0837076083778962,4.538632968454871,False,True,False,insufficient_reach,999.0,,0.74,0.5100696250719718,0.0,0.0,2.4088777566779505,78.1749013834388,,149
lat0.6_h0.4_t1,0.6,0.4,7.0,0.5523667592065702,0.19345713614577942,-15.746746689928587,0.10258412822884379,2.722371338071356,False,True,False,insufficient_reach,999.0,,0.5,0.6290754105248838,0.0,0.0,2.464821354606875,96.18362872014643,,149
lat0.6_h0.4_t2,0.6,0.4,7.0,0.33684947059654624,0.05,-9.825991689377801,0.3619730100593425,4.047320422430695,False,True,False,insufficient_reach,999.0,,0.66,0.634107121091085,0.0,0.0,3.250492818031863,82.97430112785517,,149
lat0.6_h0.4_t3,0.6,0.4,7.0,0.3183031118115123,0.05,-11.645255595671193,0.4546874770544394,3.603777294129471,False,True,False,insufficient_reach,999.0,,0.6,0.5143522415516403,0.0,0.0,3.3112457993873687,83.9676646952033,,149
lat0.6_h0.4_t4,0.6,0.4,7.0,0.5309837288482031,0.10420810451953788,-15.565749731180016,0.14949558070937546,2.905159344714724,False,True,False,insufficient_reach,999.0,,0.5,0.6008954772850524,0.0,0.0,2.517677187192161,97.94085165885373,,149
lat0.6_h0.4_t5,0.6,0.4,7.0,0.283423643497956,0.05,-11.10277515628788,0.48341862373643235,3.746594590611863,False,True,False,no_reaction,999.0,,nan,0.0442609204773512,0.0,0.0,1.9448592929395006,58.39818424802061,,149
lat0.6_h0.4_t6,0.6,0.4,7.0,0.23180682989667933,0.2548170977787848,-8.889842537690377,0.4537801720925852,4.158803962927688,False,True,False,insufficient_reach,999.0,,0.64,0.598617837597218,0.0,0.0,3.536505260566719,83.40729425144963,,149
lat0.6_h0.4_t7,0.6,0.4,7.0,0.9171070991667613,0.07933858820985348,-14.093982611805316,-0.5936472295637812,3.2203930977262742,False,True,False,insufficient_reach,999.0,,0.52,0.4862321231715045,0.0,0.0,2.777881954114439,79.2439942092238,,149
lat0.6_h0.4_t8,0.6,0.4,7.0,0.673431825355661,0.05,-13.453615923940742,-0.1383811041016864,3.262403858002629,False,True,False,insufficient_reach,999.0,,0.54,0.42239868500677397,0.0,0.0,3.2155798084084215,85.39335808882203,,149
lat0.6_h0.4_t9,0.6,0.4,7.0,0.3393322865473586,0.14964536801826178,-7.856922535751372,0.2703185396961159,4.989506887268875,False,True,False,insufficient_reach,999.0,,0.7000000000000001,0.5180422042098697,0.0,0.0,3.1152896138004,72.8373494124018,,149
lat0.6_h0.4_t10,0.6,0.4,7.0,0.10370240683241683,0.05,-7.818920278218729,0.536299603217334,4.917351629528576,False,True,False,insufficient_reach,999.0,,0.76,0.4737180291839116,0.0,0.0,3.564635022721319,89.6627126521444,,149
lat0.6_h0.4_t11,0.6,0.4,7.0,0.7805606661388378,0.05,-12.716772824245467,-0.3063295825295616,3.4849585916153436,False,True,False,insufficient_reach,999.0,,0.56,0.49165551420863723,0.0,0.0,4.149130722264519,95.80185697367072,,149
lat0.6_h0.4_t12,0.6,0.4,7.0,1.0354248244485342,0.29192141415237527,-16.506643030056654,-0.9520906648859413,2.479552781231129,False,True,False,insufficient_reach,999.0,,0.46,0.4580418623856371,0.0,0.0,3.604766838587421,83.81905820880371,,149
lat0.6_h0.4_t13,0.6,0.4,7.0,0.679596727412674,0.2650420107532442,-14.122580613795881,-0.1578121150870435,2.7415407792969733,False,True,False,insufficient_reach,999.0,,0.48,0.4584693279841882,0.0,0.0,3.9051230750520376,90.63897282391291,,149
lat0.6_h0.4_t14,0.6,0.4,7.0,0.17679568428673398,0.0654824127640122,-18.560787000240936,1.0469504156930114,2.8102787049665294,False,True,False,insufficient_reach,999.0,,0.46,0.6054521967221312,0.0,0.0,3.5377562715139925,82.1809047753056,,149
lat0.6_h0.4_t15,0.6,0.4,7.0,0.8700212284558286,0.1520700339548166,-13.175177776250385,-0.4981219563499915,3.116264369867869,False,True,False,no_reaction,999.0,,nan,0.04426092047735473,0.0,0.0,1.944859292939501,58.398184248020584,,149
lat0.6_h0.4_t16,0.6,0.4,7.0,0.8343500353352957,0.1086933675412983,-11.755785766678818,-0.38634338943463165,3.455539100112448,False,True,False,insufficient_reach,999.0,,0.56,0.5307868346893622,0.0,0.0,6.457301778205597,88.0,,149
lat0.6_h0.4_t17,0.6,0.4,7.0,0.36066165483293655,0.05,-8.287189708517445,0.2754062678820938,4.665372879559276,False,True,False,no_reaction,999.0,,nan,0.04426092047735566,0.0,0.0,1.9448592929394721,58.3981842480206,,149
lat0.6_h0.4_t18,0.6,0.4,7.0,0.8089642671237774,0.26244037147217036,-11.295303281285376,-0.3208134643415335,3.4060978322509516,False,True,False,insufficient_reach,999.0,,0.54,0.6023409583671077,0.0,0.0,3.9005750613106738,89.03264845684758,,149
lat0.6_h0.4_t19,0.6,0.4,7.0,0.24362137806881623,0.1631797943126504,-16.43347210475427,0.8237894682679385,2.669369837764081,False,True,False,insufficient_reach,999.0,,0.5,0.5953042686029281,0.0,0.0,2.4244846397550384,93.80282396468013,,149
lat0.6_h0.4_t20,0.6,0.4,7.0,0.4058948132615199,0.0932538582261998,-8.282860088702536,0.22262234609824413,4.628498375609374,False,True,False,insufficient_reach,999.0,,0.7000000000000001,0.6798262350506918,0.0,0.0,3.1609900287046546,80.79837169021533,,149
lat0.6_h0.4_t21,0.6,0.4,7.0,0.46080631137800254,0.2011389900365536,-9.902200211498146,0.18155266406519716,4.0199672554587,False,True,False,insufficient_reach,999.0,,0.6,0.48479494771302695,0.0,0.0,4.013878018403461,91.28100147611391,,149
lat0.6_h0.4_t22,0.6,0.4,7.0,0.39987426844406493,0.05,-15.505178599998764,0.4198261895030693,3.0723845075098897,False,True,False,insufficient_reach,999.0,,0.54,0.13569679388038502,0.0,0.0,2.0877487315609593,53.76525392838067,,149
lat0.6_h0.4_t23,0.6,0.4,7.0,0.49029554721277047,0.25640867318688465,-7.944840908631612,0.11984850064062569,4.646706698230281,True,False,False,save,999.0,,0.66,0.4472623484654844,0.0,0.0,3.4745613427287636,80.7915412876895,,149
lat0.6_h0.4_t24,0.6,0.4,7.0,1.0102166549666445,0.05,-8.71489169416,-0.4948500146276241,4.4883159920605005,False,True,False,insufficient_reach,999.0,,0.7000000000000001,0.6050066998069822,0.0,0.0,3.028918141406729,74.57198327555372,,149
lat0.6_h0.4_t25,0.6,0.4,7.0,0.3771443518733598,0.07987079087348803,-17.786252168001404,0.5340665017073201,2.8139413838189102,False,True,False,insufficient_reach,999.0,,0.52,0.1706540880821352,0.0,0.0,2.4549229213118324,66.02162000889334,,149
lat0.6_h0.4_t26,0.6,0.4,7.0,0.9819755551406074,0.2836336969129614,-14.714446036721487,-0.7584085788614227,2.701467244607478,False,True,False,insufficient_reach,999.0,,0.5,0.6339602748949832,0.0,0.0,2.4368529065523656,87.50089658853344,,149
lat0.6_h0.4_t27,0.6,0.4,7.0,0.4433777895745725,0.05,-8.949852950463052,0.18860518688549693,4.494699685473008,False,True,False,no_reaction,999.0,,nan,0.044260920477352916,0.0,0.0,1.9448592929394954,58.39818424802046,,149
lat0.6_h0.4_t28,0.6,0.4,7.0,0.5352927241876341,0.11006155764465139,-7.666787659213506,0.0668949468561205,5.0443322685123135,False,True,False,insufficient_reach,999.0,,0.7000000000000001,0.6265315756197372,0.0,0.0,3.263725192109338,74.63882442854543,,149
lat0.6_h0.4_t29,0.6,0.4,7.0,0.24551730038742492,0.25119135299986367,-8.788635812673519,0.4168783406622954,4.345853249487575,False,True,False,insufficient_reach,999.0,,0.66,0.5739525493191069,0.0,0.0,3.510688802816701,75.48419490997293,,149
lat0.6_h0.4_t30,0.6,0.4,7.0,0.2778840587344996,0.05,-7.369914293089999,0.32558220777846647,5.206545912203124,False,True,False,no_reaction,999.0,,nan,0.04426092047735185,0.0,0.0,1.9448592929394923,58.3981842480205,,149
lat0.6_h0.8_t1,0.6,0.8,7.0,0.6976324398689003,0.5955721821397889,-16.733165338309398,-0.2210956309570556,2.6289141655700714,False,True,False,insufficient_reach,999.0,,0.46,0.5677288933215607,0.0,0.0,3.7824756005161633,87.79097710304141,,149
lat0.6_h0.8_t2,0.6,0.8,7.0,0.8011442199666534,0.32229119428039377,-9.833077957461034,-0.2775387134007262,4.2140064821047005,False,True,False,insufficient_reach,999.0,,0.6,0.5322368934350306,0.0,0.0,3.564360492803988,88.21051701877599,,149
lat0.6_h0.8_t3,0.6,0.8,7.0,0.5415039232811749,0.3522690521653049,-8.954275799499715,0.07122813939051423,4.57341158009137,False,True,False,insufficient_reach,999.0,,0.64,0.629746440090342,0.0,0.0,3.547323587091871,81.17296586042313,,149
lat0.6_h0.8_t4,0.6,0.8,7.0,0.10074770837053104,0.5376545565910205,-8.19668713673839,0.5418554234091595,4.8040790423042115,False,True,False,insufficient_reach,999.0,,0.66,0.49470788362640694,0.0,0.0,3.0355253902130417,73.72919645467408,,149
lat0.6_h0.8_t5,0.6,0.8,7.0,0.3177248987989022,0.4001361069525544,-9.258809265144714,0.3659977489132341,4.301435684430714,False,True,False,insufficient_reach,999.0,,0.7000000000000001,0.057459818442089534,0.0,0.0,3.3786661158738616,57.0705401148744,,149
lat0.6_h0.8_t6,0.6,0.8,7.0,1.0348930465545085,0.5548343555418862,-10.832277805059064,-0.6415111864570872,3.686840038843684,False,True,False,insufficient_reach,999.0,,0.54,0.6108676150418828,0.0,0.0,3.1019124719424798,81.63612181779064,,149
lat0.6_h0.8_t7,0.6,0.8,7.0,1.0299355940740855,0.4834820462670153,-10.64647805659528,-0.6379762640977303,3.775182751122972,False,True,False,insufficient_reach,999.0,,0.54,0.6510811426686445,0.0,0.0,2.8967036767518466,80.34630106863003,,149
lat0.6_h0.8_t8,0.6,0.8,7.0,0.5683005914563851,0.6412512687640947,-12.25480293045896,0.05451903529913208,3.1249787131190456,False,True,False,insufficient_reach,999.0,,0.52,0.4595310087923095,0.0,0.0,3.9147988151861037,93.96678879827934,,149
lat0.6_h0.8_t9,0.6,0.8,7.0,0.48205388251105696,0.31129150386028254,-7.464468220965751,0.1229167062877744,5.215952375183112,False,True,False,insufficient_reach,999.0,,0.7000000000000001,0.4943286049158113,0.0,0.0,2.7893280549337387,76.32640584212663,,149
lat0.6_h0.8_t10,0.6,0.8,7.0,0.8148984380772886,0.47193786789726216,-12.052851433846882,-0.3492844055697412,3.5510328174073695,False,True,False,insufficient_reach,999.0,,0.52,0.47509636009466455,0.0,0.0,3.817809988059269,90.06461580222827,,149
lat0.6_h0.8_t11,0.6,0.8,7.0,0.3894363680300219,0.4918500386977832,-7.758138600899005,0.21544833124484938,5.109091083173175,False,True,False,no_reaction,999.0,,nan,0.04426092047735385,0.0,0.0,1.9448592929395045,58.39818424802076,,149
lat0.6_h0.8_t12,0.6,0.8,7.0,0.2004575496809684,0.503663186225041,-18.1334264423056,0.9916147485478684,2.711798897925264,False,True,False,insufficient_reach,999.0,,0.46,0.6554591395431213,0.0,0.0,3.4172664995938096,82.07053680249466,,149
lat0.6_h0.8_t13,0.6,0.8,7.0,0.6333083624587408,0.6983974596402799,-11.193777862873889,-0.05170989400800358,3.317235943944352,False,True,False,insufficient_reach,999.0,,0.56,0.4163614470727138,0.0,0.0,4.068475794388954,83.10669037177045,,149
lat0.6_h0.8_t14,0.6,0.8,7.0,0.14155984827225854,0.3827190704176576,-8.174733337370295,0.5052320932199275,4.910596518723546,False,True,False,insufficient_reach,999.0,,0.68,0.5096391275467347,0.0,0.0,3.122088553092838,72.92076488304507,,149
lat0.6_h0.8_t15,0.6,0.8,7.0,0.8024053658662019,0.41978308957370186,-11.54137353369747,-0.32663524351981843,3.6530526784445145,False,True,False,insufficient_reach,999.0,,0.54,0.15159088010412183,0.0,0.0,2.370547288225549,56.45871579745707,,149
lat0.6_h0.8_t16,0.6,0.8,7.0,0.507937818367841,0.6921044831265997,-7.538217290201882,0.09217403728422811,5.007074261753185,False,True,False,insufficient_reach,999.0,,0.7000000000000001,0.6405117734705252,0.0,0.0,2.8561339693899774,87.54800007437976,,149
lat0.6_h0.8_t17,0.6,0.8,7.0,0.22160525934805708,0.5532340505984954,-8.418886783768144,0.44769132719455057,4.437729028570335,False,True,False,insufficient_reach,999.0,,0.66,0.5083048815432399,0.0,0.0,3.3274416088870518,73.06217779013984,,149
lat0.6_h0.8_t18,0.6,0.8,7.0,0.2157600462463246,0.6376743583296327,-9.256761114400417,0.49627616649608464,4.007334138332651,False,True,False,insufficient_reach,999.0,,0.62,0.4901372495446415,0.0,0.0,3.9529820659988735,79.74296841833731,,149
lat0.6_h0.8_t19,0.6,0.8,7.0,0.18066976739117735,0.5689393070571459,-9.996018891900146,0.588831855573623,3.817502681949701,False,True,False,insufficient_reach,999.0,,0.6,0.4459382939854558,0.0,0.0,3.9469182023919474,88.3997068822067,,149
lat0.6_h0.8_t20,0.6,0.8,7.0,0.9137102707573079,0.3868412917879561,-11.916058214915518,-0.5186308328037577,3.64998504246956,False,True,False,insufficient_reach,999.0,,0.52,0.5607942561079392,0.0,0.0,4.444018540070252,97.4347009087157,,149
lat0.6_h0.8_t21,0.6,0.8,7.0,1.040876267494709,0.3731572212274675,-7.313427623786443,-0.44944937750531266,5.246581617628634,False,True,False,insufficient_reach,999.0,,0.7000000000000001,0.4251179521919383,0.0,0.0,3.1956457133570138,80.5818793184107,,149
lat0.6_h0.8_t22,0.6,0.8,7.0,0.3735420290019369,0.45986320083430143,-12.10860471433233,0.36163573562142903,3.614705663419814,False,True,False,insufficient_reach,999.0,,0.54,0.13375931464954807,0.0,0.0,2.0485928997588543,49.594147668026714,,149
lat0.6_h0.8_t23,0.6,0.8,7.0,0.3577784882039913,0.5805454241241765,-10.18353784635308,0.33554158856988764,3.84483565338782,False,True,False,insufficient_reach,999.0,,0.58,0.49669688889562036,0.0,0.0,3.8383705995183224,85.99685539378143,,149
lat0.6_h0.8_t24,0.6,0.8,7.0,0.4416745738184541,0.6813265488803842,-17.22026716653308,0.36844923001883784,2.3838882508594703,False,True,False,insufficient_reach,999.0,,0.48,0.1787393495365248,0.0,0.0,2.0856373993888675,58.80527909298448,,149
lat0.6_h0.8_t25,0.6,0.8,7.0,0.7673318496676933,0.3502328410840643,-9.066478404372724,-0.20203700825517712,4.6054878195079265,False,True,False,insufficient_reach,999.0,,0.6,0.15648747306208233,0.0,0.0,3.635313422666681,74.5521293337671,,149
lat0.6_h0.8_t26,0.6,0.8,7.0,0.748256954077822,0.36895454484206647,-10.380435127784487,-0.2145000715797354,4.013852454962134,False,True,False,insufficient_reach,999.0,,0.56,0.625147453810831,0.0,0.0,3.079810076513202,79.89881973375587,,149
lat0.6_h0.8_t27,0.6,0.8,7.0,1.062338057481207,0.5073461853341282,-9.34872353428646,-0.6021047989324807,4.147525386639228,False,True,False,insufficient_reach,999.0,,0.6,0.5214988994246734,0.0,0.0,3.7739962055125407,80.70453462136993,,149
lat0.6_h0.8_t28,0.6,0.8,7.0,0.9036934518773024,0.6271288294264763,-9.311431323041091,-0.39130724465996314,4.02951273453258,False,True,False,insufficient_reach,999.0,,0.6,0.38745399543540315,0.0,0.0,3.6438390277806096,89.22738724926054,,149
lat0.6_h0.8_t29,0.6,0.8,7.0,0.8534756054464806,0.3529882625367706,-10.45107895721976,-0.3615286742896875,4.076568554411497,False,True,False,insufficient_reach,999.0,,0.56,0.6140257929427149,0.0,0.0,3.1263513857653518,79.68581174575804,,149
lat0.6_h0.8_t30,0.6,0.8,7.0,0.5179840855069135,0.6413139194268809,-9.817589416644685,0.11269814739892915,3.787657383920241,False,True,False,no_reaction,999.0,,nan,0.04426092047735386,0.0,0.0,1.9448592929395125,58.398184248020314,,149
lat0.6_h1.2_t1,0.6,1.2,7.0,0.3626954770019353,1.0499064250215973,-15.548853267732065,0.5163928731293753,2.5806715980552686,False,True,False,insufficient_reach,999.0,,0.46,0.5838646214385799,0.0,0.0,3.0458634840192422,80.7407871058867,,149
lat0.6_h1.2_t2,0.6,1.2,7.0,0.7231378537478254,0.8424269196476578,-8.594470309664231,-0.14800256932624664,4.510726918071714,False,True,False,insufficient_reach,999.0,,0.62,0.6055729163193073,0.0,0.0,3.558340278714488,75.75841923033377,,149
lat0.6_h1.2_t3,0.6,1.2,7.0,0.3356825345758849,0.9854641132448614,-13.734551892483037,0.48928264292047036,3.0468820904381007,False,True,False,insufficient_reach,999.0,,0.5,0.5707955276490176,0.0,0.0,3.5851273974103326,83.55236461077067,,149
lat0.6_h1.2_t4,0.6,1.2,7.0,0.6935752544142979,0.7508441963468095,-15.8235606686752,-0.196553189043515,3.27862162280027,False,True,False,insufficient_reach,999.0,,0.46,0.5404777998060796,0.0,0.0,3.2558315252918657,79.9109675085208,,149
lat0.6_h1.2_t5,0.6,1.2,7.0,0.8588681344179496,0.7423186081091195,-15.004896724788596,-0.5213689843016805,3.3571973039589476,False,True,False,insufficient_reach,999.0,,0.46,0.5291617479665478,0.0,0.0,3.171900852343615,84.2877215224608,,149
lat0.6_h1.2_t6,0.6,1.2,7.0,0.61351786674177,1.0801116894445628,-8.51518239659414,-0.015209548232671587,4.494333167147622,False,True,False,no_reaction,999.0,,nan,0.04426092047735519,0.0,0.0,1.9448592929395065,58.398184248020456,,149
lat0.6_h1.2_t7,0.6,1.2,7.0,0.592982710458089,0.8887610042258092,-11.82078957625376,0.011024559193141652,3.61107671049218,False,True,False,no_reaction,999.0,,nan,0.04426094705528205,0.0,0.0,1.9448589643061818,58.39818233747036,,149
lat0.6_h1.2_t8,0.6,1.2,7.0,0.5035199924402112,0.83331994394821,-8.276853639813034,0.10624720692610563,4.857889346099257,False,True,False,no_reaction,999.0,,nan,0.044260920477353395,0.0,0.0,1.9448592929395028,58.39818424802047,,149
lat0.6_h1.2_t9,0.6,1.2,7.0,0.8939550847155906,0.8945931062929691,-9.707574122704388,-0.39527969626889276,4.058348373508415,False,True,False,insufficient_reach,999.0,,0.66,0.05715050144027812,0.0,0.0,3.356738144501423,57.43980862470395,,149
lat0.6_h1.2_t10,0.6,1.2,7.0,1.0492811717559838,0.8220398747278106,-15.55599603586242,-0.968085196451867,3.090780894897995,False,True,False,insufficient_reach,999.0,,0.46,0.5345512358688083,0.0,0.0,4.352649714713412,90.90181575165126,,149
lat0.6_h1.2_t11,0.6,1.2,7.0,0.13515925027119413,0.8292580869117668,-10.723690807497807,0.6872238678088484,3.865867504842843,False,True,False,insufficient_reach,999.0,,0.56,0.49481684897603234,0.0,0.0,2.724135028613524,80.0050450220379,,149
lat0.6_h1.2_t12,0.6,1.2,7.0,0.5473027562526006,1.0862071672939064,-9.956233144591513,0.0720865484305073,3.7413510210702237,False,True,False,insufficient_reach,999.0,,0.58,0.6425547023317152,0.0,0.0,3.1729609926597657,77.12195843558332,,149
lat0.6_h1.2_t13,0.6,1.2,7.0,0.5577646127041341,1.0038080594867775,-13.01363108071305,0.0761085613506098,3.075501215853628,False,True,False,insufficient_reach,999.0,,0.5,0.5491782941097086,0.0,0.0,2.66317073495542,81.02105965591565,,149
lat0.6_h1.2_t14,0.6,1.2,7.0,0.518932977983946,1.0103460260811148,-8.612847846947705,0.09819429999718347,4.279181251913899,False,True,False,insufficient_reach,999.0,,0.62,0.42331103890117694,0.0,0.0,3.4475969526287766,84.66158096931608,,149
lat0.6_h1.2_t15,0.6,1.2,7.0,0.8419953911261723,0.7209116413075037,-9.756268366365171,-0.32779942839074483,4.270036475894558,False,True,False,insufficient_reach,999.0,,0.58,0.3025763596569038,0.0,0.0,3.7262695629637497,91.43698526645561,,149
lat0.6_h1.2_t16,0.6,1.2,7.0,0.4525292413005173,0.9890734297897945,-14.524841031073498,0.28418903658191924,2.9517658947568837,False,True,False,no_reaction,999.0,,nan,0.044260920477354436,0.0,0.0,1.9448592929395112,58.39818424802069,,149
lat0.6_h1.2_t17,0.6,1.2,7.0,0.2785197892725987,0.8972120500635208,-7.5919043163206315,0.3407145693787111,4.9490019875763815,False,True,False,no_reaction,999.0,,nan,0.044260920477355296,0.0,0.0,1.9448592929394986,58.39818424802058,,149
lat0.6_h1.2_t18,0.6,1.2,7.0,1.0764896611478871,0.8505037317321686,-14.629167542304295,-0.9205962254272515,3.2140098232965317,False,True,False,insufficient_reach,999.0,,0.48,0.6015471555652634,0.0,0.0,3.6506135857940096,84.41022251199675,,149
lat0.6_h1.2_t19,0.6,1.2,7.0,0.8023987210805986,0.9635607226299427,-9.95312001014402,-0.27844293228659306,3.8906920526048996,False,True,False,insufficient_reach,999.0,,0.58,0.48447372405061095,0.0,0.0,3.272842784450764,77.04782256772202,,149
lat0.6_h1.2_t20,0.6,1.2,7.0,0.15202375502944687,0.7454584154786876,-13.301703666310566,0.8013479584422533,3.5551263226744614,False,True,False,insufficient_reach,999.0,,0.5,0.5220149584152837,0.0,0.0,2.9522488674078655,80.08295580348077,,149
lat0.6_h1.2_t21,0.6,1.2,7.0,0.8867230147335408,0.9038904301152718,-7.5035649373881625,-0.28681582585790316,5.199618203759092,False,True,False,no_reaction,999.0,,nan,0.04426092047735513,0.0,0.0,1.9448592929395079,58.39818424802042,,149
lat0.6_h1.2_t22,0.6,1.2,7.0,0.4759712219291391,1.0025240387921175,-14.757434311179756,0.25272870507306777,2.8095600147662343,False,True,False,insufficient_reach,999.0,,0.48,0.5910769188075412,0.0,0.0,2.7981644298697206,79.9391889174445,,149
lat0.6_h1.2_t23,0.6,1.2,7.0,0.20233217953406313,0.8641994854789516,-15.921995348765787,0.8906530129911584,2.942123681591483,False,True,False,insufficient_reach,999.0,,0.46,0.5391024073409953,0.0,0.0,3.3999910701178733,77.91433101405846,,149
lat0.6_h1.2_t24,0.6,1.2,7.0,0.5663745945045485,0.844666433278017,-9.586548078062037,0.04297497765644003,4.29200986475761,False,True,False,insufficient_reach,999.0,,0.58,0.4469943076888139,0.0,0.0,3.1996616143152634,78.95704778559976,,149
lat0.6_h1.2_t25,0.6,1.2,7.0,0.2681180975977251,0.9049042255505041,-8.094106838658554,0.3585742354292332,4.858700386402159,False,True,False,insufficient_reach,999.0,,0.66,0.6214271554879649,0.0,0.0,3.003868944918712,84.63787157051348,,149
lat0.6_h1.2_t26,0.6,1.2,7.0,0.6797714417624796,0.9160869067114473,-9.771040913507282,-0.10292359742370172,4.167957950649255,False,True,False,insufficient_reach,999.0,,0.58,0.45282603892186746,0.0,0.0,3.2371706805225937,79.98845084757345,,149
lat0.6_h1.2_t27,0.6,1.2,7.0,0.13247077169174826,0.9973411582280048,-16.43349860964114,1.068041388701623,2.6100981975734947,False,True,False,insufficient_reach,999.0,,0.46,0.5740366966223779,0.0,0.0,3.3647482280072265,76.20463210256368,,149
lat0.6_h1.2_t28,0.6,1.2,7.0,0.25478603484611195,0.8204702347989434,-15.609453440930515,0.7167561904644718,3.150418434384187,False,True,False,insufficient_reach,999.0,,0.46,0.5637351363404537,0.0,0.0,3.000985558897581,79.99004020390795,,149
lat0.6_h1.2_t29,0.6,1.2,7.0,0.588950926438452,0.8629631525418741,-11.59370288378981,0.017724338398795968,3.5983564447045033,False,True,False,insufficient_reach,999.0,,0.52,0.52997963292887,0.0,0.0,2.7852908156729077,79.30141940232666,,149
lat0.6_h1.2_t30,0.6,1.2,7.0,0.15282589390860246,0.9503364779929502,-16.540178960861233,1.0314107104505081,2.702442191268491,False,True,False,insufficient_reach,999.0,,0.46,0.586421490280579,0.0,0.0,3.3584373546590673,75.91891680604795,,149
lat0.6_h1.6_t1,0.6,1.6,7.0,0.6270076245815337,1.3246378030848778,-8.156407840407681,-0.029946454565573204,4.728967833705458,False,True,False,insufficient_reach,999.0,,0.66,0.6594232157165496,0.0,0.0,3.163803293183298,84.85570288986924,,149
lat0.6_h1.6_t2,0.6,1.6,7.0,0.6934964158218514,1.184047110376086,-13.99770564560941,-0.1802812554893142,3.345849448105835,False,True,False,no_reaction,999.0,,nan,0.044260920477354866,0.0,0.0,1.9448592929394992,58.398184248020684,,149
lat0.6_h1.6_t3,0.6,1.6,7.0,0.9026974053360216,1.415214059830009,-7.240817816138679,-0.30822381774861746,5.005213614028566,False,True,False,no_reaction,999.0,,nan,0.044260920477353104,0.0,0.0,1.9448592929395045,58.39818424802065,,149
lat0.6_h1.6_t4,0.6,1.6,7.0,0.7974316172371925,1.3571226364344695,-14.900648923641922,-0.41014016009035276,2.8656972988729885,False,True,False,insufficient_reach,999.0,,0.46,0.539393837930732,0.0,0.0,2.725293714294901,83.87031947017692,,149
lat0.6_h1.6_t5,0.6,1.6,7.0,0.25585153655144344,1.1973770467061644,-7.736156959583081,0.35756104172312736,5.139321561860006,False,True,False,insufficient_reach,999.0,,0.7000000000000001,0.659649654125602,0.0,0.0,2.7675256890188904,91.09953070477113,,149
lat0.6_h1.6_t6,0.6,1.6,7.0,0.8032800540422504,1.261010542196057,-13.577783897140137,-0.3867701283754031,3.2229649617031035,False,True,False,insufficient_reach,999.0,,0.48,0.4595317672512275,0.0,0.0,2.534378422932,83.54121497877568,,149
lat0.6_h1.6_t7,0.6,1.6,7.0,1.0478565672536608,1.2034229054560983,-9.042817154606311,-0.5667972444276564,4.377599766094139,False,True,False,insufficient_reach,999.0,,0.6,0.4601558093439791,0.0,0.0,3.6612428024715973,79.67406798518915,,149
lat0.6_h1.6_t8,0.6,1.6,7.0,0.5965154222306048,1.149327396430117,-11.110224883733599,0.005433139193887619,3.848539250257403,False,True,False,insufficient_reach,999.0,,0.54,0.46060708297571434,0.0,0.0,3.0614571862121887,84.70560747687945,,149
lat0.6_h1.6_t9,0.6,1.6,7.0,0.9031705116327311,1.1613651529556352,-12.264257423152099,-0.4966540986286483,3.7127107533445955,False,True,False,no_reaction,999.0,,nan,0.04426092047735467,0.0,0.0,1.94485929293951,58.39818424802082,,149
lat0.6_h1.6_t10,0.6,1.6,7.0,0.8984535050511905,1.3828913313341693,-11.499308363904703,-0.47828175499251496,3.4087022784734327,False,True,False,insufficient_reach,999.0,,0.52,0.4641509552195566,0.0,0.0,3.2543481521082804,85.12092744385414,,149
lat0.6_h1.6_t11,0.6,1.6,7.0,0.7282065970930439,1.1485487698194479,-11.53632280517095,-0.2067737799093457,3.7693707978299122,False,True,False,insufficient_reach,999.0,,0.52,0.48669817143397176,0.0,0.0,3.250121020263043,85.70679232964702,,149
lat0.6_h1.6_t12,0.6,1.6,7.0,0.6785639322793544,1.4645367264865636,-8.400554598385552,-0.09046878847575794,4.415537478710424,False,True,False,insufficient_reach,999.0,,0.64,0.5128126713399455,0.0,0.0,3.426984813482778,77.09423171326951,,149
lat0.6_h1.6_t13,0.6,1.6,7.0,0.9431448650297454,1.357685206395847,-14.44296571098086,-0.6798999058618547,2.9556664015779996,False,True,False,insufficient_reach,999.0,,0.46,0.5272198411210278,0.0,0.0,2.7698340593175033,84.96984643681256,,149
lat0.6_h1.6_t14,0.6,1.6,7.0,1.0197925717794363,1.1379396773012624,-8.202418037531482,-0.45625020657937276,5.015244408113528,False,True,False,insufficient_reach,999.0,,0.64,0.6204284830380806,0.0,0.0,3.591720169821422,91.35006363970044,,149
lat0.6_h1.6_t15,0.6,1.6,7.0,0.7067162019700038,1.1667149340734697,-8.857530287665199,-0.126395214862185,4.654504566827799,False,True,False,no_reaction,999.0,,nan,0.04858857765556849,0.0,0.0,3.5216484508491965,60.49751064664862,,149
lat0.6_h1.6_t16,0.6,1.6,7.0,0.5638098246743762,1.1695909598087215,-8.58472887614199,0.04349431478444312,4.598564681012302,False,True,False,no_reaction,999.0,,nan,0.04426092047735456,0.0,0.0,1.9448592929395174,58.39818424802186,,149
lat0.6_h1.6_t17,0.6,1.6,7.0,0.6498769211562104,1.3478330371308347,-17.76850146548209,-0.12139974297092053,2.6289835882607386,False,True,False,insufficient_reach,999.0,,0.44,0.45860343217102945,0.0,0.0,4.494972592171561,85.94418748229165,,149
lat0.6_h1.6_t18,0.6,1.6,7.0,0.22048182243846792,1.4406148687591704,-7.992828753541359,0.42085693974827654,4.5999513839024475,False,True,False,insufficient_reach,999.0,,0.68,0.5186002580859985,0.0,0.0,3.397485205256852,80.218693368559,,149
lat0.6_h1.6_t19,0.6,1.6,7.0,0.6008766058895991,1.4925685699688103,-7.636922293212812,-0.0008900852979130511,4.9398023028393805,False,True,False,no_reaction,999.0,,nan,0.044260920477355414,0.0,0.0,1.9448592929395006,58.398184248020634,,149
lat0.6_h1.6_t20,0.6,1.6,7.0,0.4500068684731787,1.4713490207923168,-12.751132846050886,0.2577912683615989,3.075033320467717,False,True,False,insufficient_reach,999.0,,0.52,0.22689717802018314,0.0,0.0,3.786432646741773,76.70478809311648,,149
lat0.6_h1.6_t21,0.6,1.6,7.0,0.7527281237772241,1.2022664893327257,-10.135630144264692,-0.20931779751748728,4.12402296458397,False,True,False,insufficient_reach,999.0,,0.56,0.44300386739449304,0.0,0.0,3.6125855693053777,88.17209419845622,,149
lat0.6_h1.6_t22,0.6,1.6,7.0,0.926867847173362,1.325062169161097,-7.9424026938600765,-0.36069835241334347,4.748345428545452,False,True,False,insufficient_reach,999.0,,0.66,0.4422339340742424,0.0,0.0,3.6768200522340293,76.00042355654438,,149
lat0.6_h1.6_t23,0.6,1.6,7.0,0.6688127364338728,1.447089261122037,-8.698460807814886,-0.08309066991066089,4.246784619878968,False,True,False,insufficient_reach,999.0,,0.62,0.43529527211676433,0.0,0.0,3.544545898967503,80.14969259878609,,149
lat0.6_h1.6_t24,0.6,1.6,7.0,0.24278563666788466,1.2557738720310694,-7.475967336377263,0.36452139067179745,5.157944110175454,False,True,False,insufficient_reach,999.0,,1.36,0.06116012359555106,0.0,0.0,2.15644115377237,58.9780053327233,,149
lat0.6_h1.6_t25,0.6,1.6,7.0,0.9812506816818898,1.2400746097327844,-12.73003587615648,-0.6441867851041913,3.5110925985342636,False,True,False,insufficient_reach,999.0,,0.48,0.46272585565179974,0.0,0.0,2.9521437588994095,85.71528664953044,,149
lat0.6_h1.6_t26,0.6,1.6,7.0,0.8829236142575724,1.2770619393041733,-8.69228960297056,-0.33893834632425573,4.48124899378032,False,True,False,insufficient_reach,999.0,,0.62,0.4053132518356054,0.0,0.0,4.944468467946991,104.91150029922859,,149
lat0.6_h1.6_t27,0.6,1.6,7.0,0.5431273453229145,1.250476187507849,-8.412135342808359,0.06561631439114825,4.654647342610378,False,True,False,insufficient_reach,999.0,,0.64,0.42242905161133026,0.0,0.0,3.472500221594374,82.58571260671202,,149
lat0.6_h1.6_t28,0.6,1.6,7.0,0.46176831192256584,1.3097018882150948,-10.487333540752488,0.1931775854730923,3.915549869848348,False,True,False,insufficient_reach,999.0,,0.56,0.5414101236555725,0.0,0.0,3.377936325146932,86.07988649954467,,149
lat0.6_h1.6_t29,0.6,1.6,7.0,1.0334131270234548,1.3894138293324354,-12.888071309711826,-0.771659539123915,3.1298931599931863,False,True,False,insufficient_reach,999.0,,0.5,0.29505908313427626,0.0,0.0,4.3492606230543664,83.31750879108714,,149
lat0.6_h1.6_t30,0.6,1.6,7.0,0.7181029655616968,1.303803549289681,-9.021507403932551,-0.14975674417444976,4.243822696629824,False,True,False,insufficient_reach,999.0,,0.6,0.6770625890451876,0.0,0.0,3.5328685642830506,88.29702900019817,,149
lat0.9_h0.05_t1,0.9,0.05,7.0,0.5933392336120522,0.05,-11.598614667531079,0.49810546004683326,3.0197843223630954,False,True,False,insufficient_reach,999.0,,0.6,0.7974903781330505,0.0,0.0,3.7076573303576925,80.78609396076392,,149
lat0.9_h0.05_t2,0.9,0.05,7.0,0.4375662295439806,0.05,-10.479781195922033,0.6800397683582038,3.3354485276102337,False,True,False,insufficient_reach,999.0,,0.64,0.778457143903444,0.0,0.0,3.769065766676101,81.4328101259858,,149
lat0.9_h0.05_t3,0.9,0.05,7.0,1.1447507316299221,0.05,-10.240103085301694,-0.34705409024401285,3.459121711548473,False,True,False,no_reaction,999.0,,nan,0.04426092047735447,0.0,0.0,1.9448592929394974,58.398184248020605,,149
lat0.9_h0.05_t4,0.9,0.05,7.0,0.6474629812331464,0.05,-10.707935503161611,0.3733394818898586,3.317875920277975,False,True,False,insufficient_reach,999.0,,0.64,0.7887118841506776,0.0,0.0,3.8284392968339738,83.23134123379296,,149
lat0.9_h0.05_t5,0.9,0.05,7.0,0.47308509102615026,0.05,-8.16896235381098,0.4771543780216708,4.388553736421192,False,True,False,no_reaction,999.0,,nan,0.04426092047735371,0.0,0.0,1.9448592929395032,58.39818424802057,,149
lat0.9_h0.05_t6,0.9,0.05,7.0,0.40735782962541456,0.05,-9.838096897417836,0.6501337187011946,3.716788986909842,False,True,False,no_reaction,999.0,,nan,0.04426092047735375,0.0,0.0,1.944859292939506,58.39818424802078,,149
lat0.9_h0.05_t7,0.9,0.05,7.0,1.3684191305004079,0.05,-10.195545106771714,-0.6316858341923272,3.6372445141851317,False,True,False,insufficient_reach,999.0,,0.64,0.6950250205036558,0.0,0.0,4.207933979028591,79.68799055048777,,149
lat0.9_h0.05_t8,0.9,0.05,7.0,0.4648992795384095,0.05,-7.690512965744093,0.4499442663765582,4.743185308373318,False,True,False,insufficient_reach,999.0,,0.76,0.8627960348393092,0.0,0.0,3.062082265611492,90.87856269498369,,149
lat0.9_h0.05_t9,0.9,0.05,7.0,0.982144802814742,0.05,-10.746326218960547,-0.12046766360334132,3.3446341180234698,False,True,False,insufficient_reach,999.0,,0.62,0.8049495981816438,0.0,0.0,3.966062328393801,83.16725551266991,,149
lat0.9_h0.05_t10,0.9,0.05,7.0,1.0640122280676023,0.05,-10.701741123583133,-0.2335585779363825,3.444446295998242,False,True,False,insufficient_reach,999.0,,0.62,0.4042702975697381,0.0,0.0,3.9956942502523782,82.46384693627155,,149
lat0.9_h0.05_t11,0.9,0.05,7.0,1.1181017379560225,0.05,-9.129678743647153,-0.2704373021504136,3.9557746515282424,False,True,False,insufficient_reach,999.0,,0.68,0.4496296386776286,0.0,0.0,3.6131547375442956,81.65736860747757,,149
lat0.9_h0.05_t12,0.9,0.05,7.0,0.5736716369543399,0.05,-16.549793770260923,0.7550082977528082,2.12003050231776,False,True,False,insufficient_reach,999.0,,0.5,0.7638731965242467,0.0,0.0,3.935794031089284,83.47161295724105,,149
lat0.9_h0.05_t13,0.9,0.05,7.0,0.9083554875645923,0.05,-7.983486720081789,-0.00893410184637232,4.58732922559713,False,True,False,insufficient_reach,999.0,,0.74,0.863020912593441,0.0,0.0,2.6989591789425313,92.21788670735249,,149
lat0.9_h0.05_t14,0.9,0.05,7.0,1.0487351388757342,0.05,-8.12676221604279,-0.16527687565838706,4.414083054748592,False,True,False,insufficient_reach,999.0,,0.72,0.7549659306803947,0.0,0.0,3.059644886070755,92.45732978136273,,149
lat0.9_h0.05_t15,0.9,0.05,7.0,0.9614383779331244,0.05,-15.117508285135589,-0.1268590172496736,2.3755129930485905,False,True,False,insufficient_reach,999.0,,0.54,0.15148051897095277,0.0,0.0,2.432980872128057,60.727057057551015,,149
lat0.9_h0.05_t16,0.9,0.05,7.0,0.9487798592630117,0.05,-7.6953477590473,-0.051279834100947344,4.665873318038912,False,True,False,no_reaction,999.0,,nan,0.04426092047735431,0.0,0.0,1.944859292939496,58.39818424802051,,149
lat0.9_h0.05_t17,0.9,0.05,7.0,0.9227094540676011,0.05,-7.611856510087028,-0.023264764370942333,4.787921787022653,False,True,False,no_reaction,999.0,,nan,0.044260920477350425,0.0,0.0,1.944859292939514,58.39818424802001,,149
lat0.9_h0.05_t18,0.9,0.05,7.0,0.6082776751535458,0.05,-12.896324847527266,0.5033608873367599,2.842688097882652,False,True,False,insufficient_reach,999.0,,0.56,0.6422477564761871,0.0,0.0,3.125053453346791,80.21450414182668,,149
lat0.9_h0.05_t19,0.9,0.05,7.0,1.2859221144434252,0.05,-15.262875548719101,-0.8118363119469861,2.3316867495188025,False,True,False,insufficient_reach,999.0,,0.52,0.6711703384055203,0.0,0.0,2.9081020733723317,79.63450230176139,,149
lat0.9_h0.05_t20,0.9,0.05,7.0,1.287441690752488,0.05,-8.236215602704629,-0.44107555990447067,4.3085622190278405,False,True,False,insufficient_reach,999.0,,0.72,0.8886599768795458,0.0,0.0,3.1647150680336225,95.10917912673577,,149
lat0.9_h0.05_t21,0.9,0.05,7.0,1.130130187776425,0.05,-9.509292303097695,-0.30600429910095445,3.68879971412089,False,True,False,no_reaction,999.0,,nan,0.04426092047735326,0.0,0.0,1.9448592929395205,58.398184248020506,,149
lat0.9_h0.05_t22,0.9,0.05,7.0,1.3412789289067981,0.05,-9.888529425113456,-0.5848761239250427,3.7007377421432266,False,True,False,insufficient_reach,999.0,,0.64,0.19237562498813707,0.0,0.0,4.118356586392448,86.11782661992314,,149
lat0.9_h0.05_t23,0.9,0.05,7.0,0.9527038900455401,0.05,-8.535088242018343,-0.060944037568752704,4.241802660050851,False,True,False,no_reaction,999.0,,nan,0.0442609204773509,0.0,0.0,1.944859292939499,58.39818424802032,,149
lat0.9_h0.05_t24,0.9,0.05,7.0,0.42103690246046865,0.05,-10.079737319397644,0.667339609806255,3.5204174290110926,False,True,False,insufficient_reach,999.0,,0.66,0.8259177096956254,0.0,0.0,3.706034348376743,88.10968427139096,,149
lat0.9_h0.05_t25,0.9,0.05,7.0,1.3688146905778045,0.05,-9.733131015352626,-0.6191702028008981,3.7138997433692333,False,True,False,no_reaction,999.0,,nan,0.04426092047735224,0.0,0.0,1.9448592929395048,58.3981842480207,,149
lat0.9_h0.05_t26,0.9,0.05,7.0,1.39684928428144,0.05,-10.287847605444638,-0.6796725001396384,3.585617689254417,False,True,False,no_reaction,999.0,,nan,0.04426092047735285,0.0,0.0,1.9448592929395085,58.39818424802085,,149
lat0.9_h0.05_t27,0.9,0.05,7.0,1.0154289150329268,0.05,-7.622544715346177,-0.1222774321202896,4.630280652929733,False,True,False,no_reaction,999.0,,nan,0.044260920477353624,0.0,0.0,1.9448592929395059,58.398184248020414,,149
lat0.9_h0.05_t28,0.9,0.05,7.0,1.086091153943487,0.05,-11.888452077402215,-0.30588327896016676,2.9840699798816686,False,True,False,insufficient_reach,999.0,,0.58,0.669338222583599,0.0,0.0,3.7305826151944754,79.46950637509215,,149
lat0.9_h0.05_t29,0.9,0.05,7.0,0.9381210100398132,0.05,-8.036807027565995,-0.04298329965994264,4.350144258923399,False,True,False,insufficient_reach,999.0,,0.74,0.16404907621289105,0.0,0.0,3.0074196944252676,79.39234779688854,,149
lat0.9_h0.05_t30,0.9,0.05,7.0,1.2238963816246642,0.05,-8.640244143479608,-0.37670658888361425,4.2173718186804,False,True,False,insufficient_reach,999.0,,0.7000000000000001,0.9219097334355586,0.0,0.0,3.3855534160328165,94.56652872615817,,149
lat0.9_h0.2_t1,0.9,0.2,7.0,0.917131892010638,0.05,-9.129115939258714,-0.02068133006650317,4.244255701715625,False,True,False,insufficient_reach,999.0,,0.68,0.662830442593398,0.0,0.0,3.4535671542982334,90.12106376612522,,149
lat0.9_h0.2_t2,0.9,0.2,7.0,0.882493060527663,0.05,-15.534296630707285,0.03676972935522478,2.6504309137272006,False,True,False,insufficient_reach,999.0,,0.5,0.6795772872720466,0.0,0.0,3.7767165983354487,84.26155657493237,,149
lat0.9_h0.2_t3,0.9,0.2,7.0,1.350503561589135,0.05,-14.210880596479543,-0.8715415328383862,2.825604682127881,False,True,False,insufficient_reach,999.0,,0.52,0.7150965996077643,0.0,0.0,3.08416388437756,80.6044880517484,,149
lat0.9_h0.2_t4,0.9,0.2,7.0,1.1059852660508185,0.05,-12.598449582583997,-0.3638205096521344,3.042014237320879,False,True,False,insufficient_reach,999.0,,0.56,0.6814308954481372,0.0,0.0,3.9065084870226663,79.7237362557268,,149
lat0.9_h0.2_t5,0.9,0.2,7.0,0.8113302903312368,0.05,-11.326059161113523,0.13309356385962878,3.4929639162623576,False,True,False,insufficient_reach,999.0,,0.6,0.7580400605376552,0.0,0.0,3.764768653844922,79.6444504070257,,149
lat0.9_h0.2_t6,0.9,0.2,7.0,1.3833872204605726,0.05,-7.57213506099583,-0.49437480087226854,4.949394936865612,False,True,False,insufficient_reach,999.0,,0.74,0.8272241640704946,0.0,0.0,2.9011633355906503,93.11035253616745,,149
lat0.9_h0.2_t7,0.9,0.2,7.0,0.9596168556447239,0.05,-9.110718518090245,-0.07498600554608509,4.0883398192722185,False,True,False,insufficient_reach,999.0,,0.68,0.8576302303945889,0.0,0.0,3.5139260382489907,91.01261861789922,,149
lat0.9_h0.2_t8,0.9,0.2,7.0,1.2741091180258306,0.05,-7.551433406479249,-0.39218852792736547,4.836134503960648,False,True,False,no_reaction,999.0,,nan,0.044260920477355074,0.0,0.0,1.944859292939503,58.39818424802061,,149
lat0.9_h0.2_t9,0.9,0.2,7.0,1.1472361380395504,0.05,-8.123616559660238,-0.2708531738039503,4.641637277683978,False,True,False,insufficient_reach,999.0,,0.72,0.8875851884484477,0.0,0.0,3.037480754492173,95.03439885105229,,149
lat0.9_h0.2_t10,0.9,0.2,7.0,0.8716987668912095,0.08391351457508595,-8.801352873544978,0.0335986864573364,4.269451845783449,False,True,False,insufficient_reach,999.0,,0.66,0.5981629269840242,0.0,0.0,3.7980828970288876,86.311987972011,,149
lat0.9_h0.2_t11,0.9,0.2,7.0,1.135463528597683,0.05,-7.902272229452573,-0.24925994698230025,4.792299493860664,False,True,False,insufficient_reach,999.0,,0.84,0.07247869877076099,0.0,0.0,2.7539014127650194,49.8071562776638,,149
lat0.9_h0.2_t12,0.9,0.2,7.0,0.5155058661564662,0.05,-7.886482224920601,0.42020222838594784,4.6521117124808695,False,True,False,insufficient_reach,999.0,,0.74,0.9763795633257586,0.0,0.0,2.7934925189753237,95.5547948924271,,149
lat0.9_h0.2_t13,0.9,0.2,7.0,0.8996832302829042,0.05,-7.887559611345185,0.0003316359912421805,4.8421627857558915,False,True,False,insufficient_reach,999.0,,0.86,0.06813557131051128,0.0,0.0,2.641426442416037,52.40522287403445,,149
lat0.9_h0.2_t14,0.9,0.2,7.0,0.958953240270377,0.05,-9.799504364885133,-0.0761623484299324,3.9904873978124584,False,True,False,insufficient_reach,999.0,,0.64,0.8109149822714269,0.0,0.0,3.8980746453284967,83.06554722952818,,149
lat0.9_h0.2_t15,0.9,0.2,7.0,1.0719761379270512,0.05,-7.542019209001681,-0.17414282736610182,4.995861683526789,False,True,False,no_reaction,999.0,,nan,0.0442609204773527,0.0,0.0,1.9448592929395079,58.3981842480206,,149
lat0.9_h0.2_t16,0.9,0.2,7.0,0.8837138323907132,0.05,-8.537943497747468,0.01915652144120494,4.346486727756059,False,True,False,insufficient_reach,999.0,,0.7000000000000001,0.25314288288271236,0.0,0.0,3.2221608596044735,88.465034432097,,149
lat0.9_h0.2_t17,0.9,0.2,7.0,0.9539699498782749,0.05,-17.429482043693234,-0.12987980968239937,2.3991902623189323,False,True,False,insufficient_reach,999.0,,0.48,0.6737440721151158,0.0,0.0,3.8423587350905084,88.78487326599644,,149
lat0.9_h0.2_t18,0.9,0.2,7.0,1.0078628240809806,0.05,-7.963454334398882,-0.11612560201178461,4.7174812833381266,False,True,False,insufficient_reach,999.0,,0.74,0.8793670032238545,0.0,0.0,2.70577020957828,92.31480691826708,,149
lat0.9_h0.2_t19,0.9,0.2,7.0,0.5166891199358998,0.05,-14.610822586770688,0.7457995443831895,2.812823830187049,False,True,False,insufficient_reach,999.0,,0.72,0.054476489226365575,0.0,0.0,2.2375525717762548,60.14235775405783,,149
lat0.9_h0.2_t20,0.9,0.2,7.0,0.8523530384787162,0.05,-8.69159061241871,0.05615382971426749,4.338711608463091,False,True,False,insufficient_reach,999.0,,0.7000000000000001,0.18364716319398855,0.0,0.0,3.177143756248349,81.68045969259623,,149
lat0.9_h0.2_t21,0.9,0.2,7.0,0.4600081925890118,0.05,-7.628279321481793,0.44675482390690235,4.98305326592118,False,True,False,no_reaction,999.0,,nan,0.044260920477352146,0.0,0.0,1.944859292939507,58.39818424802041,,149
lat0.9_h0.2_t22,0.9,0.2,7.0,1.3125993455913905,0.05,-10.588170403178983,-0.5878938646896119,3.6561858624121295,False,True,False,insufficient_reach,999.0,,0.6,0.7185610240522096,0.0,0.0,4.103486758173425,82.48341455972147,,149
lat0.9_h0.2_t23,0.9,0.2,7.0,1.119019443162891,0.05,-10.971899137265146,-0.3305515876489697,3.476378166917694,False,True,False,no_reaction,999.0,,nan,0.0442609204773512,0.0,0.0,1.9448592929395,58.3981842480206,,149
lat0.9_h0.2_t24,0.9,0.2,7.0,1.0951198159457673,0.05,-11.712600031148932,-0.3179141931567248,3.2548426503366468,False,True,False,no_reaction,999.0,,nan,0.04426092047734911,0.0,0.0,1.944859292939511,58.39818424802025,,149
lat0.9_h0.2_t25,0.9,0.2,7.0,0.4291237849891053,0.05,-11.911991898255222,0.7424780514827999,3.3472489071464198,False,True,False,insufficient_reach,999.0,,0.58,0.7660094851014394,0.0,0.0,3.3731776097361306,79.96499533932632,,149
lat0.9_h0.2_t26,0.9,0.2,7.0,1.344463687882038,0.05,-11.044031836171046,-0.6655513681653858,3.5002353887467312,False,True,False,insufficient_reach,999.0,,0.6,0.27618991535598175,0.0,0.0,4.058485267958723,86.88219529068132,,149
lat0.9_h0.2_t27,0.9,0.2,7.0,1.218593230373108,0.05984023790529436,-10.556149807623804,-0.46521324318975327,3.563767061129129,False,True,False,insufficient_reach,999.0,,0.62,0.7473623232871742,0.0,0.0,4.069518803635117,79.46629295463872,,149
lat0.9_h0.2_t28,0.9,0.2,7.0,1.0054444853053424,0.05,-13.81121799967235,-0.20386958720565776,2.8269560014142643,False,True,False,insufficient_reach,999.0,,0.54,0.6932997718675481,0.0,0.0,3.8554646810297033,80.85845561882813,,149
lat0.9_h0.2_t29,0.9,0.2,7.0,0.990170773649744,0.05,-10.346461502508625,-0.12554153104194335,3.731878095456642,False,True,False,insufficient_reach,999.0,,0.72,0.0543266359508571,0.0,0.0,3.971087382704739,48.997550756312485,,149
lat0.9_h0.2_t30,0.9,0.2,7.0,1.051868093647606,0.05,-12.619097932721635,-0.26030605750396146,3.1187854796956636,False,True,False,insufficient_reach,999.0,,0.56,0.1694000783666835,0.0,0.0,3.3241709935986097,69.25535410796618,,149
lat0.9_h0.4_t1,0.9,0.4,7.0,0.4711107082134368,0.05,-7.363585996940618,0.43603448159081093,5.180453885080594,False,True,False,insufficient_reach,999.0,,0.76,0.7725472708252118,0.0,0.0,2.843551179026928,102.12421398817504,,149
lat0.9_h0.4_t2,0.9,0.4,7.0,0.949326365186015,0.27191668905220123,-11.327904876167793,-0.07441366953554315,3.44458885121292,False,True,False,insufficient_reach,999.0,,0.54,0.4970084406877231,0.0,0.0,3.807890835907653,91.42408945483042,,149
lat0.9_h0.4_t3,0.9,0.4,7.0,1.009689061249568,0.05,-16.595321012182705,-0.2483998135627466,2.9585666693164416,False,True,False,insufficient_reach,999.0,,0.5,0.5168385479692236,0.0,0.0,4.188426079795504,93.61908334770544,,149
lat0.9_h0.4_t4,0.9,0.4,7.0,1.0019813529744526,0.17897913126572246,-8.942830773159098,-0.1264322149870793,4.230429202069794,False,True,False,no_reaction,999.0,,nan,0.04426092047735452,0.0,0.0,1.944859292939512,58.398184248020314,,149
lat0.9_h0.4_t5,0.9,0.4,7.0,1.1243863559980447,0.05,-10.35269565499796,-0.3212322199663524,3.9272898887756176,False,True,False,insufficient_reach,999.0,,0.62,0.7353429689695713,0.0,0.0,3.995642953059924,88.80572190099072,,149
lat0.9_h0.4_t6,0.9,0.4,7.0,0.8380217963503294,0.06349750512341118,-10.93134873631875,0.09411101757917348,3.7412237299464626,False,True,False,insufficient_reach,999.0,,0.6,0.6976005256537353,0.0,0.0,3.7943269805421536,82.88144338720537,,149
lat0.9_h0.4_t7,0.9,0.4,7.0,0.5497771316809027,0.05,-9.79665457170715,0.4661330038145212,4.151143261520889,False,True,False,insufficient_reach,999.0,,0.64,0.7733282328919827,0.0,0.0,3.6792068344163273,88.95776497138534,,149
lat0.9_h0.4_t8,0.9,0.4,7.0,1.208357822498074,0.055223389704382814,-9.892904363644442,-0.4190609639149771,4.077802827362755,False,True,False,no_reaction,999.0,,nan,0.04426092047735288,0.0,0.0,1.9448592929395025,58.398184248020414,,149
lat0.9_h0.4_t9,0.9,0.4,7.0,1.332639693799929,0.05782045171254929,-12.231344040012718,-0.7415150700390236,3.448312803822307,False,True,False,no_reaction,999.0,,nan,0.04426092047735064,0.0,0.0,1.9448592929395219,58.39818424802016,,149
lat0.9_h0.4_t10,0.9,0.4,7.0,1.2733108732577283,0.05,-13.080809532120018,-0.6578321888858942,3.4002759656868706,False,True,False,no_reaction,999.0,,nan,0.044260920477355116,0.0,0.0,1.9448592929394726,58.398184248021565,,149
lat0.9_h0.4_t11,0.9,0.4,7.0,0.9231580008059826,0.249790041313457,-9.967336888378473,-0.03117663832566704,3.8456543563673744,False,True,False,insufficient_reach,999.0,,0.58,0.8766827403167788,0.0,0.0,3.494166747303709,98.49932327166566,,149
lat0.9_h0.4_t12,0.9,0.4,7.0,1.1523457025319561,0.05,-13.542311493381671,-0.4533560539834008,3.3590051342015728,False,True,False,insufficient_reach,999.0,,0.54,0.6769581122850679,0.0,0.0,4.0120447077680526,82.15732235063703,,149
lat0.9_h0.4_t13,0.9,0.4,7.0,0.6973933320619897,0.17268994016493688,-10.17137733007108,0.2822827895073428,3.837233317556712,False,True,False,insufficient_reach,999.0,,0.58,0.7257820959146108,0.0,0.0,3.3859836950531457,81.98423714393638,,149
lat0.9_h0.4_t14,0.9,0.4,7.0,0.8152614375728205,0.05,-8.530568407145047,0.09636290249263206,4.7113182219594565,False,True,False,insufficient_reach,999.0,,0.7000000000000001,0.602693951555623,0.0,0.0,3.0945576005973927,86.55332278495166,,149
lat0.9_h0.4_t15,0.9,0.4,7.0,0.7555297971520076,0.22354341561342617,-8.798895035737603,0.17106581867229903,4.351359871866273,False,True,False,insufficient_reach,999.0,,0.64,0.8029799992418367,0.0,0.0,3.962584612740186,87.99876616676448,,149
lat0.9_h0.4_t16,0.9,0.4,7.0,0.7789559098125076,0.05,-10.061154794636206,0.16297235438074317,4.114315543826109,False,True,False,insufficient_reach,999.0,,0.64,0.8011425920263031,0.0,0.0,3.745776092699711,86.5539999248591,,149
lat0.9_h0.4_t17,0.9,0.4,7.0,0.9450834128598902,0.16458648212946075,-8.49253131657236,-0.050611272360072686,4.633545084823967,False,True,False,insufficient_reach,999.0,,0.64,0.6580508234892831,0.0,0.0,4.0867816808308115,90.25021318434322,,149
lat0.9_h0.4_t18,0.9,0.4,7.0,1.1089000062515826,0.2294977847649199,-15.716831791477318,-0.4549928469111929,2.6233842549044644,False,True,False,insufficient_reach,999.0,,0.48,0.8818809980131034,0.0,0.0,2.7821656147374827,106.45975600721218,,149
lat0.9_h0.4_t19,0.9,0.4,7.0,0.8377814772996199,0.05,-11.007645750747098,0.09585879567617438,3.722898208408507,False,True,False,insufficient_reach,999.0,,0.6,0.6986131520039981,0.0,0.0,3.7935570681884094,86.25058851354537,,149
lat0.9_h0.4_t20,0.9,0.4,7.0,1.2275812174807021,0.07106763432966767,-8.267419300597199,-0.3794257491990127,4.615774156177323,False,True,False,no_reaction,999.0,,nan,0.044260920477350744,0.0,0.0,1.9448592929395003,58.39818424802059,,149
lat0.9_h0.4_t21,0.9,0.4,7.0,0.9496846136565783,0.24310565831441183,-8.152581397789612,-0.056981029824767215,4.456850158775649,False,True,False,no_reaction,999.0,,nan,0.04426092047735499,0.0,0.0,1.9448592929395037,58.39818424802071,,149
lat0.9_h0.4_t22,0.9,0.4,7.0,0.8166360374137506,0.05,-17.655024031669463,0.20713410447568592,2.8437281555196727,False,True,False,insufficient_reach,999.0,,0.46,0.684038522801182,0.0,0.0,3.694241739591091,88.63430459785407,,149
lat0.9_h0.4_t23,0.9,0.4,7.0,1.288533288524485,0.07676313799157039,-8.710914767999006,-0.4707899090846063,4.439665772723829,False,True,False,insufficient_reach,999.0,,0.66,0.7621030153655347,0.0,0.0,3.9705087989736394,81.50668664077253,,149
lat0.9_h0.4_t24,0.9,0.4,7.0,1.0392954726654575,0.24138622128102127,-8.729810587039205,-0.16224485131714939,4.395938363754662,False,True,False,insufficient_reach,999.0,,0.62,0.7695457574582565,0.0,0.0,4.093830795367788,80.85794895258115,,149
lat0.9_h0.4_t25,0.9,0.4,7.0,1.1475971280994424,0.29990062537161777,-7.8734095051437905,-0.26642729196308274,4.66604357935961,False,True,False,insufficient_reach,999.0,,0.68,0.8857590769978787,0.0,0.0,3.940331721728624,108.78021342465539,,149
lat0.9_h0.4_t26,0.9,0.4,7.0,0.987347791243028,0.05,-15.707573262790751,-0.18643730390238059,3.0450915935140137,False,True,False,insufficient_reach,999.0,,0.5,0.5651149197427754,0.0,0.0,4.100331084794435,89.77965212524596,,149
lat0.9_h0.4_t27,0.9,0.4,7.0,1.315167137974555,0.08608217324866846,-14.225406764842111,-0.8215472260397856,3.099922839973332,False,True,False,insufficient_reach,999.0,,0.5,0.7108514930624376,0.0,0.0,3.5725424078671137,81.32096704301298,,149
lat0.9_h0.4_t28,0.9,0.4,7.0,0.4645007586865618,0.2890089982534648,-9.751997990119026,0.573846446506815,3.868715876393577,False,True,False,no_reaction,999.0,,nan,0.04426092047735292,0.0,0.0,1.9448592929395014,58.398184248020634,,149
lat0.9_h0.4_t29,0.9,0.4,7.0,1.01073177964462,0.05,-10.001744005339098,-0.15047584642848358,4.085101494477081,False,True,False,insufficient_reach,999.0,,0.62,0.719911225714305,0.0,0.0,3.9791299340854085,92.52377205206639,,149
lat0.9_h0.4_t30,0.9,0.4,7.0,0.4498645764941789,0.14136168488809842,-10.615883222155741,0.6368608147516525,3.8327977257147676,False,True,False,insufficient_reach,999.0,,0.58,0.8149851025866987,0.0,0.0,3.1998208458025132,75.95636001413011,,149
lat0.9_h0.8_t1,0.9,0.8,7.0,0.7127132951414581,0.5352574826918393,-14.383296664283447,0.3790075224011822,2.959560486600441,False,True,False,insufficient_reach,999.0,,0.48,0.7996985362209019,0.0,0.0,3.2249579195431033,81.07174109960829,,149
lat0.9_h0.8_t2,0.9,0.8,7.0,0.9988830947573172,0.40976468840015007,-11.249747960842326,-0.15081150364109155,3.811245332535297,False,True,False,insufficient_reach,999.0,,0.54,0.6644670647137739,0.0,0.0,2.927327064463415,76.46405961084677,,149
lat0.9_h0.8_t3,0.9,0.8,7.0,1.2618803311182574,0.5257134006933728,-8.731922097353133,-0.41739198917983367,4.569013919999793,False,True,False,no_reaction,999.0,,nan,0.04426092047735567,0.0,0.0,1.9448592929395025,58.39818424802029,,149
lat0.9_h0.8_t4,0.9,0.8,7.0,0.506551247216113,0.575343049965463,-11.941962568812167,0.6559950470796356,3.316460673532144,False,True,False,insufficient_reach,999.0,,0.52,0.7363487027772718,0.0,0.0,2.9988590637113037,78.97514163423168,,149
lat0.9_h0.8_t5,0.9,0.8,7.0,0.5879259578737954,0.3592239037955318,-13.746632786015736,0.5645364128805023,3.508825491536635,False,True,False,insufficient_reach,999.0,,0.48,0.668807622572417,0.0,0.0,3.1378988769718115,84.55151529319494,,149
lat0.9_h0.8_t6,0.9,0.8,7.0,0.765227926256882,0.5141653342045871,-9.9132215332774,0.18020470638149197,4.0505587124549685,False,True,False,no_reaction,999.0,,nan,0.04426092047735401,0.0,0.0,1.9448592929395008,58.39818424802048,,149
lat0.9_h0.8_t7,0.9,0.8,7.0,1.2242679859228747,0.5259365746869706,-8.507436365779817,-0.36399330487186454,4.677318867341474,False,True,False,insufficient_reach,999.0,,0.64,0.7196326099616546,0.0,0.0,4.064006277294695,83.70377134804946,,149
lat0.9_h0.8_t8,0.9,0.8,7.0,1.0665258317853836,0.6230145021591973,-15.498814543790873,-0.36212435803135956,2.640473927574568,False,True,False,insufficient_reach,999.0,,0.46,0.751348563544225,0.0,0.0,3.379350485612374,82.70763583124184,,149
lat0.9_h0.8_t9,0.9,0.8,7.0,1.3357492615245503,0.5390452763729842,-17.022296830923292,-1.0067480690187904,2.7259294030960555,False,True,False,insufficient_reach,999.0,,0.46,0.7867813467506661,0.0,0.0,3.037933820096369,81.3328457926792,,149
lat0.9_h0.8_t10,0.9,0.8,7.0,1.1702287656498733,0.5990802056052358,-8.59690587224667,-0.3070461858931721,4.54514343188784,False,True,False,insufficient_reach,999.0,,0.64,0.7117840071064259,0.0,0.0,4.007978099826334,83.92293956283848,,149
lat0.9_h0.8_t11,0.9,0.8,7.0,0.5244342079467552,0.6848783505111966,-16.87971960285149,0.8614781612088701,2.402427410837419,False,True,False,insufficient_reach,999.0,,0.46,0.7128099874599015,0.0,0.0,3.3658761038285596,83.76597135889064,,149
lat0.9_h0.8_t12,0.9,0.8,7.0,0.7231942498573775,0.6740634289506484,-7.999649182509284,0.1939155977660402,4.610338496581644,False,True,False,insufficient_reach,999.0,,0.66,0.25133369358688545,0.0,0.0,3.5037487874059767,87.49396628614944,,149
lat0.9_h0.8_t13,0.9,0.8,7.0,1.0704466652825093,0.4155357657910054,-11.27933350017191,-0.2687700891802352,3.716862596343778,False,True,False,insufficient_reach,999.0,,0.54,0.7262707413758893,0.0,0.0,3.024030537279761,81.67971208389244,,149
lat0.9_h0.8_t14,0.9,0.8,7.0,1.1452414861724414,0.5057809737606158,-9.88273836246296,-0.32490448454541343,4.092139704916736,False,True,False,insufficient_reach,999.0,,0.56,0.58896194517647,0.0,0.0,3.4560843559750425,82.67452878073429,,149
lat0.9_h0.8_t15,0.9,0.8,7.0,0.9075090944693315,0.4605010332814912,-8.038969171911464,-0.00832059791682321,4.80280640498923,False,True,False,no_reaction,999.0,,nan,0.04426092047735261,0.0,0.0,1.9448592929395032,58.398184248020456,,149
lat0.9_h0.8_t16,0.9,0.8,7.0,1.0898236928976375,0.5409764439445771,-11.064305874107706,-0.2879820537597125,3.6261015962609964,False,True,False,no_reaction,999.0,,nan,0.04426092047735437,0.0,0.0,1.9448592929395143,58.39818424802076,,149
lat0.9_h0.8_t17,0.9,0.8,7.0,1.3920747645913563,0.5516587335881277,-10.59402127038523,-0.6980761361849345,3.8098472435429884,False,True,False,no_reaction,999.0,,nan,0.04426092047735535,0.0,0.0,1.944859292939506,58.39818424802077,,149
lat0.9_h0.8_t18,0.9,0.8,7.0,1.2145652121135027,0.39356912831175395,-14.068587453383588,-0.5872139641542988,3.3862681538540857,False,True,False,insufficient_reach,999.0,,0.48,0.7471687809181725,0.0,0.0,3.03477378720549,85.08731132017198,,149
lat0.9_h0.8_t19,0.9,0.8,7.0,0.7063987983619578,0.3609160988270621,-8.753628051822307,0.23351271189816736,4.596249993469636,False,True,False,insufficient_reach,999.0,,0.64,0.6896731494346574,0.0,0.0,3.812828582684087,79.29056323768015,,149
lat0.9_h0.8_t20,0.9,0.8,7.0,0.7363080944137498,0.43144173579193706,-11.372989485427516,0.24933857569934206,3.7815495912440813,False,True,False,insufficient_reach,999.0,,0.54,0.6414688513399369,0.0,0.0,2.9129510034867745,77.02895436047105,,149
lat0.9_h0.8_t21,0.9,0.8,7.0,0.8856307340321256,0.5816702224778759,-10.46671070108711,0.020916869403181448,3.687404333140022,False,True,False,insufficient_reach,999.0,,0.56,0.6539430874790875,0.0,0.0,3.3529451086053235,76.8112416327976,,149
lat0.9_h0.8_t22,0.9,0.8,7.0,0.9356600617281121,0.6417820332741614,-17.585934327955297,-0.08786131056501335,2.380607240306276,False,True,False,insufficient_reach,999.0,,0.46,0.7468480396992179,0.0,0.0,3.1627660946254292,80.14441217541511,,149
lat0.9_h0.8_t23,0.9,0.8,7.0,1.2419835280582263,0.4931419059931787,-7.435720559616659,-0.35549342179745336,5.037574593868987,False,True,False,no_reaction,999.0,,nan,0.044260920477353444,0.0,0.0,1.9448592929395143,58.39818424802055,,149
lat0.9_h0.8_t24,0.9,0.8,7.0,1.2348994283643915,0.6023545518271265,-10.388480184634698,-0.4740866176947447,3.7447286824224446,False,True,False,insufficient_reach,999.0,,0.56,0.7607298222637304,0.0,0.0,3.436012385328347,78.40351651916934,,149
lat0.9_h0.8_t25,0.9,0.8,7.0,1.2015394607190755,0.5117562485390134,-15.327589200452655,-0.6457202769302093,2.907793223263718,False,True,False,insufficient_reach,999.0,,0.46,0.4507383916233991,0.0,0.0,4.36465853561798,89.52364104551096,,149
lat0.9_h0.8_t26,0.9,0.8,7.0,1.0288731444133052,0.6051391609385917,-9.314669341337495,-0.15942935856507057,4.205971150257961,False,True,False,no_reaction,999.0,,nan,0.04426092047735469,0.0,0.0,1.9448592929395048,58.3981842480205,,149
lat0.9_h0.8_t27,0.9,0.8,7.0,1.2011640671751587,0.4508715167136974,-11.791381832288257,-0.49068952585496606,3.579315856471201,False,True,False,insufficient_reach,999.0,,0.52,0.6590139136636767,0.0,0.0,3.011566802880654,82.31405858420197,,149
lat0.9_h0.8_t28,0.9,0.8,7.0,1.3270041601014082,0.5593819656725739,-16.13598032335682,-0.9664785544970889,2.711713079624048,False,True,False,insufficient_reach,999.0,,0.46,0.7813423775984155,0.0,0.0,3.370646051051596,81.56790196283777,,149
lat0.9_h0.8_t29,0.9,0.8,7.0,0.9312010468195963,0.3395493370650605,-8.717288878023112,-0.036576460684064394,4.723921343080806,False,True,False,insufficient_reach,999.0,,0.64,0.7637916341706283,0.0,0.0,3.930808952768583,95.74828965112386,,149
lat0.9_h0.8_t30,0.9,0.8,7.0,1.2505116519770667,0.6511389244066257,-7.814240554308518,-0.38115087917364227,4.672579698650794,False,True,False,insufficient_reach,999.0,,0.66,0.8943592234026386,0.0,0.0,3.804348365259927,95.31221046335993,,149
lat0.9_h1.2_t1,0.9,1.2,7.0,0.681791647509266,0.9887932587806578,-9.186154066799599,0.27492290800824853,4.159236410828821,False,True,False,insufficient_reach,999.0,,0.6,0.6666608214204619,0.0,0.0,3.5912413327926664,84.43425267723651,,149
lat0.9_h1.2_t2,0.9,1.2,7.0,0.5589247668441716,0.7213834850419272,-9.282386899796808,0.43040788176903516,4.490923498080191,False,True,False,insufficient_reach,999.0,,0.6,0.6981305076965728,0.0,0.0,3.5323419447634414,84.53970853366864,,149
lat0.9_h1.2_t3,0.9,1.2,7.0,0.7827291913177713,1.0028756478727878,-17.189245631574988,0.2729705550170689,2.5660809330768246,False,True,False,insufficient_reach,999.0,,0.46,0.6438299335945609,0.0,0.0,3.234250930865634,85.50868202887422,,149
lat0.9_h1.2_t4,0.9,1.2,7.0,0.4047124255222412,0.7289557593057241,-9.749858373575115,0.6553246578027488,4.3303959185912095,False,True,False,insufficient_reach,999.0,,0.58,0.7165138666136746,0.0,0.0,3.2476326280657015,79.82490504556507,,149
lat0.9_h1.2_t5,0.9,1.2,7.0,1.1108943304605416,1.0893466264609148,-7.718918138997739,-0.22692888770534214,4.677484330073853,False,True,False,insufficient_reach,999.0,,0.68,0.8101239490910833,0.0,0.0,3.283726967502247,85.73594221928684,,149
lat0.9_h1.2_t6,0.9,1.2,7.0,0.4931071565083901,0.8872567767482942,-13.841400499578395,0.7455428446565976,3.250022294390801,False,True,False,insufficient_reach,999.0,,0.48,0.684434352115651,0.0,0.0,3.305270382316995,82.76013806528104,,149
lat0.9_h1.2_t7,0.9,1.2,7.0,0.6928128667371688,0.8500397621273399,-9.310907323227715,0.2640135645602925,4.295190869040094,False,True,False,insufficient_reach,999.0,,0.6,0.7284736604531968,0.0,0.0,3.5909630322352637,83.37828499705999,,149
lat0.9_h1.2_t8,0.9,1.2,7.0,1.333077653066145,1.0482685872857282,-12.824054642522077,-0.7322596419046101,3.1574979436225186,False,True,False,no_reaction,999.0,,nan,0.04426092047735431,0.0,0.0,1.944859292939498,58.39818424802064,,149
lat0.9_h1.2_t9,0.9,1.2,7.0,1.250429487678928,0.865730805608083,-9.268029179125243,-0.43009036929539596,4.406757567625353,False,True,False,insufficient_reach,999.0,,0.58,0.3490891622222389,0.0,0.0,3.744565914350645,90.62669844407698,,149
lat0.9_h1.2_t10,0.9,1.2,7.0,1.0426279352109318,1.0399370418388096,-16.589342987635607,-0.3202400327413993,2.5439667485777595,False,True,False,insufficient_reach,999.0,,0.44,0.7706165433067828,0.0,0.0,2.774129144813591,80.99299414986739,,149
lat0.9_h1.2_t11,0.9,1.2,7.0,0.7535751236322751,0.7529875816071419,-14.564956641167992,0.29256754539885915,3.3480289552822007,False,True,False,insufficient_reach,999.0,,0.48,0.711439598194977,0.0,0.0,3.2585432195783666,79.2661431676994,,149
lat0.9_h1.2_t12,0.9,1.2,7.0,0.7526911201697347,0.8302808846310809,-10.579127838248931,0.2088850144731883,3.9833446543913618,False,True,False,insufficient_reach,999.0,,0.56,0.668813296904557,0.0,0.0,3.041851450960382,81.78228441132131,,149
lat0.9_h1.2_t13,0.9,1.2,7.0,1.204832817296472,0.8475950450631025,-7.685448363384486,-0.3290351961922542,4.924594168878338,False,True,False,no_reaction,999.0,,nan,0.04426092047735346,0.0,0.0,1.9448592929395108,58.39818424802039,,149
lat0.9_h1.2_t14,0.9,1.2,7.0,1.093876535321616,0.763853102709376,-8.253943769392345,-0.2199838176649763,4.8177615967530825,False,True,False,insufficient_reach,999.0,,0.64,0.5940902422278389,0.0,0.0,3.803948388962779,92.64254419009319,,149
lat0.9_h1.2_t15,0.9,1.2,7.0,1.1057590510369848,1.0283360946819404,-11.401702094215072,-0.32015056397921454,3.419517463037334,False,True,False,insufficient_reach,999.0,,0.52,0.6029549363232536,0.0,0.0,3.0803246771401858,86.1119552204981,,149
lat0.9_h1.2_t16,0.9,1.2,7.0,0.7687029240039613,0.9760103295762618,-9.15650939806674,0.16477838150476992,4.189461438253943,False,True,False,no_reaction,999.0,,nan,0.04426092047735716,0.0,0.0,1.9448592929395065,58.39818424802086,,149
lat0.9_h1.2_t17,0.9,1.2,7.0,0.5012761238310064,0.9703570491320842,-12.371854501505359,0.6561572749599529,3.358507699237122,False,True,False,insufficient_reach,999.0,,0.52,0.6575465659403446,0.0,0.0,3.2149285612085334,80.9106187795864,,149
lat0.9_h1.2_t18,0.9,1.2,7.0,1.0066615297758679,0.9836508765943749,-17.55045357558036,-0.26059566254421973,2.536195936033584,False,True,False,insufficient_reach,999.0,,0.44,0.7415892462817559,0.0,0.0,3.336171589311729,77.94060633502752,,149
lat0.9_h1.2_t19,0.9,1.2,7.0,0.47330581811371986,1.0576728634466284,-17.900146487115332,1.0114705594441142,2.4065838888028557,False,True,False,insufficient_reach,999.0,,0.44,0.7304426564429894,0.0,0.0,2.984010960910068,77.03149129784957,,149
lat0.9_h1.2_t20,0.9,1.2,7.0,1.258752025609184,0.9801819461697431,-8.595704764846147,-0.42505626299519617,4.400317021241008,False,True,False,insufficient_reach,999.0,,0.62,0.782306931625833,0.0,0.0,3.9501221660214116,98.55077045794548,,149
lat0.9_h1.2_t21,0.9,1.2,7.0,1.0168847559651817,0.7011646871335154,-16.748901765676024,-0.26220191545537025,3.305571234740512,False,True,False,insufficient_reach,999.0,,0.44,0.7504979936786557,0.0,0.0,3.182809107814548,80.19801894327091,,149
lat0.9_h1.2_t22,0.9,1.2,7.0,0.9867679078445912,0.8782919283611476,-12.956956391870007,-0.15207153489734712,3.3624937858507056,False,True,False,no_reaction,999.0,,nan,0.044260920477353784,0.0,0.0,1.9448592929394986,58.398184248020684,,149
lat0.9_h1.2_t23,0.9,1.2,7.0,0.9376921285909715,0.9654498883069198,-13.102996871575058,-0.06743016318029753,3.1614016477511293,False,True,False,insufficient_reach,999.0,,0.5,0.7450342458947534,0.0,0.0,3.1200709438434955,81.737062551986,,149
lat0.9_h1.2_t24,0.9,1.2,7.0,0.5506109530685191,1.0730592402169914,-11.655213763890472,0.5485910214459677,3.3232330715929845,False,True,False,insufficient_reach,999.0,,0.52,0.6698067687363336,0.0,0.0,3.559972244403661,82.84555933385286,,149
lat0.9_h1.2_t25,0.9,1.2,7.0,0.605187142904807,0.8948330177294311,-8.487598720612631,0.3519259087096554,4.473267446794008,False,True,False,insufficient_reach,999.0,,0.64,0.7284833471796573,0.0,0.0,3.5334496966531193,88.77256244442785,,149
lat0.9_h1.2_t26,0.9,1.2,7.0,0.8837968965827964,0.8961796386943799,-10.560344259085221,0.02261887837724415,3.937832867824212,False,True,False,insufficient_reach,999.0,,0.54,0.6997340150571117,0.0,0.0,3.7720245018449323,79.71470901795472,,149
lat0.9_h1.2_t27,0.9,1.2,7.0,1.299612489372315,1.0643296881321584,-8.193663731148703,-0.45328416967876506,4.4781094252620965,False,True,False,insufficient_reach,999.0,,0.64,0.5220164066265907,0.0,0.0,3.875254341333908,84.16680081677868,,149
lat0.9_h1.2_t28,0.9,1.2,7.0,1.1785158800616635,0.7524058474601861,-10.445368491885867,-0.39109802494644574,4.121559722886102,False,True,False,insufficient_reach,999.0,,0.54,0.7480694831711713,0.0,0.0,3.040759850335825,79.23557319292375,,149
lat0.9_h1.2_t29,0.9,1.2,7.0,0.5548426816202274,0.7731691703848338,-17.473025450669912,0.8206722901352966,3.0778041654302,False,True,False,insufficient_reach,999.0,,0.44,0.7132350916879295,0.0,0.0,3.2065903941625584,77.1692027358452,,149
lat0.9_h1.2_t30,0.9,1.2,7.0,0.4744284184385157,0.9014767044949777,-11.238832321316975,0.6453311759325556,3.6873393995504156,False,True,False,insufficient_reach,999.0,,0.54,0.6509409957486335,0.0,0.0,3.231747149352933,81.32281792566003,,149
lat0.9_h1.6_t1,0.9,1.6,7.0,0.9567092565528539,1.395318204191323,-9.96621541203566,-0.07618268577714617,3.9261765535601714,False,True,False,insufficient_reach,999.0,,0.56,0.5640793691426984,0.0,0.0,3.369914811438312,89.65059433469001,,149
lat0.9_h1.6_t2,0.9,1.6,7.0,1.0481021272610715,1.1073433535996897,-11.130111690092122,-0.22451273588182746,3.9824674365447654,False,True,False,insufficient_reach,999.0,,0.54,0.7184919944435947,0.0,0.0,3.824653152448204,85.38411529501089,,149
lat0.9_h1.6_t3,0.9,1.6,7.0,0.4857942848994895,1.1363741799652165,-9.407914554869288,0.5371265381982997,4.383708782622388,False,True,False,no_reaction,999.0,,nan,0.04426092047735418,0.0,0.0,1.9448592929395125,58.39818424802069,,149
lat0.9_h1.6_t4,0.9,1.6,7.0,0.7096007450855001,1.2280440564023605,-10.607250471340425,0.2835903166488553,3.8471702713805853,False,True,False,insufficient_reach,999.0,,0.54,0.7302072057396304,0.0,0.0,3.0826858098344987,78.91206545403283,,149
lat0.9_h1.6_t5,0.9,1.6,7.0,1.367739954659086,1.2286167329591486,-9.13232560756345,-0.5901798556656016,4.355998782891506,False,True,False,insufficient_reach,999.0,,0.6,0.7093360830872343,0.0,0.0,3.912241104666238,87.98910920597251,,149
lat0.9_h1.6_t6,0.9,1.6,7.0,0.7127411161884002,1.2944176793938618,-7.212206200415847,0.18769090775838762,5.199997076906969,False,True,False,insufficient_reach,999.0,,0.72,0.6919932825804364,0.0,0.0,2.475749568983755,84.08589991142975,,149
lat0.9_h1.6_t7,0.9,1.6,7.0,1.1239891642356916,1.1848179397531897,-10.580942384850555,-0.3124724725602246,4.0952366822719215,False,True,False,insufficient_reach,999.0,,0.54,0.7517193616839262,0.0,0.0,3.3483594358581823,84.41339376093448,,149
lat0.9_h1.6_t8,0.9,1.6,7.0,1.187676840335754,1.224414666904135,-8.830093699989725,-0.35382830650650704,4.449916409741417,False,True,False,insufficient_reach,999.0,,0.6,0.6878514908520366,0.0,0.0,3.878063491144545,89.32335666707934,,149
lat0.9_h1.6_t9,0.9,1.6,7.0,0.5132697530646858,1.4091522309854074,-18.329372449917223,0.951414988777167,2.4632940899113116,False,True,False,insufficient_reach,999.0,,0.42,0.8013334000046584,0.0,0.0,2.970041626270203,85.05560936191112,,149
lat0.9_h1.6_t10,0.9,1.6,7.0,0.4824332720189908,1.4062609346820734,-8.490967060962113,0.47964866757689906,4.492678811988866,False,True,False,insufficient_reach,999.0,,0.64,0.46153859012567494,0.0,0.0,3.4465643381637445,80.43087649958427,,149
lat0.9_h1.6_t11,0.9,1.6,7.0,1.152335177977885,1.4646364911224508,-10.456860702570035,-0.3671819779992645,3.5677914658602297,False,True,False,insufficient_reach,999.0,,0.54,0.7264830269173719,0.0,0.0,4.093008145655727,83.43811083599857,,149
lat0.9_h1.6_t12,0.9,1.6,7.0,0.40507881297572723,1.4671034570540644,-10.445487938658887,0.6909524197330548,3.6989294578008574,False,True,False,insufficient_reach,999.0,,0.56,0.6862729133774073,0.0,0.0,3.751268435222875,89.32406227325704,,149
lat0.9_h1.6_t13,0.9,1.6,7.0,1.1742511477006712,1.3624811921494426,-7.539972885182191,-0.27688953663987753,5.098065694338512,False,True,False,no_reaction,999.0,,nan,0.044260920477354734,0.0,0.0,1.9448592929395,58.39818424802053,,149
lat0.9_h1.6_t14,0.9,1.6,7.0,1.1199595393694795,1.4015254851913477,-13.53897792680503,-0.39356513949274075,3.0964772468085906,False,True,False,no_reaction,999.0,,nan,0.04426092047735594,0.0,0.0,1.944859292939499,58.398184248020506,,149
lat0.9_h1.6_t15,0.9,1.6,7.0,1.169973618206601,1.1415837503649557,-11.127425195380376,-0.405472953649744,3.954361297400505,False,True,False,insufficient_reach,999.0,,0.54,0.5746138673367537,0.0,0.0,3.7806520122047207,89.76941027769166,,149
lat0.9_h1.6_t16,0.9,1.6,7.0,1.222760243032332,1.3073295692159295,-7.745341321187419,-0.34551873184821436,4.895226658470554,False,True,False,insufficient_reach,999.0,,0.66,0.7439063935765071,0.0,0.0,3.5923206392537095,92.169511552532,,149
lat0.9_h1.6_t17,0.9,1.6,7.0,1.129889117703598,1.2643731619851033,-12.554748877713571,-0.39052923028307973,3.457533097943856,False,True,False,insufficient_reach,999.0,,0.8,0.05183306461482731,0.0,0.0,2.0248131803574685,55.57534992812342,,149
lat0.9_h1.6_t18,0.9,1.6,7.0,0.45196609813118027,1.443899122274027,-9.09672074040701,0.5466576341539647,4.210540604340269,False,True,False,insufficient_reach,999.0,,0.6,0.7604742536500976,0.0,0.0,3.552767908745429,90.37298336529166,,149
lat0.9_h1.6_t19,0.9,1.6,7.0,0.8830141128439505,1.4547326157875837,-12.953425060834856,0.0304707110067789,2.994883363082388,False,True,False,insufficient_reach,999.0,,0.48,0.7657310258659568,0.0,0.0,3.583339316461932,89.2694103124856,,149
lat0.9_h1.6_t20,0.9,1.6,7.0,0.8760567021510618,1.4966744561570944,-8.411521761920836,0.028174039931272078,4.29002587344315,False,True,False,no_reaction,999.0,,nan,0.04878707882819902,0.0,0.0,3.6224425730457095,54.40652147463319,,149
lat0.9_h1.6_t21,0.9,1.6,7.0,0.6336247636485666,1.2638243709050037,-13.96633480788353,0.5061116955189904,3.220317454735276,False,True,False,insufficient_reach,999.0,,0.5,0.21687471612669473,0.0,0.0,3.132039116818799,72.1708683008284,,149
lat0.9_h1.6_t22,0.9,1.6,7.0,1.3222233181548602,1.3370272731059307,-8.361838937400627,-0.48940100076280313,4.5365275353333,False,True,False,insufficient_reach,999.0,,0.62,0.19347849856680271,0.0,0.0,3.976054489843712,84.04435169354595,,149
lat0.9_h1.6_t23,0.9,1.6,7.0,0.9598905318457854,1.2945620142144714,-10.557535213382145,-0.08541619126125378,3.8748136747340625,False,True,False,insufficient_reach,999.0,,0.54,0.7200103421228808,0.0,0.0,4.203311922657042,84.53826387231551,,149
lat0.9_h1.6_t24,0.9,1.6,7.0,0.9417603199410154,1.1524319446818811,-14.839198970873793,-0.08255521504873889,3.3659693801527095,False,True,False,insufficient_reach,999.0,,0.46,0.7800765618898889,0.0,0.0,3.1693373040176844,87.33246130764513,,149
lat0.9_h1.6_t25,0.9,1.6,7.0,0.7690177324111728,1.1542067494243016,-7.893609981576152,0.13651574391758425,5.170808858739645,False,True,False,insufficient_reach,999.0,,0.66,0.8642811564769557,0.0,0.0,4.455218767303642,82.83028067604653,,149
lat0.9_h1.6_t26,0.9,1.6,7.0,0.583579627355146,1.2011063439804657,-16.183814033735658,0.676740151257895,3.146537826131237,False,True,False,insufficient_reach,999.0,,0.44,0.7784239549280104,0.0,0.0,3.0387774689794815,80.54380371448124,,149
lat0.9_h1.6_t27,0.9,1.6,7.0,0.8563168205509624,1.1683073040013348,-11.902440298309589,0.0693495331190295,3.774989750869416,False,True,False,insufficient_reach,999.0,,0.5,0.7133906028413143,0.0,0.0,3.5587952247245993,86.65478749110153,,149
lat0.9_h1.6_t28,0.9,1.6,7.0,1.011655675646014,1.3262989226204585,-10.16874846532762,-0.15827177238624765,3.8482916073879756,False,True,False,insufficient_reach,999.0,,0.56,0.7143400063262653,0.0,0.0,3.5216813109003113,84.31990119191714,,149
lat0.9_h1.6_t29,0.9,1.6,7.0,1.3460756180688314,1.1978862388094804,-7.849520624380603,-0.4633960803012679,5.139391932036863,False,True,False,no_reaction,999.0,,nan,0.04426092047735401,0.0,0.0,1.9448592929395088,58.3981842480206,,149
lat0.9_h1.6_t30,0.9,1.6,7.0,1.3720534746234883,1.4437299804281905,-12.982428148305077,-0.8119729363983581,3.120398322762892,False,True,False,insufficient_reach,999.0,,0.48,0.7567482744934517,0.0,0.0,3.701394139228133,88.0421596721864,,149
lat1.2_h0.05_t1,1.2,0.05,7.0,0.7093102907623536,0.05,-7.549824651408639,0.5066717584382444,4.750280598289971,False,True,False,insufficient_reach,999.0,,0.76,0.7246240206540873,0.0,0.0,2.5797540929376614,90.76044047167265,,149
lat1.2_h0.05_t2,1.2,0.05,7.0,1.1734349335940486,0.05,-10.008273806147864,0.03657453936168793,3.5626327219771694,False,True,False,insufficient_reach,999.0,,0.64,0.6432749029751331,0.0,0.0,4.267308884795058,93.23909008520279,,149
lat1.2_h0.05_t3,1.2,0.05,7.0,1.519427853670365,0.05,-9.179084918455063,-0.40071690623854356,3.909976339556886,False,True,False,insufficient_reach,999.0,,0.68,1.1164620080400134,0.0,0.0,4.071616846650431,108.665120765975,,149
lat1.2_h0.05_t4,1.2,0.05,7.0,0.7470611978769474,0.05,-10.070440694131111,0.6298166424286061,3.5274787529378653,False,True,False,insufficient_reach,999.0,,0.64,0.5595441231358043,0.0,0.0,4.026304528764763,89.30073483981536,,149
lat1.2_h0.05_t5,1.2,0.05,7.0,1.5533957335369415,0.05,-15.080529614370914,-0.709998398224219,2.441422512126971,False,True,False,insufficient_reach,999.0,,0.52,0.9007651903088084,0.0,0.0,3.7077280828314185,80.55777917231688,,149
lat1.2_h0.05_t6,1.2,0.05,7.0,1.2523380134555029,0.05,-7.70431699677566,-0.05553860088254953,4.6223338708538435,False,True,False,no_reaction,999.0,,nan,0.04426092047735161,0.0,0.0,1.9448592929395054,58.39818424802053,,149
lat1.2_h0.05_t7,1.2,0.05,7.0,0.9562923753692175,0.05,-8.79840118243066,0.29283900226478843,4.082058365070873,False,True,False,insufficient_reach,999.0,,0.68,1.2559532313582848,0.0,0.0,4.21807515620475,113.8461335486716,,149
lat1.2_h0.05_t8,1.2,0.05,7.0,0.7792496061299288,0.05,-18.74607290113801,1.0512428042743212,1.9631817440665755,False,True,False,insufficient_reach,999.0,,0.46,0.9796994697909377,0.0,0.0,3.80087440645485,83.59131960225024,,149
lat1.2_h0.05_t9,1.2,0.05,7.0,1.0207121649842938,0.05,-10.533126346393308,0.25949323975244004,3.388939270984493,False,True,False,insufficient_reach,999.0,,0.62,1.0119206311229738,0.0,0.0,4.2005613888896205,87.38120652761131,,149
lat1.2_h0.05_t10,1.2,0.05,7.0,1.359869866829039,0.05,-17.077914672658963,-0.38260864127673094,2.049513816990016,False,True,False,insufficient_reach,999.0,,0.48,0.8913971993870212,0.0,0.0,4.027269427779921,81.05856132665866,,149
lat1.2_h0.05_t11,1.2,0.05,7.0,0.7504555706201237,0.05,-7.462661774098559,0.4515499291699648,4.883215085785826,False,True,False,insufficient_reach,999.0,,0.76,1.4017495454194175,0.0,0.0,3.020298850443371,100.12100022344836,,149
lat1.2_h0.05_t12,1.2,0.05,7.0,1.556612336224926,0.05,-10.484918481902989,-0.49771604647590134,3.5144205648349636,False,True,False,insufficient_reach,999.0,,0.66,0.9908815918061454,0.0,0.0,4.222432679181439,100.39522624970284,,149
lat1.2_h0.05_t13,1.2,0.05,7.0,1.6618648743479985,0.05,-9.920255077764804,-0.6301920100123303,3.59485231910923,False,True,False,no_reaction,999.0,,nan,0.044260920477352604,0.0,0.0,1.9448592929395077,58.398184248020584,,149
lat1.2_h0.05_t14,1.2,0.05,7.0,1.595792872894706,0.05,-9.41092402321617,-0.5037673873380397,3.853691386826183,False,True,False,no_reaction,999.0,,nan,0.044260920477352805,0.0,0.0,1.944859292939496,58.398184248020556,,149
lat1.2_h0.05_t15,1.2,0.05,7.0,1.3304176183813543,0.05,-7.655954323780051,-0.13311513870576816,4.80560231075223,False,True,False,no_reaction,999.0,,nan,0.044260920477354554,0.0,0.0,1.944859292939503,58.39818424802168,,149
lat1.2_h0.05_t16,1.2,0.05,7.0,0.9566805916502634,0.05,-8.897943862158844,0.3033976101297439,3.933721486616461,False,True,False,insufficient_reach,999.0,,0.68,1.1899437714287717,0.0,0.0,3.7667310889596965,96.05195083290452,,149
lat1.2_h0.05_t17,1.2,0.05,7.0,1.1418490344777326,0.05,-11.186973068952366,0.09065745129829889,3.1462442612488677,False,True,False,insufficient_reach,999.0,,0.62,0.1674112872955103,0.0,0.0,4.227905897186404,80.81928716003958,,149
lat1.2_h0.05_t18,1.2,0.05,7.0,1.6726266044325526,0.05,-18.436337111029147,-1.1720752644450545,1.9778879096465625,False,True,False,insufficient_reach,999.0,,0.46,0.8220443713840775,0.0,0.0,3.4421620748521202,85.99078203762453,,149
lat1.2_h0.05_t19,1.2,0.05,7.0,0.9325680742568285,0.05,-12.716600239845357,0.4514077223240442,2.9059174907703733,False,True,False,no_reaction,999.0,,nan,0.044260920477353916,0.0,0.0,1.9448592929395034,58.398184248020705,,149
lat1.2_h0.05_t20,1.2,0.05,7.0,1.4428312764656903,0.05,-14.306488043763553,-0.46279472448020537,2.573684072138027,False,True,False,no_reaction,999.0,,nan,0.04426092047735124,0.0,0.0,1.9448592929394966,58.398184248020485,,149
lat1.2_h0.05_t21,1.2,0.05,7.0,1.2536778335394332,0.05,-16.106062639138255,-0.11701803290307787,2.2499931589945126,False,True,False,insufficient_reach,999.0,,0.5,0.889435673818209,0.0,0.0,3.1694838524098254,82.26443855982657,,149
lat1.2_h0.05_t22,1.2,0.05,7.0,1.4835838947428837,0.05,-16.940144427313864,-0.6323997299069793,2.199524980692901,False,True,False,insufficient_reach,999.0,,0.5,0.7035070181496196,0.0,0.0,3.3611267572939836,80.57332274056304,,149
lat1.2_h0.05_t23,1.2,0.05,7.0,1.209081828566471,0.05,-7.345104099025365,-0.00930190111196272,4.7889532023998695,False,True,False,no_reaction,999.0,,nan,0.04426092047735279,0.0,0.0,1.9448592929395103,58.39818424802034,,149
lat1.2_h0.05_t24,1.2,0.05,7.0,0.8229218799989727,0.05,-10.939264103308783,0.5757822237102982,3.2122703731396185,False,True,False,insufficient_reach,999.0,,0.6,1.127944605685914,0.0,0.0,4.063464877814593,89.8568893942569,,149
lat1.2_h0.05_t25,1.2,0.05,7.0,1.345759292261306,0.05,-8.516095582217782,-0.16823565900006843,4.249689588943895,False,True,False,no_reaction,999.0,,nan,0.04426092047735222,0.0,0.0,1.944859292939507,58.398184248020456,,149
lat1.2_h0.05_t26,1.2,0.05,7.0,1.378788222260245,0.05,-7.203193872150106,-0.18042124023492348,4.86060415638775,False,True,False,no_reaction,999.0,,nan,0.04426092047735168,0.0,0.0,1.9448592929395025,58.39818424802072,,149
lat1.2_h0.05_t27,1.2,0.05,7.0,0.9696343992192041,0.05,-8.762931020887905,0.2797076389020162,4.039729755917147,False,True,False,insufficient_reach,999.0,,0.7000000000000001,1.3139797542536862,0.0,0.0,3.464515889939517,99.53281975428845,,149
lat1.2_h0.05_t28,1.2,0.05,7.0,0.8541475243363341,0.05,-14.448275501702556,0.6693114218363349,2.534554674826839,False,True,False,insufficient_reach,999.0,,0.68,0.05622380008973896,0.0,0.0,2.624973976259368,58.76518914866397,,149
lat1.2_h0.05_t29,1.2,0.05,7.0,1.2191630395745405,0.05,-16.06972151452716,-0.04135131110400948,2.2730768772167824,False,True,False,insufficient_reach,999.0,,0.5,0.9448654819262712,0.0,0.0,3.866061945377127,82.31909468785793,,149
lat1.2_h0.05_t30,1.2,0.05,7.0,0.8636084208437121,0.05,-12.489602536232168,0.5809845281219804,2.840007979378009,False,True,False,insufficient_reach,999.0,,0.56,0.6720234968178734,0.0,0.0,3.481109304809063,81.7836510740927,,149
lat1.2_h0.2_t1,1.2,0.2,7.0,1.2018402425556385,0.05,-9.186889873736863,-0.002271734171630055,4.158519005942636,False,True,False,no_reaction,999.0,,nan,0.04426092047735327,0.0,0.0,1.9448592929395054,58.398184248020584,,149
lat1.2_h0.2_t2,1.2,0.2,7.0,0.9828859097863651,0.057947680282207925,-9.907561341924131,0.2903138644391646,3.8581977856697005,False,True,False,insufficient_reach,999.0,,0.64,1.0088648315179822,0.0,0.0,4.193115583836412,86.91152114559809,,149
lat1.2_h0.2_t3,1.2,0.2,7.0,0.7800895096711612,0.05,-12.247820053187938,0.6893254136499641,3.2341771935707704,False,True,False,insufficient_reach,999.0,,0.56,0.8675115176171859,0.0,0.0,3.407485316464443,81.27779718035183,,149
lat1.2_h0.2_t4,1.2,0.2,7.0,1.5126126390881718,0.05,-10.148780820955213,-0.4247476248731867,3.8138667744024928,False,True,False,insufficient_reach,999.0,,0.66,1.0547652591667387,0.0,0.0,4.199564932039495,89.40982392419906,,149
lat1.2_h0.2_t5,1.2,0.2,7.0,1.3259839139179537,0.05,-8.909862828053674,-0.15481264244967166,4.175930460365808,False,True,False,no_reaction,999.0,,nan,0.04426092047735433,0.0,0.0,1.9448592929395008,58.39818424802089,,149
lat1.2_h0.2_t6,1.2,0.2,7.0,1.2131700163305643,0.05,-10.520868009430583,-0.018743222756997534,3.659998104154051,False,True,False,no_reaction,999.0,,nan,0.04426092047735459,0.0,0.0,1.9448592929395179,58.398184248021,,149
lat1.2_h0.2_t7,1.2,0.2,7.0,1.1337782744071536,0.05,-16.138759204870947,0.14958325664616173,2.51030711149157,False,True,False,insufficient_reach,999.0,,0.5,0.9258274668232713,0.0,0.0,3.7539791145822425,82.83958803903701,,149
lat1.2_h0.2_t8,1.2,0.2,7.0,1.5639548220095105,0.05,-12.770488919999172,-0.6243832738512173,3.1164714707302594,False,True,False,insufficient_reach,999.0,,0.62,0.9100107036202371,0.0,0.0,4.256745886677725,88.46645596177022,,149
lat1.2_h0.2_t9,1.2,0.2,7.0,1.1438559911405695,0.05,-15.771759446479502,0.11952951126070692,2.6232665349719433,False,True,False,insufficient_reach,999.0,,0.5,0.8329893173020245,0.0,0.0,2.9467421573630848,83.16338357196692,,149
lat1.2_h0.2_t10,1.2,0.2,7.0,1.2271483816252646,0.05,-15.083423732648331,-0.05550795688299982,2.705678084017628,False,True,False,insufficient_reach,999.0,,0.52,0.927747750088579,0.0,0.0,4.126809317740138,82.82929130051345,,149
lat1.2_h0.2_t11,1.2,0.2,7.0,0.9161259983487622,0.05,-7.988963281236891,0.30434949134550393,4.735829357700796,False,True,False,no_reaction,999.0,,nan,0.04426092047735241,0.0,0.0,1.9448592929394917,58.398184248020584,,149
lat1.2_h0.2_t12,1.2,0.2,7.0,1.220456092139383,0.05,-8.44597858889233,-0.022970456765519637,4.536532044626876,False,True,False,insufficient_reach,999.0,,0.7000000000000001,1.0702369250006483,0.0,0.0,3.520928208264363,87.8092492967526,,149
lat1.2_h0.2_t13,1.2,0.2,7.0,1.475331929885916,0.05,-17.94306589494325,-0.6538323563858294,2.4217248245227996,False,True,False,insufficient_reach,999.0,,0.48,0.6603094739205447,0.0,0.0,3.5103326150171132,84.56820887001206,,149
lat1.2_h0.2_t14,1.2,0.2,7.0,1.542371333818322,0.05,-7.69074409050189,-0.35173317767310835,4.9285485542981675,False,True,False,no_reaction,999.0,,nan,0.044260920477352694,0.0,0.0,1.944859292939519,58.39818424802057,,149
lat1.2_h0.2_t15,1.2,0.2,7.0,1.592611328044147,0.05,-7.995999179660256,-0.4361647968370194,4.581848522724093,False,True,False,no_reaction,999.0,,nan,0.04426092047735232,0.0,0.0,1.9448592929395163,58.39818424802051,,149
lat1.2_h0.2_t16,1.2,0.2,7.0,0.990722307620665,0.09349274159880244,-10.23419726994381,0.29967686401717136,3.5778937351187863,False,True,False,no_reaction,999.0,,nan,0.04426092047735246,0.0,0.0,1.9448592929395094,58.39818424802037,,149
lat1.2_h0.2_t17,1.2,0.2,7.0,1.5455511954968997,0.05,-12.828379623892916,-0.5834134424231442,3.158446343359277,False,True,False,insufficient_reach,999.0,,0.6,1.0127996738885858,0.0,0.0,4.236284197707876,88.35372731600154,,149
lat1.2_h0.2_t18,1.2,0.2,7.0,1.5684761512027694,0.05,-7.8424538545724,-0.3916342281075421,4.774385255054516,False,True,False,insufficient_reach,999.0,,0.72,1.3338126459284485,0.0,0.0,4.614782934127996,106.22895056038425,,149
lat1.2_h0.2_t19,1.2,0.2,7.0,1.0361602577445197,0.05,-8.848051504887554,0.20007189969390854,4.199897255125702,False,True,False,no_reaction,999.0,,nan,0.04426092047735661,0.0,0.0,1.944859292939501,58.39818424802062,,149
lat1.2_h0.2_t20,1.2,0.2,7.0,1.5538659935252035,0.05,-9.938633645308258,-0.4721100385403167,3.8766226825199834,False,True,False,no_reaction,999.0,,nan,0.04426092047735402,0.0,0.0,1.9448592929395045,58.398184248020584,,149
lat1.2_h0.2_t21,1.2,0.2,7.0,0.754211744205993,0.05,-17.65677021010761,1.1012422847862873,2.3561168465637796,False,True,False,insufficient_reach,999.0,,0.48,0.9015217979731016,0.0,0.0,2.7910477790270805,82.74819609513207,,149
lat1.2_h0.2_t22,1.2,0.2,7.0,1.5777129606969393,0.05,-8.705938011791833,-0.45514616321823076,4.251271937081859,False,True,False,insufficient_reach,999.0,,0.7000000000000001,1.1675523917964437,0.0,0.0,4.466130887995751,108.86039250970113,,149
lat1.2_h0.2_t23,1.2,0.2,7.0,1.5587423965133076,0.05,-8.1339490133667,-0.385637856860002,4.724157338485991,False,True,False,no_reaction,999.0,,nan,0.04426092047735174,0.0,0.0,1.9448592929394939,58.398184248020485,,149
lat1.2_h0.2_t24,1.2,0.2,7.0,1.3035857876582055,0.05,-12.799377892565493,-0.18398095567231826,3.028053469087504,False,True,False,no_reaction,999.0,,nan,0.044260920477350155,0.0,0.0,1.9448592929395068,58.39818424802003,,149
lat1.2_h0.2_t25,1.2,0.2,7.0,1.2063505532808123,0.08860654272165569,-7.515852188755335,-0.00653615579144715,4.880365310325958,False,True,False,insufficient_reach,999.0,,0.72,1.3346584157886388,0.0,0.0,4.868867741720767,116.06326447176585,,149
lat1.2_h0.2_t26,1.2,0.2,7.0,1.381460115425272,0.05,-8.238903353426787,-0.207280067938206,4.465349545837571,False,True,False,no_reaction,999.0,,nan,0.04426092047735352,0.0,0.0,1.9448592929395063,58.39818424802065,,149
lat1.2_h0.2_t27,1.2,0.2,7.0,0.924369175698486,0.05,-9.761291897152757,0.37404773287920895,3.8179886790015725,False,True,False,no_reaction,999.0,,nan,0.0442609204773559,0.0,0.0,1.9448592929394977,58.39818424802094,,149
lat1.2_h0.2_t28,1.2,0.2,7.0,1.037719144562217,0.05,-8.522023798320834,0.18830775571620995,4.4011141625409405,False,True,False,insufficient_reach,999.0,,0.7000000000000001,1.17885133168354,0.0,0.0,3.8790712015780207,107.23085618747082,,149
lat1.2_h0.2_t29,1.2,0.2,7.0,1.4211592682138772,0.05,-8.34405091452195,-0.2541017413752021,4.441444878521091,False,True,False,no_reaction,999.0,,nan,0.04426092047735433,0.0,0.0,1.944859292939498,58.398184248020456,,149
lat1.2_h0.2_t30,1.2,0.2,7.0,1.4233946888549283,0.05,-7.817928366333712,-0.23302948533753406,4.85866807962969,False,True,False,insufficient_reach,999.0,,0.74,0.8370583576367144,0.0,0.0,3.0598162930256336,97.6732647962658,,149
lat1.2_h0.4_t1,1.2,0.4,7.0,1.0841607579534625,0.2343741960066032,-11.0222125677507,0.17644880152095185,3.472434039444194,False,True,False,insufficient_reach,999.0,,0.56,1.1564383490060954,0.0,0.0,3.3571797327553665,104.41440320038683,,149
lat1.2_h0.4_t2,1.2,0.4,7.0,0.7366296975988194,0.05,-10.90430555264275,0.6878040272153821,3.823997915951457,False,True,False,insufficient_reach,999.0,,0.6,0.9358323463214236,0.0,0.0,3.918052497730794,96.82537279509789,,149
lat1.2_h0.4_t3,1.2,0.4,7.0,1.5748972345979262,0.20871317562733915,-8.065138179186857,-0.417266271015048,4.619853542448585,False,True,False,insufficient_reach,999.0,,0.7000000000000001,1.2021152595859341,0.0,0.0,4.212003736379296,103.55478822020775,,149
lat1.2_h0.4_t4,1.2,0.4,7.0,1.1589697180653489,0.05,-8.92847607659974,0.04832528264575412,4.576788306985778,False,True,False,no_reaction,999.0,,nan,0.044260920477349155,0.0,0.0,1.9448592929395185,58.3981842480204,,149
lat1.2_h0.4_t5,1.2,0.4,7.0,1.2726828158566894,0.10023235577931952,-9.383620515071447,-0.09535341767097072,4.1320880432723985,False,True,False,insufficient_reach,999.0,,0.64,1.1573928041184165,0.0,0.0,4.539961647884533,102.00492645206586,,149
lat1.2_h0.4_t6,1.2,0.4,7.0,1.3756440638648884,0.1170301810142321,-10.060473334714565,-0.24448758315573488,3.9177155066516742,False,True,False,insufficient_reach,999.0,,0.62,0.15147851559372252,0.0,0.0,4.562128614254944,71.03963861585561,,149
lat1.2_h0.4_t7,1.2,0.4,7.0,0.7285709177240104,0.15234041545804472,-10.092720774405198,0.6334907729871501,3.982983525770109,False,True,False,insufficient_reach,999.0,,0.58,1.0456215632732895,0.0,0.0,3.5404342185119155,89.73738382835046,,149
lat1.2_h0.4_t8,1.2,0.4,7.0,1.0420226642479817,0.2328956426833767,-12.675916482891177,0.27445543565536373,3.1136439565658645,False,True,False,insufficient_reach,999.0,,0.52,1.0497564550857885,0.0,0.0,2.787833922576727,107.18106556415121,,149
lat1.2_h0.4_t9,1.2,0.4,7.0,1.6513963724844154,0.14892665489942075,-8.509464900287735,-0.5374458531840558,4.418604687193113,False,True,False,insufficient_reach,999.0,,0.7000000000000001,1.3916385058992966,0.0,0.0,4.291398904380201,97.42050663004865,,149
lat1.2_h0.4_t10,1.2,0.4,7.0,0.9237783862709762,0.2730144343208896,-12.622236366548524,0.4772120799562242,3.058515359644055,False,True,False,insufficient_reach,999.0,,0.52,1.0631667084501908,0.0,0.0,2.805937156585045,103.85701713711401,,149
lat1.2_h0.4_t11,1.2,0.4,7.0,1.071106091099539,0.18804066181565654,-9.59454541856728,0.16561616938461504,4.089755992505756,False,True,False,insufficient_reach,999.0,,0.6,1.097334476313472,0.0,0.0,4.06470394571499,86.31527248490627,,149
lat1.2_h0.4_t12,1.2,0.4,7.0,1.082937382291617,0.05,-8.919910365332258,0.14217056498998457,4.4638244870746515,False,True,False,no_reaction,999.0,,nan,0.04426092047735206,0.0,0.0,1.9448592929394948,58.39818424802066,,149
lat1.2_h0.4_t13,1.2,0.4,7.0,1.6439959067106114,0.05,-9.571346558641395,-0.5803791983202838,4.209884529587618,False,True,False,no_reaction,999.0,,nan,0.044260920477351993,0.0,0.0,1.944859292939505,58.39818424802063,,149
lat1.2_h0.4_t14,1.2,0.4,7.0,1.5104365856156252,0.05,-7.5544283324454335,-0.3108875106123232,5.248393963916858,False,True,False,no_reaction,999.0,,nan,0.04426092047735205,0.0,0.0,1.9448592929395092,58.39818424802071,,149
lat1.2_h0.4_t15,1.2,0.4,7.0,0.8760396821549706,0.21461035484143653,-8.624329583151846,0.3852495481462792,4.34512812342575,False,True,False,insufficient_reach,999.0,,0.64,1.0907770442289244,0.0,0.0,4.2213473833557575,85.30155014588944,,149
lat1.2_h0.4_t16,1.2,0.4,7.0,1.5476403295092551,0.20862789042233054,-7.927262019376711,-0.3664521361036757,4.8549298083918435,False,True,False,insufficient_reach,999.0,,0.68,1.1992562754626068,0.0,0.0,4.1737271263012445,108.13559330997664,,149
lat1.2_h0.4_t17,1.2,0.4,7.0,0.9958227185818631,0.25528367728565965,-8.377691214681759,0.23111405554918557,4.497121613688633,False,True,False,insufficient_reach,999.0,,0.64,1.2932055564491787,0.0,0.0,4.265631195230117,99.09609645247856,,149
lat1.2_h0.4_t18,1.2,0.4,7.0,1.3385437274019134,0.05,-10.412830215560701,-0.20263000755593288,3.865583618532432,False,True,False,no_reaction,999.0,,nan,0.04426092047735253,0.0,0.0,1.9448592929395154,58.39818424802044,,149
lat1.2_h0.4_t19,1.2,0.4,7.0,1.2658630735596195,0.05,-11.361326597986746,-0.09936793440208982,3.779179727303324,False,True,False,insufficient_reach,999.0,,0.62,0.9947911192420148,0.0,0.0,4.175269826427089,90.17832914502627,,149
lat1.2_h0.4_t20,1.2,0.4,7.0,1.589687412571665,0.07617382826241847,-10.486817415103893,-0.5503587665870497,3.93038011465036,False,True,False,no_reaction,999.0,,nan,0.0442609204773542,0.0,0.0,1.9448592929394986,58.39818424802054,,149
lat1.2_h0.4_t21,1.2,0.4,7.0,1.3032221356579636,0.05,-8.636277396691483,-0.12138048528360272,4.582789252721851,False,True,False,insufficient_reach,999.0,,0.68,1.1981274687707502,0.0,0.0,3.875714084122311,87.57509237640058,,149
lat1.2_h0.4_t22,1.2,0.4,7.0,1.0266219057480086,0.14932577350362303,-8.89783638019145,0.21661141551704224,4.239196477015815,False,True,False,no_reaction,999.0,,nan,0.04426092047735567,0.0,0.0,1.9448592929394983,58.39818424802044,,149
lat1.2_h0.4_t23,1.2,0.4,7.0,1.03269017969267,0.07531944321326639,-17.679151928865913,0.4038076229831386,2.815918123094264,False,True,False,insufficient_reach,999.0,,0.46,0.8912955630386775,0.0,0.0,3.1713645491401037,81.82699230187849,,149
lat1.2_h0.4_t24,1.2,0.4,7.0,1.2145711162678006,0.05,-14.924046278760185,-0.02921054734984494,3.1484052594706085,False,True,False,insufficient_reach,999.0,,0.52,0.9053299977606076,0.0,0.0,3.5425313136180567,84.0580593373008,,149
lat1.2_h0.4_t25,1.2,0.4,7.0,0.8474530092661795,0.05,-9.450746721065702,0.46689724995240794,4.16721480315895,False,True,False,insufficient_reach,999.0,,0.66,1.2202296989670944,0.0,0.0,3.831506064051141,94.91781357471778,,149
lat1.2_h0.4_t26,1.2,0.4,7.0,1.4163253434760281,0.1677541694679477,-8.78113292669176,-0.2540683265479586,4.449106885869286,False,True,False,insufficient_reach,999.0,,0.68,1.2349956826162731,0.0,0.0,4.33897818222103,100.92694978152954,,149
lat1.2_h0.4_t27,1.2,0.4,7.0,1.3214644226567844,0.21115108221475093,-9.064783344674163,-0.15465946292105923,4.092684117567065,False,True,False,no_reaction,999.0,,nan,0.044260920477354304,0.0,0.0,1.9448592929394983,58.398184248021046,,149
lat1.2_h0.4_t28,1.2,0.4,7.0,1.3428020501620823,0.17712047945196352,-11.77968944598909,-0.23238436415171554,3.3768576084720596,False,True,False,insufficient_reach,999.0,,0.54,1.0893433361906564,0.0,0.0,3.1743076523004063,97.02962843259644,,149
lat1.2_h0.4_t29,1.2,0.4,7.0,1.261355824189338,0.2531345962712317,-12.363529231212057,-0.10134750352825768,3.212081366376237,False,True,False,insufficient_reach,999.0,,0.52,1.0834177686970858,0.0,0.0,2.9586985570229496,114.80418201053166,,149
lat1.2_h0.4_t30,1.2,0.4,7.0,1.4493153551424345,0.28587619153138444,-10.398491947909825,-0.3508628064303947,3.6459916189741763,False,True,False,insufficient_reach,999.0,,0.62,1.1655024725739174,0.0,0.0,4.508276371765909,89.12546619120104,,149
lat1.2_h0.8_t1,1.2,0.8,7.0,1.229875625518206,0.5459612058267744,-17.517848979325,-0.06914681495030296,2.707228100273203,False,True,False,insufficient_reach,999.0,,0.46,0.909961744457737,0.0,0.0,3.357190494572331,82.2711120592057,,149
lat1.2_h0.8_t2,1.2,0.8,7.0,1.4472246450885868,0.4246813285971248,-16.40538225626313,-0.5419281918098404,3.0603502787656134,False,True,False,insufficient_reach,999.0,,0.46,0.9569915610454406,0.0,0.0,2.914333644808657,81.2116946482227,,149
lat1.2_h0.8_t3,1.2,0.8,7.0,1.5811051483565657,0.40266467595836575,-7.905328966043383,-0.42218135575008786,4.867928033352355,False,True,False,insufficient_reach,999.0,,0.68,1.149342067531785,0.0,0.0,4.05901741562108,104.44224247942758,,149
lat1.2_h0.8_t4,1.2,0.8,7.0,1.1144298124670367,0.5758136835621661,-7.736156686835395,0.08898762305640669,4.949770563791088,False,True,False,insufficient_reach,999.0,,0.66,1.015012874767415,0.0,0.0,3.8904673798851332,90.55028742925703,,149
lat1.2_h0.8_t5,1.2,0.8,7.0,1.4507902311797878,0.557887990952727,-13.416215925898378,-0.4428145052545021,3.2054630886566633,False,True,False,insufficient_reach,999.0,,0.48,1.0347091646189437,0.0,0.0,3.042107247889675,82.0862456502355,,149
lat1.2_h0.8_t6,1.2,0.8,7.0,1.2541812554487988,0.6048130884156204,-16.567139614760347,-0.12615063397502613,2.5611355083682525,False,True,False,insufficient_reach,999.0,,0.46,0.2834406592149463,0.0,0.0,3.303849762231779,78.71071347629984,,149
lat1.2_h0.8_t7,1.2,0.8,7.0,1.06675207642594,0.39482815646967123,-7.868370491613824,0.1473213814651417,4.884395989320173,False,True,False,insufficient_reach,999.0,,0.66,1.0021900023292007,0.0,0.0,3.9351010515725595,97.78869472659453,,149
lat1.2_h0.8_t8,1.2,0.8,7.0,0.9232554010693609,0.6689231101934339,-17.087560550289634,0.6241057162550367,2.470604204866431,False,True,False,insufficient_reach,999.0,,0.46,0.2366549807176534,0.0,0.0,3.3368142044086495,73.9920224448358,,149
lat1.2_h0.8_t9,1.2,0.8,7.0,1.6308328641758074,0.3021395954776891,-7.441663912827028,-0.4346076576992774,5.364619992004784,False,True,False,insufficient_reach,999.0,,0.7000000000000001,0.20512022669304253,0.0,0.0,3.7784541396127196,86.90969013307544,,149
lat1.2_h0.8_t10,1.2,0.8,7.0,0.7961258517321514,0.4698290428743822,-7.612687321884346,0.42881834325774854,4.9702411458343985,False,True,False,no_reaction,999.0,,nan,0.04426092047735456,0.0,0.0,1.9448592929395099,58.3981842480205,,149
lat1.2_h0.8_t11,1.2,0.8,7.0,0.8411261182993218,0.3003158044372875,-10.150818933205887,0.4947037259249525,4.247052852145314,False,True,False,insufficient_reach,999.0,,0.56,0.9691531684224913,0.0,0.0,3.4593703979771475,80.67865082626507,,149
lat1.2_h0.8_t12,1.2,0.8,7.0,1.6146164545151915,0.3834607652633724,-16.38937388944044,-0.9161888756863511,3.1401696325409323,False,True,False,insufficient_reach,999.0,,0.46,0.9958366824081684,0.0,0.0,3.2231017976767347,79.47237917767606,,149
lat1.2_h0.8_t13,1.2,0.8,7.0,0.8639317209532027,0.5943814242060712,-16.550895992975253,0.7514621903696005,2.65338131777818,False,True,False,insufficient_reach,999.0,,0.46,0.8729070885431457,0.0,0.0,3.424941630121194,81.56035114916132,,149
lat1.2_h0.8_t14,1.2,0.8,7.0,0.8712734106662395,0.5966551274470484,-10.913477296527681,0.4848227314248342,3.6256631228524,False,True,False,insufficient_reach,999.0,,0.54,0.9594456454562956,0.0,0.0,2.9809396476342505,84.49923452292676,,149
lat1.2_h0.8_t15,1.2,0.8,7.0,1.3881176592063502,0.3512752291241847,-9.002926278125315,-0.23590695509596876,4.474078922854814,False,True,False,insufficient_reach,999.0,,0.64,1.068637077187124,0.0,0.0,4.340725247607121,85.23670108467341,,149
lat1.2_h0.8_t16,1.2,0.8,7.0,0.9620350045068745,0.6526869225581585,-13.630978169887777,0.43398638375609644,2.9581882905527213,False,True,False,insufficient_reach,999.0,,0.48,0.9517602604973084,0.0,0.0,2.958987050933171,88.43312259449596,,149
lat1.2_h0.8_t17,1.2,0.8,7.0,0.7877176417199643,0.45661483984065165,-14.30281248681687,0.7961196955864422,3.203205585329257,False,True,False,insufficient_reach,999.0,,0.52,0.13903672121921645,0.0,0.0,2.3819750999473053,56.65792870320587,,149
lat1.2_h0.8_t18,1.2,0.8,7.0,0.9825408636624435,0.4512099797737608,-9.316047953147347,0.2733086875948062,4.341051608751792,False,True,False,insufficient_reach,999.0,,0.6,1.1427862271657983,0.0,0.0,3.8543616541841543,85.62712495775536,,149
lat1.2_h0.8_t19,1.2,0.8,7.0,1.4087656323456546,0.3995774099187491,-8.842703057258666,-0.25109717856357966,4.559700705715564,False,True,False,insufficient_reach,999.0,,0.66,1.2496732349622341,0.0,0.0,4.126819116685302,97.21451744732413,,149
lat1.2_h0.8_t20,1.2,0.8,7.0,1.0410478728306236,0.6213218294072134,-11.844338588310997,0.2646867571897522,3.2431302619256486,False,True,False,insufficient_reach,999.0,,0.52,1.0221673368769808,0.0,0.0,2.717521318416063,79.50595072472652,,149
lat1.2_h0.8_t21,1.2,0.8,7.0,0.7308246186993702,0.651681735034153,-10.307260419163986,0.6599450415134787,3.695741907043129,False,True,False,insufficient_reach,999.0,,0.56,1.0023418774424977,0.0,0.0,3.3005132233902104,94.0831881582224,,149
lat1.2_h0.8_t22,1.2,0.8,7.0,1.0419344935747266,0.6696873739370641,-7.596429393139907,0.16348502720936256,4.877180082403968,False,True,False,no_reaction,999.0,,nan,0.04426092047735359,0.0,0.0,1.9448592929395045,58.39818424802054,,149
lat1.2_h0.8_t23,1.2,0.8,7.0,0.919320401211382,0.4715549725400842,-9.847656600310534,0.3748117091175143,4.111729796165636,False,True,False,insufficient_reach,999.0,,0.66,0.05889157926072119,0.0,0.0,3.482265372084054,58.92101132781963,,149
lat1.2_h0.8_t24,1.2,0.8,7.0,1.6368534300910151,0.36581014895712494,-8.490421046750466,-0.522377791782508,4.621139866741359,False,True,False,no_reaction,999.0,,nan,0.04426092047735368,0.0,0.0,1.9448592929395045,58.39818424802055,,149
lat1.2_h0.8_t25,1.2,0.8,7.0,0.8230521235903249,0.6945399691776648,-12.755981551728455,0.6754320691410934,2.926370352058168,False,True,False,insufficient_reach,999.0,,0.5,1.0122232003141094,0.0,0.0,3.0099746246107117,79.96821499017183,,149
lat1.2_h0.8_t26,1.2,0.8,7.0,1.419459967669972,0.6418274656130564,-15.246783017369816,-0.4677515274848001,2.6384561223777836,False,True,False,insufficient_reach,999.0,,0.48,0.6387589522626038,0.0,0.0,3.8911463051754294,88.12887246750674,,149
lat1.2_h0.8_t27,1.2,0.8,7.0,0.7565156907967573,0.34135797465201656,-17.480596403856154,1.0749943612236361,3.1352729633417344,False,True,False,insufficient_reach,999.0,,0.46,0.9035335605824908,0.0,0.0,3.0820596777564147,81.32358450136093,,149
lat1.2_h0.8_t28,1.2,0.8,7.0,0.9534937532571903,0.6762149204411791,-13.677774799713237,0.4582317653927855,2.8687545043115126,False,True,False,insufficient_reach,999.0,,0.48,0.9543378207112168,0.0,0.0,3.000708679696402,80.57736357320077,,149
lat1.2_h0.8_t29,1.2,0.8,7.0,1.0811468820347354,0.46474091325779876,-9.832958569079974,0.1605941651008395,4.083111971459487,False,True,False,insufficient_reach,999.0,,0.56,0.7282810185018275,0.0,0.0,3.5916481752433347,81.45715458579586,,149
lat1.2_h0.8_t30,1.2,0.8,7.0,1.6440947859303645,0.43437846135157354,-11.219897546526273,-0.6618565939334663,3.836077566077136,False,True,False,insufficient_reach,999.0,,0.62,0.9881946585062652,0.0,0.0,4.1886808259469674,80.92895393130219,,149
lat1.2_h1.2_t1,1.2,1.2,7.0,1.11346576671016,0.7824810863607115,-15.754267190510687,0.18933875387699006,3.155291703945841,False,True,False,insufficient_reach,999.0,,0.46,0.8622144715570135,0.0,0.0,3.232987972186987,80.53455950924803,,149
lat1.2_h1.2_t2,1.2,1.2,7.0,1.3056992404598757,0.9767455632643377,-14.80454259653251,-0.21354600476398514,2.8788812538275232,False,True,False,insufficient_reach,999.0,,0.46,0.6369276407380176,0.0,0.0,3.8277498183459824,87.07336726069444,,149
lat1.2_h1.2_t3,1.2,1.2,7.0,1.1395077804475517,0.7268962536208146,-8.013548122794788,0.06564827147615232,5.033187284611499,False,True,False,insufficient_reach,999.0,,0.74,0.052250649622939155,0.0,0.0,4.012276957251116,46.075807644330496,,149
lat1.2_h1.2_t4,1.2,1.2,7.0,1.5321624537291183,0.8976046682397222,-8.300006747611235,-0.3721952106195991,4.71626608642123,False,True,False,insufficient_reach,999.0,,0.68,0.6650491576307264,0.0,0.0,3.72931377159738,94.05594580370231,,149
lat1.2_h1.2_t5,1.2,1.2,7.0,1.3979904714977924,1.0161039615766774,-17.765545481070045,-0.48505212444479084,2.452664575986623,False,True,False,insufficient_reach,999.0,,0.44,0.8529525562134601,0.0,0.0,3.0934327871862464,81.43866996205641,,149
lat1.2_h1.2_t6,1.2,1.2,7.0,1.1105227843514278,0.7925394852800601,-10.482706650992565,0.12830254780393463,4.004972441343752,False,True,False,insufficient_reach,999.0,,0.54,0.9574467833852721,0.0,0.0,4.0971383016904515,80.42387859968743,,149
lat1.2_h1.2_t7,1.2,1.2,7.0,0.898130741823577,0.7036803590501517,-13.75962444354766,0.5827444090044723,3.4989761567579203,False,True,False,insufficient_reach,999.0,,0.48,0.6765630791443237,0.0,0.0,3.3615711292552746,85.62049255696841,,149
lat1.2_h1.2_t8,1.2,1.2,7.0,0.8937170507762978,0.8383314281238374,-12.86240700499596,0.5192774505918869,3.506272024544113,False,True,False,insufficient_reach,999.0,,0.5,0.9077115166720854,0.0,0.0,3.5184800069541775,82.35068652179196,,149
lat1.2_h1.2_t9,1.2,1.2,7.0,0.7319944601443247,1.0760719338916964,-18.56367371829684,1.155366980410731,2.2928144209780736,False,True,False,insufficient_reach,999.0,,0.42,0.787754928696615,0.0,0.0,2.9966813832415498,79.32635262057033,,149
lat1.2_h1.2_t10,1.2,1.2,7.0,1.3537779229561564,0.8548200047739547,-10.219968665504721,-0.21319162562118418,4.016584881670582,False,True,False,no_reaction,999.0,,nan,0.044260920477352333,0.0,0.0,1.9448592929395025,58.398184248021344,,149
lat1.2_h1.2_t11,1.2,1.2,7.0,1.1572304196195442,0.9198489204424138,-16.69635609516271,0.10019556027055967,2.7500584830640116,False,True,False,insufficient_reach,999.0,,0.44,0.8564946374868418,0.0,0.0,2.785392535181418,80.3627696434739,,149
lat1.2_h1.2_t12,1.2,1.2,7.0,0.9100473372920695,0.8576334594040127,-16.23029972274577,0.6265231860541869,3.009794159024397,False,True,False,insufficient_reach,999.0,,0.44,0.8797830818659051,0.0,0.0,2.9789026480124843,82.15176330852738,,149
lat1.2_h1.2_t13,1.2,1.2,7.0,1.203570074403555,1.0206570359325469,-11.20969283181336,-0.005577429358581415,3.4198395636909575,False,True,False,insufficient_reach,999.0,,0.52,0.982566007591132,0.0,0.0,3.86883393003229,82.02085061999041,,149
lat1.2_h1.2_t14,1.2,1.2,7.0,1.4060581146380309,0.8961817634079138,-10.83630325063481,-0.29675628981813845,3.843422087962231,False,True,False,insufficient_reach,999.0,,0.7000000000000001,0.05574476674103415,0.0,0.0,4.040944201968551,58.13389576151512,,149
lat1.2_h1.2_t15,1.2,1.2,7.0,0.9211476101106933,0.807647901055204,-7.936475858198877,0.2995333565492477,4.987790138308301,False,True,False,no_reaction,999.0,,nan,0.044260920477354,0.0,0.0,1.9448592929395023,58.39818424802048,,149
lat1.2_h1.2_t16,1.2,1.2,7.0,0.8303516797147917,1.018427410158775,-17.810718935877055,0.8667275391259335,2.5176600864696264,False,True,False,insufficient_reach,999.0,,0.5,0.12927762589701144,0.0,0.0,2.166862998433517,77.87427891366528,,149
lat1.2_h1.2_t17,1.2,1.2,7.0,1.1129111895892132,0.9149975014692937,-10.84424436434727,0.12524822276648234,3.820473316117504,False,True,False,insufficient_reach,999.0,,0.54,0.9814390884929323,0.0,0.0,3.3677170459988965,81.73451491142691,,149
lat1.2_h1.2_t18,1.2,1.2,7.0,1.3805830929187672,0.7485059573436545,-17.992643949037024,-0.4498736324033336,3.093683153979317,False,True,False,insufficient_reach,999.0,,0.44,0.6565878740604019,0.0,0.0,2.8580465774600654,83.01257385054545,,149
lat1.2_h1.2_t19,1.2,1.2,7.0,1.4120719922479306,0.7713802696393498,-11.481889724430536,-0.3279921812583784,3.8343636550916416,False,True,False,insufficient_reach,999.0,,0.52,0.6763644039891246,0.0,0.0,3.003726452831666,80.5208397261039,,149
lat1.2_h1.2_t20,1.2,1.2,7.0,1.553346497608724,1.0453965801851273,-7.498492632377355,-0.36645145374357446,4.889925840391173,False,True,False,insufficient_reach,999.0,,0.7000000000000001,1.0072348444642343,0.0,0.0,3.4297951802392883,105.85015923984103,,149
lat1.2_h1.2_t21,1.2,1.2,7.0,1.4692505592415865,0.9386891960424868,-14.982841158124623,-0.5371044706981771,2.980143449350136,False,True,False,insufficient_reach,999.0,,0.46,0.9629728515489311,0.0,0.0,2.858610069558664,82.45553579450394,,149
lat1.2_h1.2_t22,1.2,1.2,7.0,1.2097570669008713,0.9341043502039386,-12.844624744206646,-0.017501303227523947,3.2115012754016705,False,True,False,insufficient_reach,999.0,,0.5,0.9744527543202621,0.0,0.0,3.3906336255911667,81.07292569642259,,149
lat1.2_h1.2_t23,1.2,1.2,7.0,1.3410060573207012,1.0605036831186252,-10.626960218844316,-0.20578353750387998,3.5645619660136685,False,True,False,insufficient_reach,999.0,,0.6,1.1553591920814628,0.0,0.0,3.9754810786303514,89.68692434590443,,149
lat1.2_h1.2_t24,1.2,1.2,7.0,1.324943770407832,0.9915482037954382,-11.40254123275437,-0.19868761554074987,3.4159695637168688,False,True,False,insufficient_reach,999.0,,0.52,0.7042852493649465,0.0,0.0,2.9769140758285326,87.07379838782566,,149
lat1.2_h1.2_t25,1.2,1.2,7.0,0.7632626718206748,0.9412055453458352,-13.352364566947028,0.7698210865320573,3.238887700610838,False,True,False,insufficient_reach,999.0,,0.5,0.8915999285256891,0.0,0.0,3.4956905573986528,80.86140189252708,,149
lat1.2_h1.2_t26,1.2,1.2,7.0,1.3693483507627962,1.032629570364181,-7.8662647456679196,-0.18087660962624424,4.771141477621639,False,True,False,insufficient_reach,999.0,,0.66,0.9066466223043752,0.0,0.0,3.929440605558373,107.767859297934,,149
lat1.2_h1.2_t27,1.2,1.2,7.0,1.0149332274589324,0.7515915631708661,-17.817210460797135,0.43734990729845086,3.1352540522639893,False,True,False,insufficient_reach,999.0,,0.46,0.4587624072943703,0.0,0.0,4.404928244625833,88.61314139562225,,149
lat1.2_h1.2_t28,1.2,1.2,7.0,1.3883307623326768,0.941652251542614,-14.90869631841677,-0.3947328682094844,2.881706956849917,False,True,False,insufficient_reach,999.0,,0.46,0.738746072340801,0.0,0.0,3.3449849679825396,86.09455493063413,,149
lat1.2_h1.2_t29,1.2,1.2,7.0,0.9592153337719864,0.7075710562045853,-13.216417556543322,0.4455648644786775,3.5619026769142628,False,True,False,insufficient_reach,999.0,,0.5,0.9133697938921252,0.0,0.0,3.10979516995926,80.80253574979466,,149
lat1.2_h1.2_t30,1.2,1.2,7.0,1.1108090010096805,0.7073486618152417,-7.667715988977762,0.09399264289642431,5.17360000251047,False,True,False,insufficient_reach,999.0,,0.66,0.683069449916065,0.0,0.0,3.8020059318168093,93.50230220678124,,149
lat1.2_h1.6_t1,1.2,1.6,7.0,1.4537806010864154,1.278885496317514,-8.390855060316255,-0.28746077286715205,4.6940393794101185,False,True,False,no_reaction,999.0,,nan,0.04426092047735307,0.0,0.0,1.944859292939494,58.39818424802066,,149
lat1.2_h1.6_t2,1.2,1.6,7.0,1.538971096674068,1.2190694862371383,-10.528755034354688,-0.4914860808430373,3.9352346158695273,False,True,False,no_reaction,999.0,,nan,0.04426092047735312,0.0,0.0,1.944859292939512,58.398184248020755,,149
lat1.2_h1.6_t3,1.2,1.6,7.0,1.6132997116000336,1.3434332618559635,-15.436743891871297,-0.8571315933059507,2.8972258094817622,False,True,False,insufficient_reach,999.0,,0.46,1.026525068525815,0.0,0.0,3.246223252916278,86.28725455793248,,149
lat1.2_h1.6_t4,1.2,1.6,7.0,0.9595504332730825,1.2169564095390961,-7.5907839744582315,0.24619301317893838,5.1827641409376275,False,True,False,insufficient_reach,999.0,,0.68,0.3311199088603517,0.0,0.0,3.2731596539285523,79.22414608862232,,149
lat1.2_h1.6_t5,1.2,1.6,7.0,1.04534397792633,1.496422603495635,-8.620083270476682,0.18383812664889698,4.249511351305191,False,True,False,no_reaction,999.0,,nan,0.04426092047735364,0.0,0.0,1.9448592929394966,58.398184248020556,,149
lat1.2_h1.6_t6,1.2,1.6,7.0,1.5210783619982409,1.136938335578173,-11.094224955212594,-0.4995097185764138,3.873267047520633,False,True,False,no_reaction,999.0,,nan,0.04426092047735481,0.0,0.0,1.9448592929394943,58.398184248020506,,149
lat1.2_h1.6_t7,1.2,1.6,7.0,1.5430369469277032,1.259528610769623,-17.13896744914427,-0.7906079972273535,2.9129257928783985,False,True,False,insufficient_reach,999.0,,0.44,0.9739479849347575,0.0,0.0,2.843456907585004,86.32202870378445,,149
lat1.2_h1.6_t8,1.2,1.6,7.0,1.5032634006271282,1.2088010294923959,-11.312156484955599,-0.4731651603138583,3.7541035156758364,False,True,False,insufficient_reach,999.0,,0.6,0.5641317995410509,0.0,0.0,3.8688623574414414,90.33792966680863,,149
lat1.2_h1.6_t9,1.2,1.6,7.0,1.0364611625772122,1.3356625509575153,-13.795446180832819,0.3122649214283866,3.073570177086229,False,True,False,insufficient_reach,999.0,,0.48,0.9766652823100619,0.0,0.0,3.8271333733785196,88.13521050183537,,149
lat1.2_h1.6_t10,1.2,1.6,7.0,0.7106722878488341,1.410622988714088,-8.50772662185566,0.5776594116826436,4.378523851642417,False,True,False,insufficient_reach,999.0,,0.62,0.9528452915191172,0.0,0.0,3.809679695318514,95.8876850607667,,149
lat1.2_h1.6_t11,1.2,1.6,7.0,1.0782067838730778,1.4175582620778067,-16.99714496991662,0.27954221546040703,2.5557940306746145,False,True,False,insufficient_reach,999.0,,0.46,0.6200760596360225,0.0,0.0,3.3741913585877943,84.67726207567566,,149
lat1.2_h1.6_t12,1.2,1.6,7.0,0.9690522287421629,1.4247558574273267,-8.223790398929053,0.25362090715431124,4.658952699371684,False,True,False,insufficient_reach,999.0,,0.64,0.910979242118481,0.0,0.0,3.8048454191419405,89.91589438347008,,149
lat1.2_h1.6_t13,1.2,1.6,7.0,1.6421579170299934,1.455143739894221,-16.97764865602231,-1.0243341863797166,2.452846936623372,False,True,False,insufficient_reach,999.0,,0.46,0.709306595508405,0.0,0.0,3.355480429322536,87.35161119700933,,149
lat1.2_h1.6_t14,1.2,1.6,7.0,0.9713881882367648,1.288643428296437,-8.863684654590815,0.27007476724284296,4.519791646858654,False,True,False,no_reaction,999.0,,nan,0.04426092047735453,0.0,0.0,1.944859292939494,58.398184248020634,,149
lat1.2_h1.6_t15,1.2,1.6,7.0,1.4058824446817215,1.4646554758941215,-10.787051453428113,-0.31033270949465364,3.4581079132599974,False,True,False,insufficient_reach,999.0,,0.58,1.044451345864364,0.0,0.0,3.898978432296254,100.5915809400147,,149
lat1.2_h1.6_t16,1.2,1.6,7.0,0.8831982451266348,1.357109464647317,-8.42224450993897,0.36654971796258645,4.520327686541159,False,True,False,no_reaction,999.0,,nan,0.04426092047735582,0.0,0.0,1.9448592929395068,58.39818424802051,,149
lat1.2_h1.6_t17,1.2,1.6,7.0,1.1334636997331238,1.2586910401873543,-7.817651940464056,0.0726343845665171,4.865786458465934,False,True,False,insufficient_reach,999.0,,0.66,1.0524615169034999,0.0,0.0,3.7002112935547546,89.92147567195552,,149
lat1.2_h1.6_t18,1.2,1.6,7.0,0.9380852128071175,1.4281107439074618,-14.444398422780441,0.5324760478589533,2.762128732017826,False,True,False,insufficient_reach,999.0,,0.48,0.6362384576373783,0.0,0.0,3.151795815197193,83.66507172145648,,149
lat1.2_h1.6_t19,1.2,1.6,7.0,1.4154362032765404,1.127669676202167,-13.158119856216038,-0.3956392746030239,3.538318363599571,False,True,False,insufficient_reach,999.0,,0.5,0.5574698518966512,0.0,0.0,4.140244985065628,90.5208230601984,,149
lat1.2_h1.6_t20,1.2,1.6,7.0,1.4304162650197356,1.313150573878699,-12.954503533785786,-0.40459451122218915,3.2970808656185757,False,True,False,insufficient_reach,999.0,,0.5,0.3860990217368054,0.0,0.0,4.1800739509550295,89.65262747853497,,149
lat1.2_h1.6_t21,1.2,1.6,7.0,1.4776803762748927,1.3955205533072759,-7.499218006326757,-0.2860132041366453,4.9727112958655155,False,True,False,insufficient_reach,999.0,,0.68,0.8603906070731256,0.0,0.0,3.6045986916843904,109.61675621338438,,149
lat1.2_h1.6_t22,1.2,1.6,7.0,1.115774313581574,1.4401507677198824,-11.013171372053723,0.1259419037890988,3.519319238077466,False,True,False,insufficient_reach,999.0,,0.54,1.0009517566592308,0.0,0.0,4.21188346204719,85.09520955205873,,149
lat1.2_h1.6_t23,1.2,1.6,7.0,0.9303428321023511,1.3244027345659684,-13.398237601263238,0.4958524273041037,3.174239046308365,False,True,False,insufficient_reach,999.0,,0.48,0.9647427243486243,0.0,0.0,3.436362221286042,83.29459337744213,,149
lat1.2_h1.6_t24,1.2,1.6,7.0,1.109225480191796,1.3992934865974038,-12.762324989367341,0.1533064030945788,3.243275341053656,False,True,False,insufficient_reach,999.0,,0.48,0.9763506612956326,0.0,0.0,3.6655803279907393,86.1272074006533,,149
lat1.2_h1.6_t25,1.2,1.6,7.0,1.462992936289694,1.2544623674375286,-13.67938623797266,-0.47944280676565215,3.320506233388097,False,True,False,insufficient_reach,999.0,,0.48,1.0199008542913162,0.0,0.0,3.6291047684276,87.11375314271625,,149
lat1.2_h1.6_t26,1.2,1.6,7.0,1.1279146901877852,1.1789894334742732,-8.01063403365654,0.07616905186928348,5.086883848825766,False,True,False,insufficient_reach,999.0,,0.64,0.5296641475618538,0.0,0.0,3.911524092917121,87.58180240953465,,149
lat1.2_h1.6_t27,1.2,1.6,7.0,1.486483034295906,1.1072240879039843,-8.833444104096136,-0.3533059445289294,4.585004575544754,False,True,False,no_reaction,999.0,,nan,0.044260920477354325,0.0,0.0,1.9448592929395012,58.39818424802055,,149
lat1.2_h1.6_t28,1.2,1.6,7.0,1.0127607274218158,1.4307228451124132,-12.479167702925837,0.31279021231484794,3.218964674169781,False,True,False,insufficient_reach,999.0,,0.5,0.39984938395619407,0.0,0.0,4.42042959808957,88.76438828668655,,149
lat1.2_h1.6_t29,1.2,1.6,7.0,1.3791583457435568,1.4939801265446577,-8.6663907121185,-0.20444024010923884,4.419409010500488,False,True,False,no_reaction,999.0,,nan,0.044260920477354256,0.0,0.0,1.9448592929395037,58.39818424802064,,149
lat1.2_h1.6_t30,1.2,1.6,7.0,0.9623049313844395,1.4355551596503098,-11.866174445288046,0.3942633596841314,3.2299096392059723,False,True,False,insufficient_reach,999.0,,0.52,0.9217233943575694,0.0,0.0,3.1653904682613034,85.16035007537121,,149
